-- MySQL dump 10.13  Distrib 5.7.17, for macos10.12 (x86_64)
--
-- Host: 127.0.0.1    Database: kt_fst_2
-- ------------------------------------------------------
-- Server version	5.7.18

/*!40101 SET @OLD_CHARACTER_SET_CLIENT=@@CHARACTER_SET_CLIENT */;
/*!40101 SET @OLD_CHARACTER_SET_RESULTS=@@CHARACTER_SET_RESULTS */;
/*!40101 SET @OLD_COLLATION_CONNECTION=@@COLLATION_CONNECTION */;
/*!40101 SET NAMES utf8 */;
/*!40103 SET @OLD_TIME_ZONE=@@TIME_ZONE */;
/*!40103 SET TIME_ZONE='+00:00' */;
/*!40014 SET @OLD_UNIQUE_CHECKS=@@UNIQUE_CHECKS, UNIQUE_CHECKS=0 */;
/*!40014 SET @OLD_FOREIGN_KEY_CHECKS=@@FOREIGN_KEY_CHECKS, FOREIGN_KEY_CHECKS=0 */;
/*!40101 SET @OLD_SQL_MODE=@@SQL_MODE, SQL_MODE='NO_AUTO_VALUE_ON_ZERO' */;
/*!40111 SET @OLD_SQL_NOTES=@@SQL_NOTES, SQL_NOTES=0 */;

--
-- Table structure for table `artderweiterverarbeitung`
--

DROP TABLE IF EXISTS `artderweiterverarbeitung`;
/*!40101 SET @saved_cs_client     = @@character_set_client */;
/*!40101 SET character_set_client = utf8 */;
CREATE TABLE `artderweiterverarbeitung` (
  `ID` bigint(20) NOT NULL AUTO_INCREMENT,
  `DESCRIPTION` varchar(255) DEFAULT NULL,
  `LABEL` varchar(255) DEFAULT NULL,
  `PRICE` decimal(10,2) DEFAULT NULL,
  PRIMARY KEY (`ID`)
) ENGINE=InnoDB DEFAULT CHARSET=utf8;
/*!40101 SET character_set_client = @saved_cs_client */;

--
-- Dumping data for table `artderweiterverarbeitung`
--

LOCK TABLES `artderweiterverarbeitung` WRITE;
/*!40000 ALTER TABLE `artderweiterverarbeitung` DISABLE KEYS */;
/*!40000 ALTER TABLE `artderweiterverarbeitung` ENABLE KEYS */;
UNLOCK TABLES;

--
-- Table structure for table `auflage`
--

DROP TABLE IF EXISTS `auflage`;
/*!40101 SET @saved_cs_client     = @@character_set_client */;
/*!40101 SET character_set_client = utf8 */;
CREATE TABLE `auflage` (
  `ID` int(11) NOT NULL AUTO_INCREMENT,
  `DESCRIPTION` varchar(255) DEFAULT NULL,
  `PRICE` decimal(10,2) DEFAULT NULL,
  PRIMARY KEY (`ID`)
) ENGINE=InnoDB AUTO_INCREMENT=28 DEFAULT CHARSET=utf8;
/*!40101 SET character_set_client = @saved_cs_client */;

--
-- Dumping data for table `auflage`
--

LOCK TABLES `auflage` WRITE;
/*!40000 ALTER TABLE `auflage` DISABLE KEYS */;
INSERT INTO `auflage` VALUES (1,'50',50.00),(2,'100',100.00),(3,'150',150.00),(4,'200',200.00),(5,'500',500.00),(6,'750',750.00),(7,'1000',1000.00),(8,'1250',1250.00),(9,'1500',1500.00),(10,'1750',1750.00),(11,'2000',2000.00),(12,'2500',2500.00),(13,'3000',3000.00),(14,'3500',3500.00),(15,'4000',4000.00),(16,'4500',4500.00),(17,'5000',5000.00),(18,'5500',5500.00),(19,'6000',6000.00),(20,'6500',6500.00),(21,'7000',7000.00),(22,'7500',7500.00),(23,'8000',8000.00),(24,'8500',8500.00),(25,'9000',9000.00),(26,'9500',9500.00),(27,'10000',10000.00);
/*!40000 ALTER TABLE `auflage` ENABLE KEYS */;
UNLOCK TABLES;

--
-- Table structure for table `auflageseitencovermatrix`
--

DROP TABLE IF EXISTS `auflageseitencovermatrix`;
/*!40101 SET @saved_cs_client     = @@character_set_client */;
/*!40101 SET character_set_client = utf8 */;
CREATE TABLE `auflageseitencovermatrix` (
  `ID` bigint(20) NOT NULL AUTO_INCREMENT,
  `PRICE` decimal(10,2) DEFAULT NULL,
  `AUFLAGE_ID` int(11) DEFAULT NULL,
  `BAUKASTEN_ID` bigint(20) DEFAULT NULL,
  `COVER_ID` varchar(255) DEFAULT NULL,
  `FARBIGKEIT_ID` varchar(255) DEFAULT NULL,
  `FORMATAUSWAEHLEN_ID` varchar(255) DEFAULT NULL,
  `SEITEN_ID` bigint(20) DEFAULT NULL,
  PRIMARY KEY (`ID`),
  KEY `FK_AUFLAGESEITENCOVERMATRIX_SEITEN_ID` (`SEITEN_ID`),
  KEY `FK_AUFLAGESEITENCOVERMATRIX_FORMATAUSWAEHLEN_ID` (`FORMATAUSWAEHLEN_ID`),
  KEY `FK_AUFLAGESEITENCOVERMATRIX_COVER_ID` (`COVER_ID`),
  KEY `FK_AUFLAGESEITENCOVERMATRIX_AUFLAGE_ID` (`AUFLAGE_ID`),
  KEY `FK_AUFLAGESEITENCOVERMATRIX_FARBIGKEIT_ID` (`FARBIGKEIT_ID`),
  KEY `FK_AUFLAGESEITENCOVERMATRIX_BAUKASTEN_ID` (`BAUKASTEN_ID`),
  CONSTRAINT `FK_AUFLAGESEITENCOVERMATRIX_AUFLAGE_ID` FOREIGN KEY (`AUFLAGE_ID`) REFERENCES `auflage` (`ID`),
  CONSTRAINT `FK_AUFLAGESEITENCOVERMATRIX_BAUKASTEN_ID` FOREIGN KEY (`BAUKASTEN_ID`) REFERENCES `baukasten` (`ID`),
  CONSTRAINT `FK_AUFLAGESEITENCOVERMATRIX_COVER_ID` FOREIGN KEY (`COVER_ID`) REFERENCES `cover` (`ID`),
  CONSTRAINT `FK_AUFLAGESEITENCOVERMATRIX_FARBIGKEIT_ID` FOREIGN KEY (`FARBIGKEIT_ID`) REFERENCES `farbigkeit` (`ID`),
  CONSTRAINT `FK_AUFLAGESEITENCOVERMATRIX_FORMATAUSWAEHLEN_ID` FOREIGN KEY (`FORMATAUSWAEHLEN_ID`) REFERENCES `formatauswaehlen` (`ID`),
  CONSTRAINT `FK_AUFLAGESEITENCOVERMATRIX_SEITEN_ID` FOREIGN KEY (`SEITEN_ID`) REFERENCES `seiten` (`ID`)
) ENGINE=InnoDB AUTO_INCREMENT=5675 DEFAULT CHARSET=utf8;
/*!40101 SET character_set_client = @saved_cs_client */;

--
-- Dumping data for table `auflageseitencovermatrix`
--

LOCK TABLES `auflageseitencovermatrix` WRITE;
/*!40000 ALTER TABLE `auflageseitencovermatrix` DISABLE KEYS */;
INSERT INTO `auflageseitencovermatrix` VALUES (5,0.00,1,1502,'Softcover','4/4 c','A4',79),(6,10.07,1,1502,'Softcover','4/4 c','A4',80),(7,12.32,1,1502,'Softcover','4/4 c','A4',81),(8,15.07,1,1502,'Softcover','4/4 c','A4',82),(9,18.10,1,1502,'Softcover','4/4 c','A4',83),(10,20.99,1,1502,'Softcover','4/4 c','A4',84),(11,31.00,1,1502,'Softcover','4/4 c','A4',85),(12,35.05,1,1502,'Softcover','4/4 c','A4',86),(13,44.77,1,1502,'Softcover','4/4 c','A4',87),(14,64.71,1,1502,'Softcover','4/4 c','A4',88),(15,77.99,1,1502,'Softcover','4/4 c','A4',89),(16,91.52,1,1502,'Softcover','4/4 c','A4',90),(17,106.78,1,1502,'Softcover','4/4 c','A4',91),(18,118.22,1,1502,'Softcover','4/4 c','A4',92),(19,133.54,1,1502,'Softcover','4/4 c','A4',93),(20,154.55,1,1502,'Softcover','4/4 c','A4',94),(21,168.08,1,1502,'Softcover','4/4 c','A4',95),(22,181.94,1,1502,'Softcover','4/4 c','A4',96),(23,196.02,1,1502,'Softcover','4/4 c','A4',97),(24,211.46,1,1502,'Softcover','4/4 c','A4',98),(25,224.10,1,1502,'Softcover','4/4 c','A4',99),(26,235.44,1,1502,'Softcover','4/4 c','A4',100),(27,249.16,1,1502,'Softcover','4/4 c','A4',101),(28,270.00,1,1502,'Softcover','4/4 c','A4',102),(29,284.04,1,1502,'Softcover','4/4 c','A4',103),(30,305.30,1,1502,'Softcover','4/4 c','A4',104),(31,314.97,1,1502,'Softcover','4/4 c','A4',105),(32,325.89,1,1502,'Softcover','4/4 c','A4',106),(33,339.82,1,1502,'Softcover','4/4 c','A4',107),(34,353.76,1,1502,'Softcover','4/4 c','A4',108),(35,367.70,1,1502,'Softcover','4/4 c','A4',109),(36,385.92,1,1502,'Softcover','4/4 c','A4',110),(37,406.29,1,1502,'Softcover','4/4 c','A4',111),(38,420.22,1,1502,'Softcover','4/4 c','A4',112),(39,434.16,1,1502,'Softcover','4/4 c','A4',113),(40,453.46,1,1502,'Softcover','4/4 c','A4',114),(41,463.10,1,1502,'Softcover','4/4 c','A4',115),(42,481.33,1,1502,'Softcover','4/4 c','A4',116),(43,490.98,1,1502,'Softcover','4/4 c','A4',117),(44,515.52,1,1502,'Softcover','4/4 c','A4',118),(45,522.58,1,1502,'Softcover','4/4 c','A4',119),(46,3.18,1,1502,'Softcover','4/4 c','A5',78),(47,6.36,1,1502,'Softcover','4/4 c','A5',79),(48,5.57,1,1502,'Softcover','4/4 c','A5',80),(49,7.07,1,1502,'Softcover','4/4 c','A5',81),(50,8.89,1,1502,'Softcover','4/4 c','A5',82),(51,11.08,1,1502,'Softcover','4/4 c','A5',83),(52,13.43,1,1502,'Softcover','4/4 c','A5',84),(53,19.84,1,1502,'Softcover','4/4 c','A5',85),(54,22.43,1,1502,'Softcover','4/4 c','A5',86),(55,28.65,1,1502,'Softcover','4/4 c','A5',87),(56,41.42,1,1502,'Softcover','4/4 c','A5',88),(57,49.91,1,1502,'Softcover','4/4 c','A5',89),(58,58.57,1,1502,'Softcover','4/4 c','A5',90),(59,68.34,1,1502,'Softcover','4/4 c','A5',91),(60,75.66,1,1502,'Softcover','4/4 c','A5',92),(61,85.47,1,1502,'Softcover','4/4 c','A5',93),(62,98.91,1,1502,'Softcover','4/4 c','A5',94),(63,107.57,1,1502,'Softcover','4/4 c','A5',95),(64,116.44,1,1502,'Softcover','4/4 c','A5',96),(65,125.45,1,1502,'Softcover','4/4 c','A5',97),(66,135.33,1,1502,'Softcover','4/4 c','A5',98),(67,143.42,1,1502,'Softcover','4/4 c','A5',99),(68,150.68,1,1502,'Softcover','4/4 c','A5',100),(69,159.46,1,1502,'Softcover','4/4 c','A5',101),(70,172.80,1,1502,'Softcover','4/4 c','A5',102),(71,181.79,1,1502,'Softcover','4/4 c','A5',103),(72,195.39,1,1502,'Softcover','4/4 c','A5',104),(73,201.58,1,1502,'Softcover','4/4 c','A5',105),(74,208.57,1,1502,'Softcover','4/4 c','A5',106),(75,217.49,1,1502,'Softcover','4/4 c','A5',107),(76,226.41,1,1502,'Softcover','4/4 c','A5',108),(77,235.33,1,1502,'Softcover','4/4 c','A5',109),(78,246.99,1,1502,'Softcover','4/4 c','A5',110),(79,260.02,1,1502,'Softcover','4/4 c','A5',111),(80,268.94,1,1502,'Softcover','4/4 c','A5',112),(81,277.86,1,1502,'Softcover','4/4 c','A5',113),(82,290.21,1,1502,'Softcover','4/4 c','A5',114),(83,296.39,1,1502,'Softcover','4/4 c','A5',115),(84,308.05,1,1502,'Softcover','4/4 c','A5',116),(85,314.22,1,1502,'Softcover','4/4 c','A5',117),(86,329.94,1,1502,'Softcover','4/4 c','A5',118),(87,334.45,1,1502,'Softcover','4/4 c','A5',119),(88,2.29,1,1502,'Softcover','4/4 c','A6',78),(89,4.58,1,1502,'Softcover','4/4 c','A6',79),(90,2.90,1,1502,'Softcover','4/4 c','A6',80),(91,3.71,1,1502,'Softcover','4/4 c','A6',81),(92,4.71,1,1502,'Softcover','4/4 c','A6',82),(93,5.93,1,1502,'Softcover','4/4 c','A6',83),(94,7.25,1,1502,'Softcover','4/4 c','A6',84),(95,10.71,1,1502,'Softcover','4/4 c','A6',85),(96,12.11,1,1502,'Softcover','4/4 c','A6',86),(97,15.47,1,1502,'Softcover','4/4 c','A6',87),(98,22.36,1,1502,'Softcover','4/4 c','A6',88),(99,26.95,1,1502,'Softcover','4/4 c','A6',89),(100,31.63,1,1502,'Softcover','4/4 c','A6',90),(101,36.90,1,1502,'Softcover','4/4 c','A6',91),(102,40.86,1,1502,'Softcover','4/4 c','A6',92),(103,46.15,1,1502,'Softcover','4/4 c','A6',93),(104,53.41,1,1502,'Softcover','4/4 c','A6',94),(105,58.09,1,1502,'Softcover','4/4 c','A6',95),(106,62.88,1,1502,'Softcover','4/4 c','A6',96),(107,67.74,1,1502,'Softcover','4/4 c','A6',97),(108,73.08,1,1502,'Softcover','4/4 c','A6',98),(109,77.45,1,1502,'Softcover','4/4 c','A6',99),(110,81.37,1,1502,'Softcover','4/4 c','A6',100),(111,86.11,1,1502,'Softcover','4/4 c','A6',101),(112,93.31,1,1502,'Softcover','4/4 c','A6',102),(113,98.16,1,1502,'Softcover','4/4 c','A6',103),(114,105.51,1,1502,'Softcover','4/4 c','A6',104),(115,108.86,1,1502,'Softcover','4/4 c','A6',105),(116,112.63,1,1502,'Softcover','4/4 c','A6',106),(117,117.44,1,1502,'Softcover','4/4 c','A6',107),(118,122.26,1,1502,'Softcover','4/4 c','A6',108),(119,127.08,1,1502,'Softcover','4/4 c','A6',109),(120,133.37,1,1502,'Softcover','4/4 c','A6',110),(121,140.41,1,1502,'Softcover','4/4 c','A6',111),(122,145.23,1,1502,'Softcover','4/4 c','A6',112),(123,150.05,1,1502,'Softcover','4/4 c','A6',113),(124,156.71,1,1502,'Softcover','4/4 c','A6',114),(125,160.05,1,1502,'Softcover','4/4 c','A6',115),(126,166.35,1,1502,'Softcover','4/4 c','A6',116),(127,169.68,1,1502,'Softcover','4/4 c','A6',117),(128,178.17,1,1502,'Softcover','4/4 c','A6',118),(129,180.60,1,1502,'Softcover','4/4 c','A6',119),(130,0.00,1,1502,'Softcover','4/4 c','E5PLUS',78),(131,0.00,1,1502,'Softcover','4/4 c','E5PLUS',79),(132,5.87,1,1502,'Softcover','4/4 c','E5PLUS',80),(133,7.38,1,1502,'Softcover','4/4 c','E5PLUS',81),(134,9.20,1,1502,'Softcover','4/4 c','E5PLUS',82),(135,11.36,1,1502,'Softcover','4/4 c','E5PLUS',83),(136,13.64,1,1502,'Softcover','4/4 c','E5PLUS',84),(137,20.15,1,1502,'Softcover','4/4 c','E5PLUS',85),(138,22.78,1,1502,'Softcover','4/4 c','E5PLUS',86),(139,29.10,1,1502,'Softcover','4/4 c','E5PLUS',87),(140,42.06,1,1502,'Softcover','4/4 c','E5PLUS',88),(141,50.69,1,1502,'Softcover','4/4 c','E5PLUS',89),(142,59.49,1,1502,'Softcover','4/4 c','E5PLUS',90),(143,69.41,1,1502,'Softcover','4/4 c','E5PLUS',91),(144,76.84,1,1502,'Softcover','4/4 c','E5PLUS',92),(145,86.80,1,1502,'Softcover','4/4 c','E5PLUS',93),(146,100.46,1,1502,'Softcover','4/4 c','E5PLUS',94),(147,109.25,1,1502,'Softcover','4/4 c','E5PLUS',95),(148,118.26,1,1502,'Softcover','4/4 c','E5PLUS',96),(149,127.41,1,1502,'Softcover','4/4 c','E5PLUS',97),(150,137.45,1,1502,'Softcover','4/4 c','E5PLUS',98),(151,145.67,1,1502,'Softcover','4/4 c','E5PLUS',99),(152,153.04,1,1502,'Softcover','4/4 c','E5PLUS',100),(153,161.95,1,1502,'Softcover','4/4 c','E5PLUS',101),(154,175.50,1,1502,'Softcover','4/4 c','E5PLUS',102),(155,184.63,1,1502,'Softcover','4/4 c','E5PLUS',103),(156,198.45,1,1502,'Softcover','4/4 c','E5PLUS',104),(157,204.73,1,1502,'Softcover','4/4 c','E5PLUS',105),(158,211.83,1,1502,'Softcover','4/4 c','E5PLUS',106),(159,220.89,1,1502,'Softcover','4/4 c','E5PLUS',107),(160,229.94,1,1502,'Softcover','4/4 c','E5PLUS',108),(161,239.00,1,1502,'Softcover','4/4 c','E5PLUS',109),(162,250.85,1,1502,'Softcover','4/4 c','E5PLUS',110),(163,264.09,1,1502,'Softcover','4/4 c','E5PLUS',111),(164,273.15,1,1502,'Softcover','4/4 c','E5PLUS',112),(165,282.20,1,1502,'Softcover','4/4 c','E5PLUS',113),(166,294.75,1,1502,'Softcover','4/4 c','E5PLUS',114),(167,301.02,1,1502,'Softcover','4/4 c','E5PLUS',115),(168,312.86,1,1502,'Softcover','4/4 c','E5PLUS',116),(169,319.13,1,1502,'Softcover','4/4 c','E5PLUS',117),(170,335.09,1,1502,'Softcover','4/4 c','E5PLUS',118),(171,339.68,1,1502,'Softcover','4/4 c','E5PLUS',119),(172,0.00,1,1502,'Softcover','4/4 c','F1926',78),(173,0.00,1,1502,'Softcover','4/4 c','F1926',79),(174,9.88,1,1502,'Softcover','4/4 c','F1926',80),(175,12.31,1,1502,'Softcover','4/4 c','F1926',81),(176,15.20,1,1502,'Softcover','4/4 c','F1926',82),(177,18.59,1,1502,'Softcover','4/4 c','F1926',83),(178,21.93,1,1502,'Softcover','4/4 c','F1926',84),(179,32.40,1,1502,'Softcover','4/4 c','F1926',85),(180,36.63,1,1502,'Softcover','4/4 c','F1926',86),(181,46.78,1,1502,'Softcover','4/4 c','F1926',87),(182,67.63,1,1502,'Softcover','4/4 c','F1926',88),(183,81.50,1,1502,'Softcover','4/4 c','F1926',89),(184,95.64,1,1502,'Softcover','4/4 c','F1926',90),(185,111.59,1,1502,'Softcover','4/4 c','F1926',91),(186,123.53,1,1502,'Softcover','4/4 c','F1926',92),(187,139.55,1,1502,'Softcover','4/4 c','F1926',93),(188,161.50,1,1502,'Softcover','4/4 c','F1926',94),(189,175.64,1,1502,'Softcover','4/4 c','F1926',95),(190,190.13,1,1502,'Softcover','4/4 c','F1926',96),(191,204.84,1,1502,'Softcover','4/4 c','F1926',97),(192,220.98,1,1502,'Softcover','4/4 c','F1926',98),(193,234.18,1,1502,'Softcover','4/4 c','F1926',99),(194,246.03,1,1502,'Softcover','4/4 c','F1926',100),(195,260.37,1,1502,'Softcover','4/4 c','F1926',101),(196,282.15,1,1502,'Softcover','4/4 c','F1926',102),(197,296.82,1,1502,'Softcover','4/4 c','F1926',103),(198,319.04,1,1502,'Softcover','4/4 c','F1926',104),(199,329.15,1,1502,'Softcover','4/4 c','F1926',105),(200,340.55,1,1502,'Softcover','4/4 c','F1926',106),(201,355.12,1,1502,'Softcover','4/4 c','F1926',107),(202,369.68,1,1502,'Softcover','4/4 c','F1926',108),(203,384.24,1,1502,'Softcover','4/4 c','F1926',109),(204,403.29,1,1502,'Softcover','4/4 c','F1926',110),(205,424.57,1,1502,'Softcover','4/4 c','F1926',111),(206,439.13,1,1502,'Softcover','4/4 c','F1926',112),(207,453.70,1,1502,'Softcover','4/4 c','F1926',113),(208,473.86,1,1502,'Softcover','4/4 c','F1926',114),(209,483.94,1,1502,'Softcover','4/4 c','F1926',115),(210,502.99,1,1502,'Softcover','4/4 c','F1926',116),(211,513.07,1,1502,'Softcover','4/4 c','F1926',117),(212,0.00,1,1502,'Softcover','4/4 c','F1926',118),(213,0.00,1,1502,'Softcover','4/4 c','F1926',119),(215,0.00,2,1502,'Softcover','4/4 c','A4',78),(216,0.00,2,1502,'Softcover','4/4 c','A4',79),(217,5.42,2,1502,'Softcover','4/4 c','A4',80),(218,6.63,2,1502,'Softcover','4/4 c','A4',81),(219,8.11,2,1502,'Softcover','4/4 c','A4',82),(220,9.75,2,1502,'Softcover','4/4 c','A4',83),(221,11.30,2,1502,'Softcover','4/4 c','A4',84),(222,15.75,2,1502,'Softcover','4/4 c','A4',85),(223,17.85,2,1502,'Softcover','4/4 c','A4',86),(224,21.98,2,1502,'Softcover','4/4 c','A4',87),(225,35.95,2,1502,'Softcover','4/4 c','A4',88),(226,39.82,2,1502,'Softcover','4/4 c','A4',89),(227,46.75,2,1502,'Softcover','4/4 c','A4',90),(228,54.61,2,1502,'Softcover','4/4 c','A4',91),(229,60.50,2,1502,'Softcover','4/4 c','A4',92),(230,68.42,2,1502,'Softcover','4/4 c','A4',93),(231,79.20,2,1502,'Softcover','4/4 c','A4',94),(232,86.02,2,1502,'Softcover','4/4 c','A4',95),(233,93.17,2,1502,'Softcover','4/4 c','A4',96),(234,101.53,2,1502,'Softcover','4/4 c','A4',97),(235,108.46,2,1502,'Softcover','4/4 c','A4',98),(236,114.91,2,1502,'Softcover','4/4 c','A4',99),(237,120.96,2,1502,'Softcover','4/4 c','A4',100),(238,127.76,2,1502,'Softcover','4/4 c','A4',101),(239,138.24,2,1502,'Softcover','4/4 c','A4',102),(240,145.80,2,1502,'Softcover','4/4 c','A4',103),(241,156.95,2,1502,'Softcover','4/4 c','A4',104),(242,162.32,2,1502,'Softcover','4/4 c','A4',105),(243,167.23,2,1502,'Softcover','4/4 c','A4',106),(244,174.74,2,1502,'Softcover','4/4 c','A4',107),(245,181.17,2,1502,'Softcover','4/4 c','A4',108),(246,188.67,2,1502,'Softcover','4/4 c','A4',109),(247,198.32,2,1502,'Softcover','4/4 c','A4',110),(248,209.04,2,1502,'Softcover','4/4 c','A4',111),(249,215.47,2,1502,'Softcover','4/4 c','A4',112),(250,222.98,2,1502,'Softcover','4/4 c','A4',113),(251,232.62,2,1502,'Softcover','4/4 c','A4',114),(252,237.98,2,1502,'Softcover','4/4 c','A4',115),(253,247.63,2,1502,'Softcover','4/4 c','A4',116),(254,251.92,2,1502,'Softcover','4/4 c','A4',117),(255,264.52,2,1502,'Softcover','4/4 c','A4',118),(256,268.18,2,1502,'Softcover','4/4 c','A4',119),(257,1.36,2,1502,'Softcover','4/4 c','A5',78),(258,3.26,2,1502,'Softcover','4/4 c','A5',79),(259,3.00,2,1502,'Softcover','4/4 c','A5',80),(260,3.81,2,1502,'Softcover','4/4 c','A5',81),(261,4.79,2,1502,'Softcover','4/4 c','A5',82),(262,5.97,2,1502,'Softcover','4/4 c','A5',83),(263,7.23,2,1502,'Softcover','4/4 c','A5',84),(264,10.08,2,1502,'Softcover','4/4 c','A5',85),(265,11.42,2,1502,'Softcover','4/4 c','A5',86),(266,14.07,2,1502,'Softcover','4/4 c','A5',87),(267,23.01,2,1502,'Softcover','4/4 c','A5',88),(268,25.48,2,1502,'Softcover','4/4 c','A5',89),(269,29.92,2,1502,'Softcover','4/4 c','A5',90),(270,34.95,2,1502,'Softcover','4/4 c','A5',91),(271,38.72,2,1502,'Softcover','4/4 c','A5',92),(272,43.79,2,1502,'Softcover','4/4 c','A5',93),(273,50.69,2,1502,'Softcover','4/4 c','A5',94),(274,55.05,2,1502,'Softcover','4/4 c','A5',95),(275,59.63,2,1502,'Softcover','4/4 c','A5',96),(276,64.98,2,1502,'Softcover','4/4 c','A5',97),(277,69.41,2,1502,'Softcover','4/4 c','A5',98),(278,73.54,2,1502,'Softcover','4/4 c','A5',99),(279,77.41,2,1502,'Softcover','4/4 c','A5',100),(280,81.77,2,1502,'Softcover','4/4 c','A5',101),(281,88.47,2,1502,'Softcover','4/4 c','A5',102),(282,93.31,2,1502,'Softcover','4/4 c','A5',103),(283,100.45,2,1502,'Softcover','4/4 c','A5',104),(284,103.89,2,1502,'Softcover','4/4 c','A5',105),(285,107.03,2,1502,'Softcover','4/4 c','A5',106),(286,111.83,2,1502,'Softcover','4/4 c','A5',107),(287,115.95,2,1502,'Softcover','4/4 c','A5',108),(288,120.75,2,1502,'Softcover','4/4 c','A5',109),(289,126.92,2,1502,'Softcover','4/4 c','A5',110),(290,133.79,2,1502,'Softcover','4/4 c','A5',111),(291,137.90,2,1502,'Softcover','4/4 c','A5',112),(292,142.70,2,1502,'Softcover','4/4 c','A5',113),(293,148.88,2,1502,'Softcover','4/4 c','A5',114),(294,152.31,2,1502,'Softcover','4/4 c','A5',115),(295,158.48,2,1502,'Softcover','4/4 c','A5',116),(296,161.23,2,1502,'Softcover','4/4 c','A5',117),(297,169.29,2,1502,'Softcover','4/4 c','A5',118),(298,171.64,2,1502,'Softcover','4/4 c','A5',119),(299,1.17,2,1502,'Softcover','4/4 c','A6',78),(300,2.35,2,1502,'Softcover','4/4 c','A6',79),(301,1.56,2,1502,'Softcover','4/4 c','A6',80),(302,2.00,2,1502,'Softcover','4/4 c','A6',81),(303,2.54,2,1502,'Softcover','4/4 c','A6',82),(304,3.19,2,1502,'Softcover','4/4 c','A6',83),(305,3.91,2,1502,'Softcover','4/4 c','A6',84),(306,5.44,2,1502,'Softcover','4/4 c','A6',85),(307,6.17,2,1502,'Softcover','4/4 c','A6',86),(308,7.60,2,1502,'Softcover','4/4 c','A6',87),(309,12.42,2,1502,'Softcover','4/4 c','A6',88),(310,13.76,2,1502,'Softcover','4/4 c','A6',89),(311,16.16,2,1502,'Softcover','4/4 c','A6',90),(312,18.87,2,1502,'Softcover','4/4 c','A6',91),(313,20.91,2,1502,'Softcover','4/4 c','A6',92),(314,23.65,2,1502,'Softcover','4/4 c','A6',93),(315,27.37,2,1502,'Softcover','4/4 c','A6',94),(316,29.73,2,1502,'Softcover','4/4 c','A6',95),(317,32.20,2,1502,'Softcover','4/4 c','A6',96),(318,35.09,2,1502,'Softcover','4/4 c','A6',97),(319,37.48,2,1502,'Softcover','4/4 c','A6',98),(320,39.71,2,1502,'Softcover','4/4 c','A6',99),(321,41.80,2,1502,'Softcover','4/4 c','A6',100),(322,44.16,2,1502,'Softcover','4/4 c','A6',101),(323,47.78,2,1502,'Softcover','4/4 c','A6',102),(324,50.39,2,1502,'Softcover','4/4 c','A6',103),(325,54.24,2,1502,'Softcover','4/4 c','A6',104),(326,56.10,2,1502,'Softcover','4/4 c','A6',105),(327,57.80,2,1502,'Softcover','4/4 c','A6',106),(328,60.39,2,1502,'Softcover','4/4 c','A6',107),(329,62.61,2,1502,'Softcover','4/4 c','A6',108),(330,65.21,2,1502,'Softcover','4/4 c','A6',109),(331,68.54,2,1502,'Softcover','4/4 c','A6',110),(332,72.24,2,1502,'Softcover','4/4 c','A6',111),(333,74.47,2,1502,'Softcover','4/4 c','A6',112),(334,77.06,2,1502,'Softcover','4/4 c','A6',113),(335,80.39,2,1502,'Softcover','4/4 c','A6',114),(336,82.25,2,1502,'Softcover','4/4 c','A6',115),(337,85.58,2,1502,'Softcover','4/4 c','A6',116),(338,87.06,2,1502,'Softcover','4/4 c','A6',117),(339,91.42,2,1502,'Softcover','4/4 c','A6',118),(340,92.68,2,1502,'Softcover','4/4 c','A6',119),(341,0.00,2,1502,'Softcover','4/4 c','E5PLUS',78),(342,0.00,2,1502,'Softcover','4/4 c','E5PLUS',79),(343,3.16,2,1502,'Softcover','4/4 c','E5PLUS',80),(344,3.97,2,1502,'Softcover','4/4 c','E5PLUS',81),(345,4.95,2,1502,'Softcover','4/4 c','E5PLUS',82),(346,6.11,2,1502,'Softcover','4/4 c','E5PLUS',83),(347,7.35,2,1502,'Softcover','4/4 c','E5PLUS',84),(348,10.24,2,1502,'Softcover','4/4 c','E5PLUS',85),(349,11.60,2,1502,'Softcover','4/4 c','E5PLUS',86),(350,14.29,2,1502,'Softcover','4/4 c','E5PLUS',87),(351,23.37,2,1502,'Softcover','4/4 c','E5PLUS',88),(352,25.88,2,1502,'Softcover','4/4 c','E5PLUS',89),(353,30.39,2,1502,'Softcover','4/4 c','E5PLUS',90),(354,35.50,2,1502,'Softcover','4/4 c','E5PLUS',91),(355,39.32,2,1502,'Softcover','4/4 c','E5PLUS',92),(356,44.47,2,1502,'Softcover','4/4 c','E5PLUS',93),(357,51.48,2,1502,'Softcover','4/4 c','E5PLUS',94),(358,55.91,2,1502,'Softcover','4/4 c','E5PLUS',95),(359,60.56,2,1502,'Softcover','4/4 c','E5PLUS',96),(360,65.99,2,1502,'Softcover','4/4 c','E5PLUS',97),(361,70.50,2,1502,'Softcover','4/4 c','E5PLUS',98),(362,74.69,2,1502,'Softcover','4/4 c','E5PLUS',99),(363,78.62,2,1502,'Softcover','4/4 c','E5PLUS',100),(364,83.05,2,1502,'Softcover','4/4 c','E5PLUS',101),(365,89.86,2,1502,'Softcover','4/4 c','E5PLUS',102),(366,94.77,2,1502,'Softcover','4/4 c','E5PLUS',103),(367,102.02,2,1502,'Softcover','4/4 c','E5PLUS',104),(368,105.51,2,1502,'Softcover','4/4 c','E5PLUS',105),(369,108.70,2,1502,'Softcover','4/4 c','E5PLUS',106),(370,113.58,2,1502,'Softcover','4/4 c','E5PLUS',107),(371,117.76,2,1502,'Softcover','4/4 c','E5PLUS',108),(372,122.64,2,1502,'Softcover','4/4 c','E5PLUS',109),(373,128.91,2,1502,'Softcover','4/4 c','E5PLUS',110),(374,135.88,2,1502,'Softcover','4/4 c','E5PLUS',111),(375,140.06,2,1502,'Softcover','4/4 c','E5PLUS',112),(376,144.93,2,1502,'Softcover','4/4 c','E5PLUS',113),(377,151.21,2,1502,'Softcover','4/4 c','E5PLUS',114),(378,154.69,2,1502,'Softcover','4/4 c','E5PLUS',115),(379,160.96,2,1502,'Softcover','4/4 c','E5PLUS',116),(380,163.75,2,1502,'Softcover','4/4 c','E5PLUS',117),(381,171.94,2,1502,'Softcover','4/4 c','E5PLUS',118),(382,174.32,2,1502,'Softcover','4/4 c','E5PLUS',119),(383,0.00,2,1502,'Softcover','4/4 c','F1926',78),(384,0.00,2,1502,'Softcover','4/4 c','F1926',79),(385,5.32,2,1502,'Softcover','4/4 c','F1926',80),(386,6.63,2,1502,'Softcover','4/4 c','F1926',81),(387,8.18,2,1502,'Softcover','4/4 c','F1926',82),(388,10.01,2,1502,'Softcover','4/4 c','F1926',83),(389,11.81,2,1502,'Softcover','4/4 c','F1926',84),(390,16.46,2,1502,'Softcover','4/4 c','F1926',85),(391,18.65,2,1502,'Softcover','4/4 c','F1926',86),(392,22.97,2,1502,'Softcover','4/4 c','F1926',87),(393,37.57,2,1502,'Softcover','4/4 c','F1926',88),(394,41.61,2,1502,'Softcover','4/4 c','F1926',89),(395,48.85,2,1502,'Softcover','4/4 c','F1926',90),(396,57.07,2,1502,'Softcover','4/4 c','F1926',91),(397,63.22,2,1502,'Softcover','4/4 c','F1926',92),(398,71.50,2,1502,'Softcover','4/4 c','F1926',93),(399,82.76,2,1502,'Softcover','4/4 c','F1926',94),(400,89.89,2,1502,'Softcover','4/4 c','F1926',95),(401,97.36,2,1502,'Softcover','4/4 c','F1926',96),(402,106.10,2,1502,'Softcover','4/4 c','F1926',97),(403,113.34,2,1502,'Softcover','4/4 c','F1926',98),(404,120.08,2,1502,'Softcover','4/4 c','F1926',99),(405,126.40,2,1502,'Softcover','4/4 c','F1926',100),(406,133.51,2,1502,'Softcover','4/4 c','F1926',101),(407,144.46,2,1502,'Softcover','4/4 c','F1926',102),(408,152.36,2,1502,'Softcover','4/4 c','F1926',103),(409,164.01,2,1502,'Softcover','4/4 c','F1926',104),(410,169.63,2,1502,'Softcover','4/4 c','F1926',105),(411,174.76,2,1502,'Softcover','4/4 c','F1926',106),(412,182.60,2,1502,'Softcover','4/4 c','F1926',107),(413,189.32,2,1502,'Softcover','4/4 c','F1926',108),(414,197.16,2,1502,'Softcover','4/4 c','F1926',109),(415,207.24,2,1502,'Softcover','4/4 c','F1926',110),(416,218.45,2,1502,'Softcover','4/4 c','F1926',111),(417,225.17,2,1502,'Softcover','4/4 c','F1926',112),(418,233.01,2,1502,'Softcover','4/4 c','F1926',113),(419,243.09,2,1502,'Softcover','4/4 c','F1926',114),(420,248.69,2,1502,'Softcover','4/4 c','F1926',115),(421,258.78,2,1502,'Softcover','4/4 c','F1926',116),(422,263.26,2,1502,'Softcover','4/4 c','F1926',117),(423,0.00,2,1502,'Softcover','4/4 c','F1926',118),(424,0.00,2,1502,'Softcover','4/4 c','F1926',119),(425,0.00,3,1502,'Softcover','4/4 c','A4',78),(426,0.00,3,1502,'Softcover','4/4 c','A4',79),(427,3.86,3,1502,'Softcover','4/4 c','A4',80),(428,4.73,3,1502,'Softcover','4/4 c','A4',81),(429,5.78,3,1502,'Softcover','4/4 c','A4',82),(430,6.94,3,1502,'Softcover','4/4 c','A4',83),(431,8.05,3,1502,'Softcover','4/4 c','A4',84),(432,11.88,3,1502,'Softcover','4/4 c','A4',85),(433,13.81,3,1502,'Softcover','4/4 c','A4',86),(434,15.78,3,1502,'Softcover','4/4 c','A4',87),(435,21.01,3,1502,'Softcover','4/4 c','A4',88),(436,27.06,3,1502,'Softcover','4/4 c','A4',89),(437,31.90,3,1502,'Softcover','4/4 c','A4',90),(438,37.30,3,1502,'Softcover','4/4 c','A4',91),(439,41.18,3,1502,'Softcover','4/4 c','A4',92),(440,46.75,3,1502,'Softcover','4/4 c','A4',93),(441,53.90,3,1502,'Softcover','4/4 c','A4',94),(442,58.74,3,1502,'Softcover','4/4 c','A4',95),(443,63.58,3,1502,'Softcover','4/4 c','A4',96),(444,68.53,3,1502,'Softcover','4/4 c','A4',97),(445,74.12,3,1502,'Softcover','4/4 c','A4',98),(446,78.52,3,1502,'Softcover','4/4 c','A4',99),(447,82.62,3,1502,'Softcover','4/4 c','A4',100),(448,87.37,3,1502,'Softcover','4/4 c','A4',101),(449,95.04,3,1502,'Softcover','4/4 c','A4',102),(450,99.36,3,1502,'Softcover','4/4 c','A4',103),(451,106.96,3,1502,'Softcover','4/4 c','A4',104),(452,110.72,3,1502,'Softcover','4/4 c','A4',105),(453,114.28,3,1502,'Softcover','4/4 c','A4',106),(454,119.53,3,1502,'Softcover','4/4 c','A4',107),(455,123.92,3,1502,'Softcover','4/4 c','A4',108),(456,129.50,3,1502,'Softcover','4/4 c','A4',109),(457,135.61,3,1502,'Softcover','4/4 c','A4',110),(458,142.58,3,1502,'Softcover','4/4 c','A4',111),(459,147.94,3,1502,'Softcover','4/4 c','A4',112),(460,152.22,3,1502,'Softcover','4/4 c','A4',113),(461,158.66,3,1502,'Softcover','4/4 c','A4',114),(462,162.94,3,1502,'Softcover','4/4 c','A4',115),(463,169.38,3,1502,'Softcover','4/4 c','A4',116),(464,172.59,3,1502,'Softcover','4/4 c','A4',117),(465,181.22,3,1502,'Softcover','4/4 c','A4',118),(466,183.38,3,1502,'Softcover','4/4 c','A4',119),(467,1.12,3,1502,'Softcover','4/4 c','A5',78),(468,2.24,3,1502,'Softcover','4/4 c','A5',79),(469,2.14,3,1502,'Softcover','4/4 c','A5',80),(470,2.71,3,1502,'Softcover','4/4 c','A5',81),(471,3.41,3,1502,'Softcover','4/4 c','A5',82),(472,4.25,3,1502,'Softcover','4/4 c','A5',83),(473,5.15,3,1502,'Softcover','4/4 c','A5',84),(474,7.60,3,1502,'Softcover','4/4 c','A5',85),(475,8.84,3,1502,'Softcover','4/4 c','A5',86),(476,10.10,3,1502,'Softcover','4/4 c','A5',87),(477,13.45,3,1502,'Softcover','4/4 c','A5',88),(478,17.32,3,1502,'Softcover','4/4 c','A5',89),(479,20.42,3,1502,'Softcover','4/4 c','A5',90),(480,23.87,3,1502,'Softcover','4/4 c','A5',91),(481,26.36,3,1502,'Softcover','4/4 c','A5',92),(482,29.92,3,1502,'Softcover','4/4 c','A5',93),(483,34.50,3,1502,'Softcover','4/4 c','A5',94),(484,37.59,3,1502,'Softcover','4/4 c','A5',95),(485,40.69,3,1502,'Softcover','4/4 c','A5',96),(486,43.86,3,1502,'Softcover','4/4 c','A5',97),(487,47.44,3,1502,'Softcover','4/4 c','A5',98),(488,50.25,3,1502,'Softcover','4/4 c','A5',99),(489,52.88,3,1502,'Softcover','4/4 c','A5',100),(490,55.92,3,1502,'Softcover','4/4 c','A5',101),(491,60.83,3,1502,'Softcover','4/4 c','A5',102),(492,63.59,3,1502,'Softcover','4/4 c','A5',103),(493,68.46,3,1502,'Softcover','4/4 c','A5',104),(494,70.86,3,1502,'Softcover','4/4 c','A5',105),(495,73.14,3,1502,'Softcover','4/4 c','A5',106),(496,76.50,3,1502,'Softcover','4/4 c','A5',107),(497,79.31,3,1502,'Softcover','4/4 c','A5',108),(498,82.88,3,1502,'Softcover','4/4 c','A5',109),(499,86.79,3,1502,'Softcover','4/4 c','A5',110),(500,91.25,3,1502,'Softcover','4/4 c','A5',111),(501,94.68,3,1502,'Softcover','4/4 c','A5',112),(502,97.42,3,1502,'Softcover','4/4 c','A5',113),(503,101.54,3,1502,'Softcover','4/4 c','A5',114),(504,104.28,3,1502,'Softcover','4/4 c','A5',115),(505,108.40,3,1502,'Softcover','4/4 c','A5',116),(506,110.46,3,1502,'Softcover','4/4 c','A5',117),(507,115.98,3,1502,'Softcover','4/4 c','A5',118),(508,117.36,3,1502,'Softcover','4/4 c','A5',119),(509,0.81,3,1502,'Softcover','4/4 c','A6',78),(510,1.61,3,1502,'Softcover','4/4 c','A6',79),(511,1.11,3,1502,'Softcover','4/4 c','A6',80),(512,1.42,3,1502,'Softcover','4/4 c','A6',81),(513,1.81,3,1502,'Softcover','4/4 c','A6',82),(514,2.27,3,1502,'Softcover','4/4 c','A6',83),(515,2.78,3,1502,'Softcover','4/4 c','A6',84),(516,4.11,3,1502,'Softcover','4/4 c','A6',85),(517,4.77,3,1502,'Softcover','4/4 c','A6',86),(518,5.45,3,1502,'Softcover','4/4 c','A6',87),(519,7.26,3,1502,'Softcover','4/4 c','A6',88),(520,9.35,3,1502,'Softcover','4/4 c','A6',89),(521,11.02,3,1502,'Softcover','4/4 c','A6',90),(522,12.89,3,1502,'Softcover','4/4 c','A6',91),(523,14.23,3,1502,'Softcover','4/4 c','A6',92),(524,16.16,3,1502,'Softcover','4/4 c','A6',93),(525,18.63,3,1502,'Softcover','4/4 c','A6',94),(526,20.30,3,1502,'Softcover','4/4 c','A6',95),(527,21.97,3,1502,'Softcover','4/4 c','A6',96),(528,23.68,3,1502,'Softcover','4/4 c','A6',97),(529,25.62,3,1502,'Softcover','4/4 c','A6',98),(530,27.14,3,1502,'Softcover','4/4 c','A6',99),(531,28.55,3,1502,'Softcover','4/4 c','A6',100),(532,30.20,3,1502,'Softcover','4/4 c','A6',101),(533,32.85,3,1502,'Softcover','4/4 c','A6',102),(534,34.34,3,1502,'Softcover','4/4 c','A6',103),(535,36.97,3,1502,'Softcover','4/4 c','A6',104),(536,38.27,3,1502,'Softcover','4/4 c','A6',105),(537,39.49,3,1502,'Softcover','4/4 c','A6',106),(538,41.31,3,1502,'Softcover','4/4 c','A6',107),(539,42.83,3,1502,'Softcover','4/4 c','A6',108),(540,44.75,3,1502,'Softcover','4/4 c','A6',109),(541,46.87,3,1502,'Softcover','4/4 c','A6',110),(542,49.27,3,1502,'Softcover','4/4 c','A6',111),(543,51.13,3,1502,'Softcover','4/4 c','A6',112),(544,52.61,3,1502,'Softcover','4/4 c','A6',113),(545,54.83,3,1502,'Softcover','4/4 c','A6',114),(546,56.31,3,1502,'Softcover','4/4 c','A6',115),(547,58.54,3,1502,'Softcover','4/4 c','A6',116),(548,59.65,3,1502,'Softcover','4/4 c','A6',117),(549,62.63,3,1502,'Softcover','4/4 c','A6',118),(550,63.38,3,1502,'Softcover','4/4 c','A6',119),(551,0.00,3,1502,'Softcover','4/4 c','E5PLUS',78),(552,0.00,3,1502,'Softcover','4/4 c','E5PLUS',79),(553,2.25,3,1502,'Softcover','4/4 c','E5PLUS',80),(554,2.83,3,1502,'Softcover','4/4 c','E5PLUS',81),(555,3.53,3,1502,'Softcover','4/4 c','E5PLUS',82),(556,4.36,3,1502,'Softcover','4/4 c','E5PLUS',83),(557,5.23,3,1502,'Softcover','4/4 c','E5PLUS',84),(558,7.72,3,1502,'Softcover','4/4 c','E5PLUS',85),(559,8.98,3,1502,'Softcover','4/4 c','E5PLUS',86),(560,10.26,3,1502,'Softcover','4/4 c','E5PLUS',87),(561,13.66,3,1502,'Softcover','4/4 c','E5PLUS',88),(562,17.59,3,1502,'Softcover','4/4 c','E5PLUS',89),(563,20.74,3,1502,'Softcover','4/4 c','E5PLUS',90),(564,24.24,3,1502,'Softcover','4/4 c','E5PLUS',91),(565,26.77,3,1502,'Softcover','4/4 c','E5PLUS',92),(566,30.39,3,1502,'Softcover','4/4 c','E5PLUS',93),(567,35.04,3,1502,'Softcover','4/4 c','E5PLUS',94),(568,38.18,3,1502,'Softcover','4/4 c','E5PLUS',95),(569,41.33,3,1502,'Softcover','4/4 c','E5PLUS',96),(570,44.54,3,1502,'Softcover','4/4 c','E5PLUS',97),(571,48.18,3,1502,'Softcover','4/4 c','E5PLUS',98),(572,51.04,3,1502,'Softcover','4/4 c','E5PLUS',99),(573,53.70,3,1502,'Softcover','4/4 c','E5PLUS',100),(574,56.79,3,1502,'Softcover','4/4 c','E5PLUS',101),(575,61.78,3,1502,'Softcover','4/4 c','E5PLUS',102),(576,64.58,3,1502,'Softcover','4/4 c','E5PLUS',103),(577,69.53,3,1502,'Softcover','4/4 c','E5PLUS',104),(578,71.97,3,1502,'Softcover','4/4 c','E5PLUS',105),(579,74.28,3,1502,'Softcover','4/4 c','E5PLUS',106),(580,77.69,3,1502,'Softcover','4/4 c','E5PLUS',107),(581,80.55,3,1502,'Softcover','4/4 c','E5PLUS',108),(582,84.17,3,1502,'Softcover','4/4 c','E5PLUS',109),(583,88.15,3,1502,'Softcover','4/4 c','E5PLUS',110),(584,92.67,3,1502,'Softcover','4/4 c','E5PLUS',111),(585,96.16,3,1502,'Softcover','4/4 c','E5PLUS',112),(586,98.95,3,1502,'Softcover','4/4 c','E5PLUS',113),(587,103.13,3,1502,'Softcover','4/4 c','E5PLUS',114),(588,105.91,3,1502,'Softcover','4/4 c','E5PLUS',115),(589,110.09,3,1502,'Softcover','4/4 c','E5PLUS',116),(590,112.18,3,1502,'Softcover','4/4 c','E5PLUS',117),(591,117.79,3,1502,'Softcover','4/4 c','E5PLUS',118),(592,119.20,3,1502,'Softcover','4/4 c','E5PLUS',119),(593,0.00,3,1502,'Softcover','4/4 c','F1926',78),(594,0.00,3,1502,'Softcover','4/4 c','F1926',79),(595,3.79,3,1502,'Softcover','4/4 c','F1926',80),(596,4.72,3,1502,'Softcover','4/4 c','F1926',81),(597,5.83,3,1502,'Softcover','4/4 c','F1926',82),(598,7.13,3,1502,'Softcover','4/4 c','F1926',83),(599,8.41,3,1502,'Softcover','4/4 c','F1926',84),(600,12.41,3,1502,'Softcover','4/4 c','F1926',85),(601,14.43,3,1502,'Softcover','4/4 c','F1926',86),(602,16.49,3,1502,'Softcover','4/4 c','F1926',87),(603,21.96,3,1502,'Softcover','4/4 c','F1926',88),(604,28.28,3,1502,'Softcover','4/4 c','F1926',89),(605,33.34,3,1502,'Softcover','4/4 c','F1926',90),(606,38.97,3,1502,'Softcover','4/4 c','F1926',91),(607,43.03,3,1502,'Softcover','4/4 c','F1926',92),(608,48.85,3,1502,'Softcover','4/4 c','F1926',93),(609,56.33,3,1502,'Softcover','4/4 c','F1926',94),(610,61.38,3,1502,'Softcover','4/4 c','F1926',95),(611,66.44,3,1502,'Softcover','4/4 c','F1926',96),(612,71.61,3,1502,'Softcover','4/4 c','F1926',97),(613,77.46,3,1502,'Softcover','4/4 c','F1926',98),(614,82.05,3,1502,'Softcover','4/4 c','F1926',99),(615,86.34,3,1502,'Softcover','4/4 c','F1926',100),(616,91.30,3,1502,'Softcover','4/4 c','F1926',101),(617,99.32,3,1502,'Softcover','4/4 c','F1926',102),(618,103.83,3,1502,'Softcover','4/4 c','F1926',103),(619,111.78,3,1502,'Softcover','4/4 c','F1926',104),(620,115.71,3,1502,'Softcover','4/4 c','F1926',105),(621,119.42,3,1502,'Softcover','4/4 c','F1926',106),(622,124.91,3,1502,'Softcover','4/4 c','F1926',107),(623,129.50,3,1502,'Softcover','4/4 c','F1926',108),(624,135.32,3,1502,'Softcover','4/4 c','F1926',109),(625,141.71,3,1502,'Softcover','4/4 c','F1926',110),(626,148.99,3,1502,'Softcover','4/4 c','F1926',111),(627,154.59,3,1502,'Softcover','4/4 c','F1926',112),(628,159.07,3,1502,'Softcover','4/4 c','F1926',113),(629,165.80,3,1502,'Softcover','4/4 c','F1926',114),(630,170.28,3,1502,'Softcover','4/4 c','F1926',115),(631,177.00,3,1502,'Softcover','4/4 c','F1926',116),(632,180.36,3,1502,'Softcover','4/4 c','F1926',117),(633,0.00,3,1502,'Softcover','4/4 c','F1926',118),(634,0.00,3,1502,'Softcover','4/4 c','F1926',119),(635,0.00,4,1502,'Softcover','4/4 c','A4',78),(636,0.00,4,1502,'Softcover','4/4 c','A4',79),(637,2.78,4,1502,'Softcover','4/4 c','A4',80),(638,3.40,4,1502,'Softcover','4/4 c','A4',81),(639,4.16,4,1502,'Softcover','4/4 c','A4',82),(640,5.00,4,1502,'Softcover','4/4 c','A4',83),(641,5.80,4,1502,'Softcover','4/4 c','A4',84),(642,8.99,4,1502,'Softcover','4/4 c','A4',85),(643,10.25,4,1502,'Softcover','4/4 c','A4',86),(644,13.12,4,1502,'Softcover','4/4 c','A4',87),(645,16.74,4,1502,'Softcover','4/4 c','A4',88),(646,20.42,4,1502,'Softcover','4/4 c','A4',89),(647,23.96,4,1502,'Softcover','4/4 c','A4',90),(648,27.81,4,1502,'Softcover','4/4 c','A4',91),(649,30.71,4,1502,'Softcover','4/4 c','A4',92),(650,35.15,4,1502,'Softcover','4/4 c','A4',93),(651,40.48,4,1502,'Softcover','4/4 c','A4',94),(652,44.14,4,1502,'Softcover','4/4 c','A4',95),(653,47.80,4,1502,'Softcover','4/4 c','A4',96),(654,51.53,4,1502,'Softcover','4/4 c','A4',97),(655,56.09,4,1502,'Softcover','4/4 c','A4',98),(656,58.41,4,1502,'Softcover','4/4 c','A4',99),(657,61.35,4,1502,'Softcover','4/4 c','A4',100),(658,64.95,4,1502,'Softcover','4/4 c','A4',101),(659,70.19,4,1502,'Softcover','4/4 c','A4',102),(660,73.80,4,1502,'Softcover','4/4 c','A4',103),(661,79.80,4,1502,'Softcover','4/4 c','A4',104),(662,82.30,4,1502,'Softcover','4/4 c','A4',105),(663,84.82,4,1502,'Softcover','4/4 c','A4',106),(664,88.44,4,1502,'Softcover','4/4 c','A4',107),(665,92.04,4,1502,'Softcover','4/4 c','A4',108),(666,95.65,4,1502,'Softcover','4/4 c','A4',109),(667,100.49,4,1502,'Softcover','4/4 c','A4',110),(668,105.54,4,1502,'Softcover','4/4 c','A4',111),(669,109.24,4,1502,'Softcover','4/4 c','A4',112),(670,112.84,4,1502,'Softcover','4/4 c','A4',113),(671,117.81,4,1502,'Softcover','4/4 c','A4',114),(672,120.17,4,1502,'Softcover','4/4 c','A4',115),(673,125.07,4,1502,'Softcover','4/4 c','A4',116),(674,127.50,4,1502,'Softcover','4/4 c','A4',117),(675,133.88,4,1502,'Softcover','4/4 c','A4',118),(676,140.98,4,1502,'Softcover','4/4 c','A4',119),(677,0.86,4,1502,'Softcover','4/4 c','A5',78),(678,1.72,4,1502,'Softcover','4/4 c','A5',79),(679,1.54,4,1502,'Softcover','4/4 c','A5',80),(680,1.95,4,1502,'Softcover','4/4 c','A5',81),(681,2.46,4,1502,'Softcover','4/4 c','A5',82),(682,3.06,4,1502,'Softcover','4/4 c','A5',83),(683,3.71,4,1502,'Softcover','4/4 c','A5',84),(684,5.75,4,1502,'Softcover','4/4 c','A5',85),(685,6.56,4,1502,'Softcover','4/4 c','A5',86),(686,8.40,4,1502,'Softcover','4/4 c','A5',87),(687,10.71,4,1502,'Softcover','4/4 c','A5',88),(688,13.07,4,1502,'Softcover','4/4 c','A5',89),(689,15.34,4,1502,'Softcover','4/4 c','A5',90),(690,17.80,4,1502,'Softcover','4/4 c','A5',91),(691,19.66,4,1502,'Softcover','4/4 c','A5',92),(692,22.50,4,1502,'Softcover','4/4 c','A5',93),(693,25.91,4,1502,'Softcover','4/4 c','A5',94),(694,28.25,4,1502,'Softcover','4/4 c','A5',95),(695,30.59,4,1502,'Softcover','4/4 c','A5',96),(696,32.98,4,1502,'Softcover','4/4 c','A5',97),(697,35.90,4,1502,'Softcover','4/4 c','A5',98),(698,37.38,4,1502,'Softcover','4/4 c','A5',99),(699,39.27,4,1502,'Softcover','4/4 c','A5',100),(700,41.57,4,1502,'Softcover','4/4 c','A5',101),(701,44.92,4,1502,'Softcover','4/4 c','A5',102),(702,47.23,4,1502,'Softcover','4/4 c','A5',103),(703,51.07,4,1502,'Softcover','4/4 c','A5',104),(704,52.67,4,1502,'Softcover','4/4 c','A5',105),(705,54.28,4,1502,'Softcover','4/4 c','A5',106),(706,56.60,4,1502,'Softcover','4/4 c','A5',107),(707,58.91,4,1502,'Softcover','4/4 c','A5',108),(708,61.22,4,1502,'Softcover','4/4 c','A5',109),(709,64.31,4,1502,'Softcover','4/4 c','A5',110),(710,67.54,4,1502,'Softcover','4/4 c','A5',111),(711,69.91,4,1502,'Softcover','4/4 c','A5',112),(712,72.22,4,1502,'Softcover','4/4 c','A5',113),(713,75.40,4,1502,'Softcover','4/4 c','A5',114),(714,76.91,4,1502,'Softcover','4/4 c','A5',115),(715,80.04,4,1502,'Softcover','4/4 c','A5',116),(716,81.60,4,1502,'Softcover','4/4 c','A5',117),(717,85.68,4,1502,'Softcover','4/4 c','A5',118),(718,90.23,4,1502,'Softcover','4/4 c','A5',119),(719,0.62,4,1502,'Softcover','4/4 c','A6',78),(720,1.24,4,1502,'Softcover','4/4 c','A6',79),(721,0.80,4,1502,'Softcover','4/4 c','A6',80),(722,1.03,4,1502,'Softcover','4/4 c','A6',81),(723,1.30,4,1502,'Softcover','4/4 c','A6',82),(724,1.64,4,1502,'Softcover','4/4 c','A6',83),(725,2.00,4,1502,'Softcover','4/4 c','A6',84),(726,3.11,4,1502,'Softcover','4/4 c','A6',85),(727,3.54,4,1502,'Softcover','4/4 c','A6',86),(728,4.53,4,1502,'Softcover','4/4 c','A6',87),(729,5.78,4,1502,'Softcover','4/4 c','A6',88),(730,7.06,4,1502,'Softcover','4/4 c','A6',89),(731,8.28,4,1502,'Softcover','4/4 c','A6',90),(732,9.61,4,1502,'Softcover','4/4 c','A6',91),(733,10.61,4,1502,'Softcover','4/4 c','A6',92),(734,12.15,4,1502,'Softcover','4/4 c','A6',93),(735,13.99,4,1502,'Softcover','4/4 c','A6',94),(736,15.26,4,1502,'Softcover','4/4 c','A6',95),(737,16.52,4,1502,'Softcover','4/4 c','A6',96),(738,17.81,4,1502,'Softcover','4/4 c','A6',97),(739,19.38,4,1502,'Softcover','4/4 c','A6',98),(740,20.19,4,1502,'Softcover','4/4 c','A6',99),(741,21.20,4,1502,'Softcover','4/4 c','A6',100),(742,22.45,4,1502,'Softcover','4/4 c','A6',101),(743,24.26,4,1502,'Softcover','4/4 c','A6',102),(744,25.50,4,1502,'Softcover','4/4 c','A6',103),(745,27.58,4,1502,'Softcover','4/4 c','A6',104),(746,28.44,4,1502,'Softcover','4/4 c','A6',105),(747,29.31,4,1502,'Softcover','4/4 c','A6',106),(748,30.56,4,1502,'Softcover','4/4 c','A6',107),(749,31.81,4,1502,'Softcover','4/4 c','A6',108),(750,33.06,4,1502,'Softcover','4/4 c','A6',109),(751,34.73,4,1502,'Softcover','4/4 c','A6',110),(752,36.47,4,1502,'Softcover','4/4 c','A6',111),(753,37.75,4,1502,'Softcover','4/4 c','A6',112),(754,39.00,4,1502,'Softcover','4/4 c','A6',113),(755,40.72,4,1502,'Softcover','4/4 c','A6',114),(756,41.53,4,1502,'Softcover','4/4 c','A6',115),(757,43.22,4,1502,'Softcover','4/4 c','A6',116),(758,44.07,4,1502,'Softcover','4/4 c','A6',117),(759,46.27,4,1502,'Softcover','4/4 c','A6',118),(760,48.72,4,1502,'Softcover','4/4 c','A6',119),(761,0.00,4,1502,'Softcover','4/4 c','E5PLUS',78),(762,0.00,4,1502,'Softcover','4/4 c','E5PLUS',79),(763,1.62,4,1502,'Softcover','4/4 c','E5PLUS',80),(764,2.04,4,1502,'Softcover','4/4 c','E5PLUS',81),(765,2.54,4,1502,'Softcover','4/4 c','E5PLUS',82),(766,3.14,4,1502,'Softcover','4/4 c','E5PLUS',83),(767,3.77,4,1502,'Softcover','4/4 c','E5PLUS',84),(768,5.84,4,1502,'Softcover','4/4 c','E5PLUS',85),(769,6.66,4,1502,'Softcover','4/4 c','E5PLUS',86),(770,8.53,4,1502,'Softcover','4/4 c','E5PLUS',87),(771,10.88,4,1502,'Softcover','4/4 c','E5PLUS',88),(772,13.28,4,1502,'Softcover','4/4 c','E5PLUS',89),(773,15.58,4,1502,'Softcover','4/4 c','E5PLUS',90),(774,18.07,4,1502,'Softcover','4/4 c','E5PLUS',91),(775,19.96,4,1502,'Softcover','4/4 c','E5PLUS',92),(776,22.85,4,1502,'Softcover','4/4 c','E5PLUS',93),(777,26.31,4,1502,'Softcover','4/4 c','E5PLUS',94),(778,28.69,4,1502,'Softcover','4/4 c','E5PLUS',95),(779,31.07,4,1502,'Softcover','4/4 c','E5PLUS',96),(780,33.49,4,1502,'Softcover','4/4 c','E5PLUS',97),(781,36.46,4,1502,'Softcover','4/4 c','E5PLUS',98),(782,37.96,4,1502,'Softcover','4/4 c','E5PLUS',99),(783,39.88,4,1502,'Softcover','4/4 c','E5PLUS',100),(784,42.22,4,1502,'Softcover','4/4 c','E5PLUS',101),(785,45.62,4,1502,'Softcover','4/4 c','E5PLUS',102),(786,47.97,4,1502,'Softcover','4/4 c','E5PLUS',103),(787,51.87,4,1502,'Softcover','4/4 c','E5PLUS',104),(788,53.49,4,1502,'Softcover','4/4 c','E5PLUS',105),(789,55.13,4,1502,'Softcover','4/4 c','E5PLUS',106),(790,57.49,4,1502,'Softcover','4/4 c','E5PLUS',107),(791,59.83,4,1502,'Softcover','4/4 c','E5PLUS',108),(792,62.18,4,1502,'Softcover','4/4 c','E5PLUS',109),(793,65.32,4,1502,'Softcover','4/4 c','E5PLUS',110),(794,68.60,4,1502,'Softcover','4/4 c','E5PLUS',111),(795,71.00,4,1502,'Softcover','4/4 c','E5PLUS',112),(796,73.35,4,1502,'Softcover','4/4 c','E5PLUS',113),(797,76.58,4,1502,'Softcover','4/4 c','E5PLUS',114),(798,78.11,4,1502,'Softcover','4/4 c','E5PLUS',115),(799,81.30,4,1502,'Softcover','4/4 c','E5PLUS',116),(800,82.88,4,1502,'Softcover','4/4 c','E5PLUS',117),(801,87.02,4,1502,'Softcover','4/4 c','E5PLUS',118),(802,91.64,4,1502,'Softcover','4/4 c','E5PLUS',119),(803,0.00,4,1502,'Softcover','4/4 c','F1926',78),(804,0.00,4,1502,'Softcover','4/4 c','F1926',79),(805,2.73,4,1502,'Softcover','4/4 c','F1926',80),(806,3.40,4,1502,'Softcover','4/4 c','F1926',81),(807,4.20,4,1502,'Softcover','4/4 c','F1926',82),(808,5.14,4,1502,'Softcover','4/4 c','F1926',83),(809,6.06,4,1502,'Softcover','4/4 c','F1926',84),(810,9.40,4,1502,'Softcover','4/4 c','F1926',85),(811,10.71,4,1502,'Softcover','4/4 c','F1926',86),(812,13.71,4,1502,'Softcover','4/4 c','F1926',87),(813,17.49,4,1502,'Softcover','4/4 c','F1926',88),(814,21.34,4,1502,'Softcover','4/4 c','F1926',89),(815,25.04,4,1502,'Softcover','4/4 c','F1926',90),(816,29.06,4,1502,'Softcover','4/4 c','F1926',91),(817,32.10,4,1502,'Softcover','4/4 c','F1926',92),(818,36.74,4,1502,'Softcover','4/4 c','F1926',93),(819,42.30,4,1502,'Softcover','4/4 c','F1926',94),(820,46.13,4,1502,'Softcover','4/4 c','F1926',95),(821,49.95,4,1502,'Softcover','4/4 c','F1926',96),(822,53.84,4,1502,'Softcover','4/4 c','F1926',97),(823,58.61,4,1502,'Softcover','4/4 c','F1926',98),(824,61.03,4,1502,'Softcover','4/4 c','F1926',99),(825,64.12,4,1502,'Softcover','4/4 c','F1926',100),(826,67.87,4,1502,'Softcover','4/4 c','F1926',101),(827,73.35,4,1502,'Softcover','4/4 c','F1926',102),(828,77.12,4,1502,'Softcover','4/4 c','F1926',103),(829,83.39,4,1502,'Softcover','4/4 c','F1926',104),(830,86.00,4,1502,'Softcover','4/4 c','F1926',105),(831,88.63,4,1502,'Softcover','4/4 c','F1926',106),(832,92.42,4,1502,'Softcover','4/4 c','F1926',107),(833,96.18,4,1502,'Softcover','4/4 c','F1926',108),(834,99.96,4,1502,'Softcover','4/4 c','F1926',109),(835,105.01,4,1502,'Softcover','4/4 c','F1926',110),(836,110.29,4,1502,'Softcover','4/4 c','F1926',111),(837,114.15,4,1502,'Softcover','4/4 c','F1926',112),(838,117.92,4,1502,'Softcover','4/4 c','F1926',113),(839,123.11,4,1502,'Softcover','4/4 c','F1926',114),(840,125.58,4,1502,'Softcover','4/4 c','F1926',115),(841,130.70,4,1502,'Softcover','4/4 c','F1926',116),(842,133.24,4,1502,'Softcover','4/4 c','F1926',117),(843,0.00,4,1502,'Softcover','4/4 c','F1926',118),(844,0.00,4,1502,'Softcover','4/4 c','F1926',119),(845,0.00,5,1502,'Softcover','4/4 c','A4',78),(846,0.00,5,1502,'Softcover','4/4 c','A4',79),(847,1.33,5,1502,'Softcover','4/4 c','A4',80),(848,1.63,5,1502,'Softcover','4/4 c','A4',81),(849,1.99,5,1502,'Softcover','4/4 c','A4',82),(850,2.40,5,1502,'Softcover','4/4 c','A4',83),(851,2.78,5,1502,'Softcover','4/4 c','A4',84),(852,3.93,5,1502,'Softcover','4/4 c','A4',85),(853,4.51,5,1502,'Softcover','4/4 c','A4',86),(854,5.74,5,1502,'Softcover','4/4 c','A4',87),(855,7.38,5,1502,'Softcover','4/4 c','A4',88),(856,9.07,5,1502,'Softcover','4/4 c','A4',89),(857,10.67,5,1502,'Softcover','4/4 c','A4',90),(858,12.44,5,1502,'Softcover','4/4 c','A4',91),(859,13.75,5,1502,'Softcover','4/4 c','A4',92),(860,15.83,5,1502,'Softcover','4/4 c','A4',93),(861,18.18,5,1502,'Softcover','4/4 c','A4',94),(862,19.85,5,1502,'Softcover','4/4 c','A4',95),(863,21.50,5,1502,'Softcover','4/4 c','A4',96),(864,23.22,5,1502,'Softcover','4/4 c','A4',97),(865,25.29,5,1502,'Softcover','4/4 c','A4',98),(866,26.37,5,1502,'Softcover','4/4 c','A4',99),(867,27.75,5,1502,'Softcover','4/4 c','A4',100),(868,29.38,5,1502,'Softcover','4/4 c','A4',101),(869,31.69,5,1502,'Softcover','4/4 c','A4',102),(870,33.32,5,1502,'Softcover','4/4 c','A4',103),(871,36.07,5,1502,'Softcover','4/4 c','A4',104),(872,37.21,5,1502,'Softcover','4/4 c','A4',105),(873,38.41,5,1502,'Softcover','4/4 c','A4',106),(874,40.05,5,1502,'Softcover','4/4 c','A4',107),(875,41.68,5,1502,'Softcover','4/4 c','A4',108),(876,43.34,5,1502,'Softcover','4/4 c','A4',109),(877,45.52,5,1502,'Softcover','4/4 c','A4',110),(878,47.81,5,1502,'Softcover','4/4 c','A4',111),(879,49.46,5,1502,'Softcover','4/4 c','A4',112),(880,51.11,5,1502,'Softcover','4/4 c','A4',113),(881,53.32,5,1502,'Softcover','4/4 c','A4',114),(882,54.43,5,1502,'Softcover','4/4 c','A4',115),(883,56.63,5,1502,'Softcover','4/4 c','A4',116),(884,57.74,5,1502,'Softcover','4/4 c','A4',117),(885,60.62,5,1502,'Softcover','4/4 c','A4',118),(886,64.24,5,1502,'Softcover','4/4 c','A4',119),(887,0.39,5,1502,'Softcover','4/4 c','A5',78),(888,0.78,5,1502,'Softcover','4/4 c','A5',79),(889,0.74,5,1502,'Softcover','4/4 c','A5',80),(890,0.94,5,1502,'Softcover','4/4 c','A5',81),(891,1.18,5,1502,'Softcover','4/4 c','A5',82),(892,1.47,5,1502,'Softcover','4/4 c','A5',83),(893,1.78,5,1502,'Softcover','4/4 c','A5',84),(894,2.51,5,1502,'Softcover','4/4 c','A5',85),(895,2.88,5,1502,'Softcover','4/4 c','A5',86),(896,3.67,5,1502,'Softcover','4/4 c','A5',87),(897,4.72,5,1502,'Softcover','4/4 c','A5',88),(898,5.80,5,1502,'Softcover','4/4 c','A5',89),(899,6.83,5,1502,'Softcover','4/4 c','A5',90),(900,7.96,5,1502,'Softcover','4/4 c','A5',91),(901,8.80,5,1502,'Softcover','4/4 c','A5',92),(902,10.13,5,1502,'Softcover','4/4 c','A5',93),(903,11.64,5,1502,'Softcover','4/4 c','A5',94),(904,12.70,5,1502,'Softcover','4/4 c','A5',95),(905,13.76,5,1502,'Softcover','4/4 c','A5',96),(906,14.86,5,1502,'Softcover','4/4 c','A5',97),(907,16.18,5,1502,'Softcover','4/4 c','A5',98),(908,16.88,5,1502,'Softcover','4/4 c','A5',99),(909,17.76,5,1502,'Softcover','4/4 c','A5',100),(910,18.80,5,1502,'Softcover','4/4 c','A5',101),(911,20.28,5,1502,'Softcover','4/4 c','A5',102),(912,21.32,5,1502,'Softcover','4/4 c','A5',103),(913,23.09,5,1502,'Softcover','4/4 c','A5',104),(914,23.81,5,1502,'Softcover','4/4 c','A5',105),(915,24.58,5,1502,'Softcover','4/4 c','A5',106),(916,25.63,5,1502,'Softcover','4/4 c','A5',107),(917,26.67,5,1502,'Softcover','4/4 c','A5',108),(918,27.74,5,1502,'Softcover','4/4 c','A5',109),(919,29.13,5,1502,'Softcover','4/4 c','A5',110),(920,30.60,5,1502,'Softcover','4/4 c','A5',111),(921,31.66,5,1502,'Softcover','4/4 c','A5',112),(922,32.71,5,1502,'Softcover','4/4 c','A5',113),(923,34.13,5,1502,'Softcover','4/4 c','A5',114),(924,34.83,5,1502,'Softcover','4/4 c','A5',115),(925,36.25,5,1502,'Softcover','4/4 c','A5',116),(926,36.95,5,1502,'Softcover','4/4 c','A5',117),(927,38.80,5,1502,'Softcover','4/4 c','A5',118),(928,41.11,5,1502,'Softcover','4/4 c','A5',119),(929,0.28,5,1502,'Softcover','4/4 c','A6',78),(930,0.56,5,1502,'Softcover','4/4 c','A6',79),(931,0.38,5,1502,'Softcover','4/4 c','A6',80),(932,0.49,5,1502,'Softcover','4/4 c','A6',81),(933,0.62,5,1502,'Softcover','4/4 c','A6',82),(934,0.78,5,1502,'Softcover','4/4 c','A6',83),(935,0.96,5,1502,'Softcover','4/4 c','A6',84),(936,1.36,5,1502,'Softcover','4/4 c','A6',85),(937,1.56,5,1502,'Softcover','4/4 c','A6',86),(938,1.98,5,1502,'Softcover','4/4 c','A6',87),(939,2.55,5,1502,'Softcover','4/4 c','A6',88),(940,3.13,5,1502,'Softcover','4/4 c','A6',89),(941,3.69,5,1502,'Softcover','4/4 c','A6',90),(942,4.30,5,1502,'Softcover','4/4 c','A6',91),(943,4.75,5,1502,'Softcover','4/4 c','A6',92),(944,5.47,5,1502,'Softcover','4/4 c','A6',93),(945,6.28,5,1502,'Softcover','4/4 c','A6',94),(946,6.86,5,1502,'Softcover','4/4 c','A6',95),(947,7.43,5,1502,'Softcover','4/4 c','A6',96),(948,8.03,5,1502,'Softcover','4/4 c','A6',97),(949,8.74,5,1502,'Softcover','4/4 c','A6',98),(950,9.11,5,1502,'Softcover','4/4 c','A6',99),(951,9.59,5,1502,'Softcover','4/4 c','A6',100),(952,10.15,5,1502,'Softcover','4/4 c','A6',101),(953,10.95,5,1502,'Softcover','4/4 c','A6',102),(954,11.51,5,1502,'Softcover','4/4 c','A6',103),(955,12.47,5,1502,'Softcover','4/4 c','A6',104),(956,12.86,5,1502,'Softcover','4/4 c','A6',105),(957,13.27,5,1502,'Softcover','4/4 c','A6',106),(958,13.84,5,1502,'Softcover','4/4 c','A6',107),(959,14.40,5,1502,'Softcover','4/4 c','A6',108),(960,14.98,5,1502,'Softcover','4/4 c','A6',109),(961,15.73,5,1502,'Softcover','4/4 c','A6',110),(962,16.52,5,1502,'Softcover','4/4 c','A6',111),(963,17.09,5,1502,'Softcover','4/4 c','A6',112),(964,17.66,5,1502,'Softcover','4/4 c','A6',113),(965,18.43,5,1502,'Softcover','4/4 c','A6',114),(966,18.81,5,1502,'Softcover','4/4 c','A6',115),(967,19.57,5,1502,'Softcover','4/4 c','A6',116),(968,19.95,5,1502,'Softcover','4/4 c','A6',117),(969,20.95,5,1502,'Softcover','4/4 c','A6',118),(970,22.20,5,1502,'Softcover','4/4 c','A6',119),(971,0.00,5,1502,'Softcover','4/4 c','E5PLUS',78),(972,0.00,5,1502,'Softcover','4/4 c','E5PLUS',79),(973,0.78,5,1502,'Softcover','4/4 c','E5PLUS',80),(974,0.98,5,1502,'Softcover','4/4 c','E5PLUS',81),(975,1.22,5,1502,'Softcover','4/4 c','E5PLUS',82),(976,1.50,5,1502,'Softcover','4/4 c','E5PLUS',83),(977,1.81,5,1502,'Softcover','4/4 c','E5PLUS',84),(978,2.55,5,1502,'Softcover','4/4 c','E5PLUS',85),(979,2.93,5,1502,'Softcover','4/4 c','E5PLUS',86),(980,3.73,5,1502,'Softcover','4/4 c','E5PLUS',87),(981,4.80,5,1502,'Softcover','4/4 c','E5PLUS',88),(982,5.89,5,1502,'Softcover','4/4 c','E5PLUS',89),(983,6.93,5,1502,'Softcover','4/4 c','E5PLUS',90),(984,8.09,5,1502,'Softcover','4/4 c','E5PLUS',91),(985,8.94,5,1502,'Softcover','4/4 c','E5PLUS',92),(986,10.29,5,1502,'Softcover','4/4 c','E5PLUS',93),(987,11.82,5,1502,'Softcover','4/4 c','E5PLUS',94),(988,12.90,5,1502,'Softcover','4/4 c','E5PLUS',95),(989,13.98,5,1502,'Softcover','4/4 c','E5PLUS',96),(990,15.09,5,1502,'Softcover','4/4 c','E5PLUS',97),(991,16.44,5,1502,'Softcover','4/4 c','E5PLUS',98),(992,17.14,5,1502,'Softcover','4/4 c','E5PLUS',99),(993,18.03,5,1502,'Softcover','4/4 c','E5PLUS',100),(994,19.09,5,1502,'Softcover','4/4 c','E5PLUS',101),(995,20.60,5,1502,'Softcover','4/4 c','E5PLUS',102),(996,21.66,5,1502,'Softcover','4/4 c','E5PLUS',103),(997,23.45,5,1502,'Softcover','4/4 c','E5PLUS',104),(998,24.18,5,1502,'Softcover','4/4 c','E5PLUS',105),(999,24.97,5,1502,'Softcover','4/4 c','E5PLUS',106),(1000,26.03,5,1502,'Softcover','4/4 c','E5PLUS',107),(1001,27.09,5,1502,'Softcover','4/4 c','E5PLUS',108),(1002,28.17,5,1502,'Softcover','4/4 c','E5PLUS',109),(1003,29.59,5,1502,'Softcover','4/4 c','E5PLUS',110),(1004,31.08,5,1502,'Softcover','4/4 c','E5PLUS',111),(1005,32.15,5,1502,'Softcover','4/4 c','E5PLUS',112),(1006,33.22,5,1502,'Softcover','4/4 c','E5PLUS',113),(1007,34.66,5,1502,'Softcover','4/4 c','E5PLUS',114),(1008,35.38,5,1502,'Softcover','4/4 c','E5PLUS',115),(1009,36.81,5,1502,'Softcover','4/4 c','E5PLUS',116),(1010,37.53,5,1502,'Softcover','4/4 c','E5PLUS',117),(1011,39.41,5,1502,'Softcover','4/4 c','E5PLUS',118),(1012,41.75,5,1502,'Softcover','4/4 c','E5PLUS',119),(1013,0.00,5,1502,'Softcover','4/4 c','F1926',78),(1014,0.00,5,1502,'Softcover','4/4 c','F1926',79),(1015,1.31,5,1502,'Softcover','4/4 c','F1926',80),(1016,1.63,5,1502,'Softcover','4/4 c','F1926',81),(1017,2.01,5,1502,'Softcover','4/4 c','F1926',82),(1018,2.46,5,1502,'Softcover','4/4 c','F1926',83),(1019,2.90,5,1502,'Softcover','4/4 c','F1926',84),(1020,4.11,5,1502,'Softcover','4/4 c','F1926',85),(1021,4.71,5,1502,'Softcover','4/4 c','F1926',86),(1022,6.00,5,1502,'Softcover','4/4 c','F1926',87),(1023,7.71,5,1502,'Softcover','4/4 c','F1926',88),(1024,9.48,5,1502,'Softcover','4/4 c','F1926',89),(1025,11.15,5,1502,'Softcover','4/4 c','F1926',90),(1026,13.00,5,1502,'Softcover','4/4 c','F1926',91),(1027,14.37,5,1502,'Softcover','4/4 c','F1926',92),(1028,16.54,5,1502,'Softcover','4/4 c','F1926',93),(1029,19.00,5,1502,'Softcover','4/4 c','F1926',94),(1030,20.74,5,1502,'Softcover','4/4 c','F1926',95),(1031,22.47,5,1502,'Softcover','4/4 c','F1926',96),(1032,24.27,5,1502,'Softcover','4/4 c','F1926',97),(1033,26.42,5,1502,'Softcover','4/4 c','F1926',98),(1034,27.56,5,1502,'Softcover','4/4 c','F1926',99),(1035,28.99,5,1502,'Softcover','4/4 c','F1926',100),(1036,30.70,5,1502,'Softcover','4/4 c','F1926',101),(1037,33.11,5,1502,'Softcover','4/4 c','F1926',102),(1038,34.82,5,1502,'Softcover','4/4 c','F1926',103),(1039,37.70,5,1502,'Softcover','4/4 c','F1926',104),(1040,38.88,5,1502,'Softcover','4/4 c','F1926',105),(1041,40.14,5,1502,'Softcover','4/4 c','F1926',106),(1042,41.85,5,1502,'Softcover','4/4 c','F1926',107),(1043,43.55,5,1502,'Softcover','4/4 c','F1926',108),(1044,45.29,5,1502,'Softcover','4/4 c','F1926',109),(1045,47.57,5,1502,'Softcover','4/4 c','F1926',110),(1046,49.96,5,1502,'Softcover','4/4 c','F1926',111),(1047,51.69,5,1502,'Softcover','4/4 c','F1926',112),(1048,53.41,5,1502,'Softcover','4/4 c','F1926',113),(1049,55.72,5,1502,'Softcover','4/4 c','F1926',114),(1050,56.87,5,1502,'Softcover','4/4 c','F1926',115),(1051,59.18,5,1502,'Softcover','4/4 c','F1926',116),(1052,60.34,5,1502,'Softcover','4/4 c','F1926',117),(1053,0.00,5,1502,'Softcover','4/4 c','F1926',118),(1054,0.00,5,1502,'Softcover','4/4 c','F1926',119),(1055,0.00,6,1502,'Softcover','4/4 c','A4',78),(1056,0.00,6,1502,'Softcover','4/4 c','A4',79),(1057,0.96,6,1502,'Softcover','4/4 c','A4',80),(1058,1.17,6,1502,'Softcover','4/4 c','A4',81),(1059,1.44,6,1502,'Softcover','4/4 c','A4',82),(1060,1.72,6,1502,'Softcover','4/4 c','A4',83),(1061,2.00,6,1502,'Softcover','4/4 c','A4',84),(1062,2.80,6,1502,'Softcover','4/4 c','A4',85),(1063,3.23,6,1502,'Softcover','4/4 c','A4',86),(1064,4.10,6,1502,'Softcover','4/4 c','A4',87),(1065,5.31,6,1502,'Softcover','4/4 c','A4',88),(1066,6.55,6,1502,'Softcover','4/4 c','A4',89),(1067,7.71,6,1502,'Softcover','4/4 c','A4',90),(1068,9.04,6,1502,'Softcover','4/4 c','A4',91),(1069,10.00,6,1502,'Softcover','4/4 c','A4',92),(1070,11.57,6,1502,'Softcover','4/4 c','A4',93),(1071,13.25,6,1502,'Softcover','4/4 c','A4',94),(1072,14.47,6,1502,'Softcover','4/4 c','A4',95),(1073,15.68,6,1502,'Softcover','4/4 c','A4',96),(1074,16.94,6,1502,'Softcover','4/4 c','A4',97),(1075,18.46,6,1502,'Softcover','4/4 c','A4',98),(1076,19.27,6,1502,'Softcover','4/4 c','A4',99),(1077,20.28,6,1502,'Softcover','4/4 c','A4',100),(1078,21.49,6,1502,'Softcover','4/4 c','A4',101),(1079,23.14,6,1502,'Softcover','4/4 c','A4',102),(1080,24.34,6,1502,'Softcover','4/4 c','A4',103),(1081,26.34,6,1502,'Softcover','4/4 c','A4',104),(1082,27.18,6,1502,'Softcover','4/4 c','A4',105),(1083,28.09,6,1502,'Softcover','4/4 c','A4',106),(1084,29.29,6,1502,'Softcover','4/4 c','A4',107),(1085,30.48,6,1502,'Softcover','4/4 c','A4',108),(1086,31.69,6,1502,'Softcover','4/4 c','A4',109),(1087,33.30,6,1502,'Softcover','4/4 c','A4',110),(1088,34.96,6,1502,'Softcover','4/4 c','A4',111),(1089,36.18,6,1502,'Softcover','4/4 c','A4',112),(1090,37.38,6,1502,'Softcover','4/4 c','A4',113),(1091,39.00,6,1502,'Softcover','4/4 c','A4',114),(1092,39.80,6,1502,'Softcover','4/4 c','A4',115),(1093,41.42,6,1502,'Softcover','4/4 c','A4',116),(1094,42.24,6,1502,'Softcover','4/4 c','A4',117),(1095,44.35,6,1502,'Softcover','4/4 c','A4',118),(1096,45.58,6,1502,'Softcover','4/4 c','A4',119),(1097,0.29,6,1502,'Softcover','4/4 c','A5',78),(1098,0.58,6,1502,'Softcover','4/4 c','A5',79),(1099,0.53,6,1502,'Softcover','4/4 c','A5',80),(1100,0.67,6,1502,'Softcover','4/4 c','A5',81),(1101,0.85,6,1502,'Softcover','4/4 c','A5',82),(1102,1.06,6,1502,'Softcover','4/4 c','A5',83),(1103,1.28,6,1502,'Softcover','4/4 c','A5',84),(1104,1.79,6,1502,'Softcover','4/4 c','A5',85),(1105,2.07,6,1502,'Softcover','4/4 c','A5',86),(1106,2.62,6,1502,'Softcover','4/4 c','A5',87),(1107,3.40,6,1502,'Softcover','4/4 c','A5',88),(1108,4.19,6,1502,'Softcover','4/4 c','A5',89),(1109,4.94,6,1502,'Softcover','4/4 c','A5',90),(1110,5.78,6,1502,'Softcover','4/4 c','A5',91),(1111,6.40,6,1502,'Softcover','4/4 c','A5',92),(1112,7.40,6,1502,'Softcover','4/4 c','A5',93),(1113,8.48,6,1502,'Softcover','4/4 c','A5',94),(1114,9.26,6,1502,'Softcover','4/4 c','A5',95),(1115,10.04,6,1502,'Softcover','4/4 c','A5',96),(1116,10.84,6,1502,'Softcover','4/4 c','A5',97),(1117,11.81,6,1502,'Softcover','4/4 c','A5',98),(1118,12.33,6,1502,'Softcover','4/4 c','A5',99),(1119,12.98,6,1502,'Softcover','4/4 c','A5',100),(1120,13.75,6,1502,'Softcover','4/4 c','A5',101),(1121,14.81,6,1502,'Softcover','4/4 c','A5',102),(1122,15.58,6,1502,'Softcover','4/4 c','A5',103),(1123,16.86,6,1502,'Softcover','4/4 c','A5',104),(1124,17.40,6,1502,'Softcover','4/4 c','A5',105),(1125,17.98,6,1502,'Softcover','4/4 c','A5',106),(1126,18.74,6,1502,'Softcover','4/4 c','A5',107),(1127,19.51,6,1502,'Softcover','4/4 c','A5',108),(1128,20.28,6,1502,'Softcover','4/4 c','A5',109),(1129,21.31,6,1502,'Softcover','4/4 c','A5',110),(1130,22.37,6,1502,'Softcover','4/4 c','A5',111),(1131,23.16,6,1502,'Softcover','4/4 c','A5',112),(1132,23.92,6,1502,'Softcover','4/4 c','A5',113),(1133,24.96,6,1502,'Softcover','4/4 c','A5',114),(1134,25.47,6,1502,'Softcover','4/4 c','A5',115),(1135,26.51,6,1502,'Softcover','4/4 c','A5',116),(1136,27.03,6,1502,'Softcover','4/4 c','A5',117),(1137,28.38,6,1502,'Softcover','4/4 c','A5',118),(1138,29.17,6,1502,'Softcover','4/4 c','A5',119),(1139,0.21,6,1502,'Softcover','4/4 c','A6',78),(1140,0.42,6,1502,'Softcover','4/4 c','A6',79),(1141,0.28,6,1502,'Softcover','4/4 c','A6',80),(1142,0.35,6,1502,'Softcover','4/4 c','A6',81),(1143,0.45,6,1502,'Softcover','4/4 c','A6',82),(1144,0.56,6,1502,'Softcover','4/4 c','A6',83),(1145,0.69,6,1502,'Softcover','4/4 c','A6',84),(1146,0.97,6,1502,'Softcover','4/4 c','A6',85),(1147,1.12,6,1502,'Softcover','4/4 c','A6',86),(1148,1.42,6,1502,'Softcover','4/4 c','A6',87),(1149,1.83,6,1502,'Softcover','4/4 c','A6',88),(1150,2.26,6,1502,'Softcover','4/4 c','A6',89),(1151,2.67,6,1502,'Softcover','4/4 c','A6',90),(1152,3.12,6,1502,'Softcover','4/4 c','A6',91),(1153,3.46,6,1502,'Softcover','4/4 c','A6',92),(1154,4.00,6,1502,'Softcover','4/4 c','A6',93),(1155,4.58,6,1502,'Softcover','4/4 c','A6',94),(1156,5.00,6,1502,'Softcover','4/4 c','A6',95),(1157,5.42,6,1502,'Softcover','4/4 c','A6',96),(1158,5.85,6,1502,'Softcover','4/4 c','A6',97),(1159,6.38,6,1502,'Softcover','4/4 c','A6',98),(1160,6.66,6,1502,'Softcover','4/4 c','A6',99),(1161,7.01,6,1502,'Softcover','4/4 c','A6',100),(1162,7.43,6,1502,'Softcover','4/4 c','A6',101),(1163,8.00,6,1502,'Softcover','4/4 c','A6',102),(1164,8.41,6,1502,'Softcover','4/4 c','A6',103),(1165,9.10,6,1502,'Softcover','4/4 c','A6',104),(1166,9.39,6,1502,'Softcover','4/4 c','A6',105),(1167,9.71,6,1502,'Softcover','4/4 c','A6',106),(1168,10.12,6,1502,'Softcover','4/4 c','A6',107),(1169,10.53,6,1502,'Softcover','4/4 c','A6',108),(1170,10.95,6,1502,'Softcover','4/4 c','A6',109),(1171,11.51,6,1502,'Softcover','4/4 c','A6',110),(1172,12.08,6,1502,'Softcover','4/4 c','A6',111),(1173,12.50,6,1502,'Softcover','4/4 c','A6',112),(1174,12.92,6,1502,'Softcover','4/4 c','A6',113),(1175,13.48,6,1502,'Softcover','4/4 c','A6',114),(1176,13.76,6,1502,'Softcover','4/4 c','A6',115),(1177,14.32,6,1502,'Softcover','4/4 c','A6',116),(1178,14.60,6,1502,'Softcover','4/4 c','A6',117),(1179,15.33,6,1502,'Softcover','4/4 c','A6',118),(1180,15.75,6,1502,'Softcover','4/4 c','A6',119),(1181,0.00,6,1502,'Softcover','4/4 c','E5PLUS',78),(1182,0.00,6,1502,'Softcover','4/4 c','E5PLUS',79),(1183,0.56,6,1502,'Softcover','4/4 c','E5PLUS',80),(1184,0.70,6,1502,'Softcover','4/4 c','E5PLUS',81),(1185,0.88,6,1502,'Softcover','4/4 c','E5PLUS',82),(1186,1.08,6,1502,'Softcover','4/4 c','E5PLUS',83),(1187,1.30,6,1502,'Softcover','4/4 c','E5PLUS',84),(1188,1.82,6,1502,'Softcover','4/4 c','E5PLUS',85),(1189,2.10,6,1502,'Softcover','4/4 c','E5PLUS',86),(1190,2.66,6,1502,'Softcover','4/4 c','E5PLUS',87),(1191,3.45,6,1502,'Softcover','4/4 c','E5PLUS',88),(1192,4.26,6,1502,'Softcover','4/4 c','E5PLUS',89),(1193,5.01,6,1502,'Softcover','4/4 c','E5PLUS',90),(1194,5.87,6,1502,'Softcover','4/4 c','E5PLUS',91),(1195,6.50,6,1502,'Softcover','4/4 c','E5PLUS',92),(1196,7.52,6,1502,'Softcover','4/4 c','E5PLUS',93),(1197,8.61,6,1502,'Softcover','4/4 c','E5PLUS',94),(1198,9.41,6,1502,'Softcover','4/4 c','E5PLUS',95),(1199,10.19,6,1502,'Softcover','4/4 c','E5PLUS',96),(1200,11.01,6,1502,'Softcover','4/4 c','E5PLUS',97),(1201,12.00,6,1502,'Softcover','4/4 c','E5PLUS',98),(1202,12.52,6,1502,'Softcover','4/4 c','E5PLUS',99),(1203,13.18,6,1502,'Softcover','4/4 c','E5PLUS',100),(1204,13.97,6,1502,'Softcover','4/4 c','E5PLUS',101),(1205,15.04,6,1502,'Softcover','4/4 c','E5PLUS',102),(1206,15.82,6,1502,'Softcover','4/4 c','E5PLUS',103),(1207,17.12,6,1502,'Softcover','4/4 c','E5PLUS',104),(1208,17.67,6,1502,'Softcover','4/4 c','E5PLUS',105),(1209,18.26,6,1502,'Softcover','4/4 c','E5PLUS',106),(1210,19.04,6,1502,'Softcover','4/4 c','E5PLUS',107),(1211,19.81,6,1502,'Softcover','4/4 c','E5PLUS',108),(1212,20.60,6,1502,'Softcover','4/4 c','E5PLUS',109),(1213,21.64,6,1502,'Softcover','4/4 c','E5PLUS',110),(1214,22.72,6,1502,'Softcover','4/4 c','E5PLUS',111),(1215,23.52,6,1502,'Softcover','4/4 c','E5PLUS',112),(1216,24.30,6,1502,'Softcover','4/4 c','E5PLUS',113),(1217,25.35,6,1502,'Softcover','4/4 c','E5PLUS',114),(1218,25.87,6,1502,'Softcover','4/4 c','E5PLUS',115),(1219,26.92,6,1502,'Softcover','4/4 c','E5PLUS',116),(1220,27.45,6,1502,'Softcover','4/4 c','E5PLUS',117),(1221,28.83,6,1502,'Softcover','4/4 c','E5PLUS',118),(1222,29.63,6,1502,'Softcover','4/4 c','E5PLUS',119),(1223,0.00,6,1502,'Softcover','4/4 c','F1926',78),(1224,0.00,6,1502,'Softcover','4/4 c','F1926',79),(1225,0.94,6,1502,'Softcover','4/4 c','F1926',80),(1226,1.17,6,1502,'Softcover','4/4 c','F1926',81),(1227,1.45,6,1502,'Softcover','4/4 c','F1926',82),(1228,1.77,6,1502,'Softcover','4/4 c','F1926',83),(1229,2.09,6,1502,'Softcover','4/4 c','F1926',84),(1230,2.92,6,1502,'Softcover','4/4 c','F1926',85),(1231,3.38,6,1502,'Softcover','4/4 c','F1926',86),(1232,4.28,6,1502,'Softcover','4/4 c','F1926',87),(1233,5.54,6,1502,'Softcover','4/4 c','F1926',88),(1234,6.84,6,1502,'Softcover','4/4 c','F1926',89),(1235,8.06,6,1502,'Softcover','4/4 c','F1926',90),(1236,9.44,6,1502,'Softcover','4/4 c','F1926',91),(1237,10.45,6,1502,'Softcover','4/4 c','F1926',92),(1238,12.09,6,1502,'Softcover','4/4 c','F1926',93),(1239,13.85,6,1502,'Softcover','4/4 c','F1926',94),(1240,15.13,6,1502,'Softcover','4/4 c','F1926',95),(1241,16.39,6,1502,'Softcover','4/4 c','F1926',96),(1242,17.70,6,1502,'Softcover','4/4 c','F1926',97),(1243,19.29,6,1502,'Softcover','4/4 c','F1926',98),(1244,20.13,6,1502,'Softcover','4/4 c','F1926',99),(1245,21.20,6,1502,'Softcover','4/4 c','F1926',100),(1246,22.46,6,1502,'Softcover','4/4 c','F1926',101),(1247,24.19,6,1502,'Softcover','4/4 c','F1926',102),(1248,25.44,6,1502,'Softcover','4/4 c','F1926',103),(1249,27.53,6,1502,'Softcover','4/4 c','F1926',104),(1250,28.41,6,1502,'Softcover','4/4 c','F1926',105),(1251,29.35,6,1502,'Softcover','4/4 c','F1926',106),(1252,30.60,6,1502,'Softcover','4/4 c','F1926',107),(1253,31.85,6,1502,'Softcover','4/4 c','F1926',108),(1254,33.11,6,1502,'Softcover','4/4 c','F1926',109),(1255,34.79,6,1502,'Softcover','4/4 c','F1926',110),(1256,36.53,6,1502,'Softcover','4/4 c','F1926',111),(1257,37.81,6,1502,'Softcover','4/4 c','F1926',112),(1258,39.06,6,1502,'Softcover','4/4 c','F1926',113),(1259,40.75,6,1502,'Softcover','4/4 c','F1926',114),(1260,41.59,6,1502,'Softcover','4/4 c','F1926',115),(1261,43.29,6,1502,'Softcover','4/4 c','F1926',116),(1262,44.14,6,1502,'Softcover','4/4 c','F1926',117),(1263,0.00,6,1502,'Softcover','4/4 c','F1926',118),(1264,0.00,6,1502,'Softcover','4/4 c','F1926',119),(1265,0.00,7,1502,'Softcover','4/4 c','A4',78),(1266,0.00,7,1502,'Softcover','4/4 c','A4',79),(1267,0.74,7,1502,'Softcover','4/4 c','A4',80),(1268,0.91,7,1502,'Softcover','4/4 c','A4',81),(1269,1.11,7,1502,'Softcover','4/4 c','A4',82),(1270,1.33,7,1502,'Softcover','4/4 c','A4',83),(1271,1.54,7,1502,'Softcover','4/4 c','A4',84),(1272,2.22,7,1502,'Softcover','4/4 c','A4',85),(1273,2.61,7,1502,'Softcover','4/4 c','A4',86),(1274,3.26,7,1502,'Softcover','4/4 c','A4',87),(1275,4.28,7,1502,'Softcover','4/4 c','A4',88),(1276,5.31,7,1502,'Softcover','4/4 c','A4',89),(1277,6.25,7,1502,'Softcover','4/4 c','A4',90),(1278,7.35,7,1502,'Softcover','4/4 c','A4',91),(1279,7.89,7,1502,'Softcover','4/4 c','A4',92),(1280,9.16,7,1502,'Softcover','4/4 c','A4',93),(1281,10.48,7,1502,'Softcover','4/4 c','A4',94),(1282,11.45,7,1502,'Softcover','4/4 c','A4',95),(1283,12.41,7,1502,'Softcover','4/4 c','A4',96),(1284,13.42,7,1502,'Softcover','4/4 c','A4',97),(1285,14.62,7,1502,'Softcover','4/4 c','A4',98),(1286,15.71,7,1502,'Softcover','4/4 c','A4',99),(1287,16.56,7,1502,'Softcover','4/4 c','A4',100),(1288,17.37,7,1502,'Softcover','4/4 c','A4',101),(1289,18.68,7,1502,'Softcover','4/4 c','A4',102),(1290,19.67,7,1502,'Softcover','4/4 c','A4',103),(1291,21.28,7,1502,'Softcover','4/4 c','A4',104),(1292,21.96,7,1502,'Softcover','4/4 c','A4',105),(1293,22.94,7,1502,'Softcover','4/4 c','A4',106),(1294,23.91,7,1502,'Softcover','4/4 c','A4',107),(1295,24.87,7,1502,'Softcover','4/4 c','A4',108),(1296,25.87,7,1502,'Softcover','4/4 c','A4',109),(1297,27.18,7,1502,'Softcover','4/4 c','A4',110),(1298,28.54,7,1502,'Softcover','4/4 c','A4',111),(1299,29.52,7,1502,'Softcover','4/4 c','A4',112),(1300,30.51,7,1502,'Softcover','4/4 c','A4',113),(1301,31.83,7,1502,'Softcover','4/4 c','A4',114),(1302,32.49,7,1502,'Softcover','4/4 c','A4',115),(1303,33.82,7,1502,'Softcover','4/4 c','A4',116),(1304,34.48,7,1502,'Softcover','4/4 c','A4',117),(1305,36.20,7,1502,'Softcover','4/4 c','A4',118),(1306,37.21,7,1502,'Softcover','4/4 c','A4',119),(1307,0.23,7,1502,'Softcover','4/4 c','A5',78),(1308,0.46,7,1502,'Softcover','4/4 c','A5',79),(1309,0.41,7,1502,'Softcover','4/4 c','A5',80),(1310,0.52,7,1502,'Softcover','4/4 c','A5',81),(1311,0.65,7,1502,'Softcover','4/4 c','A5',82),(1312,0.82,7,1502,'Softcover','4/4 c','A5',83),(1313,0.99,7,1502,'Softcover','4/4 c','A5',84),(1314,1.42,7,1502,'Softcover','4/4 c','A5',85),(1315,1.67,7,1502,'Softcover','4/4 c','A5',86),(1316,2.09,7,1502,'Softcover','4/4 c','A5',87),(1317,2.74,7,1502,'Softcover','4/4 c','A5',88),(1318,3.40,7,1502,'Softcover','4/4 c','A5',89),(1319,4.00,7,1502,'Softcover','4/4 c','A5',90),(1320,4.70,7,1502,'Softcover','4/4 c','A5',91),(1321,5.05,7,1502,'Softcover','4/4 c','A5',92),(1322,5.86,7,1502,'Softcover','4/4 c','A5',93),(1323,6.70,7,1502,'Softcover','4/4 c','A5',94),(1324,7.33,7,1502,'Softcover','4/4 c','A5',95),(1325,7.94,7,1502,'Softcover','4/4 c','A5',96),(1326,8.59,7,1502,'Softcover','4/4 c','A5',97),(1327,9.36,7,1502,'Softcover','4/4 c','A5',98),(1328,10.06,7,1502,'Softcover','4/4 c','A5',99),(1329,10.60,7,1502,'Softcover','4/4 c','A5',100),(1330,11.11,7,1502,'Softcover','4/4 c','A5',101),(1331,11.96,7,1502,'Softcover','4/4 c','A5',102),(1332,12.59,7,1502,'Softcover','4/4 c','A5',103),(1333,13.62,7,1502,'Softcover','4/4 c','A5',104),(1334,14.05,7,1502,'Softcover','4/4 c','A5',105),(1335,14.68,7,1502,'Softcover','4/4 c','A5',106),(1336,15.30,7,1502,'Softcover','4/4 c','A5',107),(1337,15.92,7,1502,'Softcover','4/4 c','A5',108),(1338,16.56,7,1502,'Softcover','4/4 c','A5',109),(1339,17.39,7,1502,'Softcover','4/4 c','A5',110),(1340,18.26,7,1502,'Softcover','4/4 c','A5',111),(1341,18.89,7,1502,'Softcover','4/4 c','A5',112),(1342,19.53,7,1502,'Softcover','4/4 c','A5',113),(1343,20.37,7,1502,'Softcover','4/4 c','A5',114),(1344,20.80,7,1502,'Softcover','4/4 c','A5',115),(1345,21.65,7,1502,'Softcover','4/4 c','A5',116),(1346,22.06,7,1502,'Softcover','4/4 c','A5',117),(1347,23.17,7,1502,'Softcover','4/4 c','A5',118),(1348,23.81,7,1502,'Softcover','4/4 c','A5',119),(1349,0.17,7,1502,'Softcover','4/4 c','A6',78),(1350,0.33,7,1502,'Softcover','4/4 c','A6',79),(1351,0.21,7,1502,'Softcover','4/4 c','A6',80),(1352,0.27,7,1502,'Softcover','4/4 c','A6',81),(1353,0.35,7,1502,'Softcover','4/4 c','A6',82),(1354,0.44,7,1502,'Softcover','4/4 c','A6',83),(1355,0.53,7,1502,'Softcover','4/4 c','A6',84),(1356,0.77,7,1502,'Softcover','4/4 c','A6',85),(1357,0.90,7,1502,'Softcover','4/4 c','A6',86),(1358,1.13,7,1502,'Softcover','4/4 c','A6',87),(1359,1.48,7,1502,'Softcover','4/4 c','A6',88),(1360,1.83,7,1502,'Softcover','4/4 c','A6',89),(1361,2.16,7,1502,'Softcover','4/4 c','A6',90),(1362,2.54,7,1502,'Softcover','4/4 c','A6',91),(1363,2.73,7,1502,'Softcover','4/4 c','A6',92),(1364,3.17,7,1502,'Softcover','4/4 c','A6',93),(1365,3.62,7,1502,'Softcover','4/4 c','A6',94),(1366,3.96,7,1502,'Softcover','4/4 c','A6',95),(1367,4.29,7,1502,'Softcover','4/4 c','A6',96),(1368,4.64,7,1502,'Softcover','4/4 c','A6',97),(1369,5.05,7,1502,'Softcover','4/4 c','A6',98),(1370,5.43,7,1502,'Softcover','4/4 c','A6',99),(1371,5.72,7,1502,'Softcover','4/4 c','A6',100),(1372,6.00,7,1502,'Softcover','4/4 c','A6',101),(1373,6.46,7,1502,'Softcover','4/4 c','A6',102),(1374,6.80,7,1502,'Softcover','4/4 c','A6',103),(1375,7.36,7,1502,'Softcover','4/4 c','A6',104),(1376,7.59,7,1502,'Softcover','4/4 c','A6',105),(1377,7.93,7,1502,'Softcover','4/4 c','A6',106),(1378,8.26,7,1502,'Softcover','4/4 c','A6',107),(1379,8.60,7,1502,'Softcover','4/4 c','A6',108),(1380,8.94,7,1502,'Softcover','4/4 c','A6',109),(1381,9.39,7,1502,'Softcover','4/4 c','A6',110),(1382,9.86,7,1502,'Softcover','4/4 c','A6',111),(1383,10.20,7,1502,'Softcover','4/4 c','A6',112),(1384,10.54,7,1502,'Softcover','4/4 c','A6',113),(1385,11.00,7,1502,'Softcover','4/4 c','A6',114),(1386,11.23,7,1502,'Softcover','4/4 c','A6',115),(1387,11.69,7,1502,'Softcover','4/4 c','A6',116),(1388,11.91,7,1502,'Softcover','4/4 c','A6',117),(1389,12.51,7,1502,'Softcover','4/4 c','A6',118),(1390,12.86,7,1502,'Softcover','4/4 c','A6',119),(1391,0.00,7,1502,'Softcover','4/4 c','E5PLUS',78),(1392,0.00,7,1502,'Softcover','4/4 c','E5PLUS',79),(1393,0.43,7,1502,'Softcover','4/4 c','E5PLUS',80),(1394,0.54,7,1502,'Softcover','4/4 c','E5PLUS',81),(1395,0.68,7,1502,'Softcover','4/4 c','E5PLUS',82),(1396,0.84,7,1502,'Softcover','4/4 c','E5PLUS',83),(1397,1.00,7,1502,'Softcover','4/4 c','E5PLUS',84),(1398,1.44,7,1502,'Softcover','4/4 c','E5PLUS',85),(1399,1.70,7,1502,'Softcover','4/4 c','E5PLUS',86),(1400,2.12,7,1502,'Softcover','4/4 c','E5PLUS',87),(1401,2.78,7,1502,'Softcover','4/4 c','E5PLUS',88),(1402,3.45,7,1502,'Softcover','4/4 c','E5PLUS',89),(1403,4.06,7,1502,'Softcover','4/4 c','E5PLUS',90),(1404,4.78,7,1502,'Softcover','4/4 c','E5PLUS',91),(1405,5.13,7,1502,'Softcover','4/4 c','E5PLUS',92),(1406,5.95,7,1502,'Softcover','4/4 c','E5PLUS',93),(1407,6.81,7,1502,'Softcover','4/4 c','E5PLUS',94),(1408,7.44,7,1502,'Softcover','4/4 c','E5PLUS',95),(1409,8.07,7,1502,'Softcover','4/4 c','E5PLUS',96),(1410,8.73,7,1502,'Softcover','4/4 c','E5PLUS',97),(1411,9.51,7,1502,'Softcover','4/4 c','E5PLUS',98),(1412,10.21,7,1502,'Softcover','4/4 c','E5PLUS',99),(1413,10.76,7,1502,'Softcover','4/4 c','E5PLUS',100),(1414,11.29,7,1502,'Softcover','4/4 c','E5PLUS',101),(1415,12.14,7,1502,'Softcover','4/4 c','E5PLUS',102),(1416,12.78,7,1502,'Softcover','4/4 c','E5PLUS',103),(1417,13.83,7,1502,'Softcover','4/4 c','E5PLUS',104),(1418,14.27,7,1502,'Softcover','4/4 c','E5PLUS',105),(1419,14.91,7,1502,'Softcover','4/4 c','E5PLUS',106),(1420,15.54,7,1502,'Softcover','4/4 c','E5PLUS',107),(1421,16.17,7,1502,'Softcover','4/4 c','E5PLUS',108),(1422,16.81,7,1502,'Softcover','4/4 c','E5PLUS',109),(1423,17.66,7,1502,'Softcover','4/4 c','E5PLUS',110),(1424,18.55,7,1502,'Softcover','4/4 c','E5PLUS',111),(1425,19.19,7,1502,'Softcover','4/4 c','E5PLUS',112),(1426,19.83,7,1502,'Softcover','4/4 c','E5PLUS',113),(1427,20.69,7,1502,'Softcover','4/4 c','E5PLUS',114),(1428,21.12,7,1502,'Softcover','4/4 c','E5PLUS',115),(1429,21.98,7,1502,'Softcover','4/4 c','E5PLUS',116),(1430,22.41,7,1502,'Softcover','4/4 c','E5PLUS',117),(1431,23.53,7,1502,'Softcover','4/4 c','E5PLUS',118),(1432,24.18,7,1502,'Softcover','4/4 c','E5PLUS',119),(1433,0.00,7,1502,'Softcover','4/4 c','F1926',78),(1434,0.00,7,1502,'Softcover','4/4 c','F1926',79),(1435,0.73,7,1502,'Softcover','4/4 c','F1926',80),(1436,0.91,7,1502,'Softcover','4/4 c','F1926',81),(1437,1.12,7,1502,'Softcover','4/4 c','F1926',82),(1438,1.37,7,1502,'Softcover','4/4 c','F1926',83),(1439,1.61,7,1502,'Softcover','4/4 c','F1926',84),(1440,2.32,7,1502,'Softcover','4/4 c','F1926',85),(1441,2.73,7,1502,'Softcover','4/4 c','F1926',86),(1442,3.41,7,1502,'Softcover','4/4 c','F1926',87),(1443,4.48,7,1502,'Softcover','4/4 c','F1926',88),(1444,5.54,7,1502,'Softcover','4/4 c','F1926',89),(1445,6.53,7,1502,'Softcover','4/4 c','F1926',90),(1446,7.68,7,1502,'Softcover','4/4 c','F1926',91),(1447,8.25,7,1502,'Softcover','4/4 c','F1926',92),(1448,9.57,7,1502,'Softcover','4/4 c','F1926',93),(1449,10.95,7,1502,'Softcover','4/4 c','F1926',94),(1450,11.96,7,1502,'Softcover','4/4 c','F1926',95),(1451,12.97,7,1502,'Softcover','4/4 c','F1926',96),(1452,14.03,7,1502,'Softcover','4/4 c','F1926',97),(1453,15.28,7,1502,'Softcover','4/4 c','F1926',98),(1454,16.42,7,1502,'Softcover','4/4 c','F1926',99),(1455,17.30,7,1502,'Softcover','4/4 c','F1926',100),(1456,18.15,7,1502,'Softcover','4/4 c','F1926',101),(1457,19.52,7,1502,'Softcover','4/4 c','F1926',102),(1458,20.55,7,1502,'Softcover','4/4 c','F1926',103),(1459,22.24,7,1502,'Softcover','4/4 c','F1926',104),(1460,22.94,7,1502,'Softcover','4/4 c','F1926',105),(1461,23.97,7,1502,'Softcover','4/4 c','F1926',106),(1462,24.98,7,1502,'Softcover','4/4 c','F1926',107),(1463,25.99,7,1502,'Softcover','4/4 c','F1926',108),(1464,27.03,7,1502,'Softcover','4/4 c','F1926',109),(1465,28.40,7,1502,'Softcover','4/4 c','F1926',110),(1466,29.82,7,1502,'Softcover','4/4 c','F1926',111),(1467,30.85,7,1502,'Softcover','4/4 c','F1926',112),(1468,31.88,7,1502,'Softcover','4/4 c','F1926',113),(1469,33.26,7,1502,'Softcover','4/4 c','F1926',114),(1470,33.95,7,1502,'Softcover','4/4 c','F1926',115),(1471,35.34,7,1502,'Softcover','4/4 c','F1926',116),(1472,36.03,7,1502,'Softcover','4/4 c','F1926',117),(1473,0.00,7,1502,'Softcover','4/4 c','F1926',118),(1474,0.00,7,1502,'Softcover','4/4 c','F1926',119),(1475,0.00,8,1502,'Softcover','4/4 c','A4',78),(1476,0.00,8,1502,'Softcover','4/4 c','A4',79),(1477,0.62,8,1502,'Softcover','4/4 c','A4',80),(1478,0.76,8,1502,'Softcover','4/4 c','A4',81),(1479,0.93,8,1502,'Softcover','4/4 c','A4',82),(1480,1.12,8,1502,'Softcover','4/4 c','A4',83),(1481,1.30,8,1502,'Softcover','4/4 c','A4',84),(1482,1.89,8,1502,'Softcover','4/4 c','A4',85),(1483,2.22,8,1502,'Softcover','4/4 c','A4',86),(1484,2.80,8,1502,'Softcover','4/4 c','A4',87),(1485,3.65,8,1502,'Softcover','4/4 c','A4',88),(1486,4.54,8,1502,'Softcover','4/4 c','A4',89),(1487,5.36,8,1502,'Softcover','4/4 c','A4',90),(1488,6.33,8,1502,'Softcover','4/4 c','A4',91),(1489,6.79,8,1502,'Softcover','4/4 c','A4',92),(1490,7.91,8,1502,'Softcover','4/4 c','A4',93),(1491,9.03,8,1502,'Softcover','4/4 c','A4',94),(1492,9.87,8,1502,'Softcover','4/4 c','A4',95),(1493,10.71,8,1502,'Softcover','4/4 c','A4',96),(1494,11.58,8,1502,'Softcover','4/4 c','A4',97),(1495,12.63,8,1502,'Softcover','4/4 c','A4',98),(1496,13.58,8,1502,'Softcover','4/4 c','A4',99),(1497,14.31,8,1502,'Softcover','4/4 c','A4',100),(1498,15.02,8,1502,'Softcover','4/4 c','A4',101),(1499,16.15,8,1502,'Softcover','4/4 c','A4',102),(1500,16.98,8,1502,'Softcover','4/4 c','A4',103),(1501,18.39,8,1502,'Softcover','4/4 c','A4',104),(1502,18.99,8,1502,'Softcover','4/4 c','A4',105),(1503,19.83,8,1502,'Softcover','4/4 c','A4',106),(1504,20.69,8,1502,'Softcover','4/4 c','A4',107),(1505,21.53,8,1502,'Softcover','4/4 c','A4',108),(1506,22.38,8,1502,'Softcover','4/4 c','A4',109),(1507,23.52,8,1502,'Softcover','4/4 c','A4',110),(1508,24.70,8,1502,'Softcover','4/4 c','A4',111),(1509,25.55,8,1502,'Softcover','4/4 c','A4',112),(1510,26.40,8,1502,'Softcover','4/4 c','A4',113),(1511,27.55,8,1502,'Softcover','4/4 c','A4',114),(1512,28.12,8,1502,'Softcover','4/4 c','A4',115),(1513,29.25,8,1502,'Softcover','4/4 c','A4',116),(1514,29.82,8,1502,'Softcover','4/4 c','A4',117),(1515,31.31,8,1502,'Softcover','4/4 c','A4',118),(1516,32.22,8,1502,'Softcover','4/4 c','A4',119),(1517,0.20,8,1502,'Softcover','4/4 c','A5',78),(1518,0.40,8,1502,'Softcover','4/4 c','A5',79),(1519,0.34,8,1502,'Softcover','4/4 c','A5',80),(1520,0.44,8,1502,'Softcover','4/4 c','A5',81),(1521,0.55,8,1502,'Softcover','4/4 c','A5',82),(1522,0.69,8,1502,'Softcover','4/4 c','A5',83),(1523,0.83,8,1502,'Softcover','4/4 c','A5',84),(1524,1.21,8,1502,'Softcover','4/4 c','A5',85),(1525,1.42,8,1502,'Softcover','4/4 c','A5',86),(1526,1.79,8,1502,'Softcover','4/4 c','A5',87),(1527,2.34,8,1502,'Softcover','4/4 c','A5',88),(1528,2.91,8,1502,'Softcover','4/4 c','A5',89),(1529,3.43,8,1502,'Softcover','4/4 c','A5',90),(1530,4.05,8,1502,'Softcover','4/4 c','A5',91),(1531,4.35,8,1502,'Softcover','4/4 c','A5',92),(1532,5.06,8,1502,'Softcover','4/4 c','A5',93),(1533,5.78,8,1502,'Softcover','4/4 c','A5',94),(1534,6.32,8,1502,'Softcover','4/4 c','A5',95),(1535,6.86,8,1502,'Softcover','4/4 c','A5',96),(1536,7.41,8,1502,'Softcover','4/4 c','A5',97),(1537,8.08,8,1502,'Softcover','4/4 c','A5',98),(1538,8.69,8,1502,'Softcover','4/4 c','A5',99),(1539,9.16,8,1502,'Softcover','4/4 c','A5',100),(1540,9.61,8,1502,'Softcover','4/4 c','A5',101),(1541,10.33,8,1502,'Softcover','4/4 c','A5',102),(1542,10.87,8,1502,'Softcover','4/4 c','A5',103),(1543,11.77,8,1502,'Softcover','4/4 c','A5',104),(1544,12.16,8,1502,'Softcover','4/4 c','A5',105),(1545,12.69,8,1502,'Softcover','4/4 c','A5',106),(1546,13.24,8,1502,'Softcover','4/4 c','A5',107),(1547,13.78,8,1502,'Softcover','4/4 c','A5',108),(1548,14.33,8,1502,'Softcover','4/4 c','A5',109),(1549,15.05,8,1502,'Softcover','4/4 c','A5',110),(1550,15.81,8,1502,'Softcover','4/4 c','A5',111),(1551,16.35,8,1502,'Softcover','4/4 c','A5',112),(1552,16.90,8,1502,'Softcover','4/4 c','A5',113),(1553,17.63,8,1502,'Softcover','4/4 c','A5',114),(1554,18.00,8,1502,'Softcover','4/4 c','A5',115),(1555,18.72,8,1502,'Softcover','4/4 c','A5',116),(1556,19.09,8,1502,'Softcover','4/4 c','A5',117),(1557,20.04,8,1502,'Softcover','4/4 c','A5',118),(1558,20.62,8,1502,'Softcover','4/4 c','A5',119),(1559,0.14,8,1502,'Softcover','4/4 c','A6',78),(1560,0.29,8,1502,'Softcover','4/4 c','A6',79),(1561,0.18,8,1502,'Softcover','4/4 c','A6',80),(1562,0.23,8,1502,'Softcover','4/4 c','A6',81),(1563,0.29,8,1502,'Softcover','4/4 c','A6',82),(1564,0.37,8,1502,'Softcover','4/4 c','A6',83),(1565,0.45,8,1502,'Softcover','4/4 c','A6',84),(1566,0.65,8,1502,'Softcover','4/4 c','A6',85),(1567,0.77,8,1502,'Softcover','4/4 c','A6',86),(1568,0.97,8,1502,'Softcover','4/4 c','A6',87),(1569,1.26,8,1502,'Softcover','4/4 c','A6',88),(1570,1.57,8,1502,'Softcover','4/4 c','A6',89),(1571,1.85,8,1502,'Softcover','4/4 c','A6',90),(1572,2.19,8,1502,'Softcover','4/4 c','A6',91),(1573,2.35,8,1502,'Softcover','4/4 c','A6',92),(1574,2.73,8,1502,'Softcover','4/4 c','A6',93),(1575,3.12,8,1502,'Softcover','4/4 c','A6',94),(1576,3.41,8,1502,'Softcover','4/4 c','A6',95),(1577,3.70,8,1502,'Softcover','4/4 c','A6',96),(1578,4.00,8,1502,'Softcover','4/4 c','A6',97),(1579,4.36,8,1502,'Softcover','4/4 c','A6',98),(1580,4.69,8,1502,'Softcover','4/4 c','A6',99),(1581,4.95,8,1502,'Softcover','4/4 c','A6',100),(1582,5.19,8,1502,'Softcover','4/4 c','A6',101),(1583,5.58,8,1502,'Softcover','4/4 c','A6',102),(1584,5.87,8,1502,'Softcover','4/4 c','A6',103),(1585,6.36,8,1502,'Softcover','4/4 c','A6',104),(1586,6.56,8,1502,'Softcover','4/4 c','A6',105),(1587,6.85,8,1502,'Softcover','4/4 c','A6',106),(1588,7.15,8,1502,'Softcover','4/4 c','A6',107),(1589,7.44,8,1502,'Softcover','4/4 c','A6',108),(1590,7.74,8,1502,'Softcover','4/4 c','A6',109),(1591,8.13,8,1502,'Softcover','4/4 c','A6',110),(1592,8.54,8,1502,'Softcover','4/4 c','A6',111),(1593,8.83,8,1502,'Softcover','4/4 c','A6',112),(1594,9.13,8,1502,'Softcover','4/4 c','A6',113),(1595,9.52,8,1502,'Softcover','4/4 c','A6',114),(1596,9.72,8,1502,'Softcover','4/4 c','A6',115),(1597,10.11,8,1502,'Softcover','4/4 c','A6',116),(1598,10.31,8,1502,'Softcover','4/4 c','A6',117),(1599,10.82,8,1502,'Softcover','4/4 c','A6',118),(1600,11.14,8,1502,'Softcover','4/4 c','A6',119),(1601,0.00,8,1502,'Softcover','4/4 c','E5PLUS',78),(1602,0.00,8,1502,'Softcover','4/4 c','E5PLUS',79),(1603,0.36,8,1502,'Softcover','4/4 c','E5PLUS',80),(1604,0.46,8,1502,'Softcover','4/4 c','E5PLUS',81),(1605,0.57,8,1502,'Softcover','4/4 c','E5PLUS',82),(1606,0.70,8,1502,'Softcover','4/4 c','E5PLUS',83),(1607,0.84,8,1502,'Softcover','4/4 c','E5PLUS',84),(1608,1.23,8,1502,'Softcover','4/4 c','E5PLUS',85),(1609,1.44,8,1502,'Softcover','4/4 c','E5PLUS',86),(1610,1.82,8,1502,'Softcover','4/4 c','E5PLUS',87),(1611,2.37,8,1502,'Softcover','4/4 c','E5PLUS',88),(1612,2.95,8,1502,'Softcover','4/4 c','E5PLUS',89),(1613,3.48,8,1502,'Softcover','4/4 c','E5PLUS',90),(1614,4.11,8,1502,'Softcover','4/4 c','E5PLUS',91),(1615,4.42,8,1502,'Softcover','4/4 c','E5PLUS',92),(1616,5.14,8,1502,'Softcover','4/4 c','E5PLUS',93),(1617,5.87,8,1502,'Softcover','4/4 c','E5PLUS',94),(1618,6.42,8,1502,'Softcover','4/4 c','E5PLUS',95),(1619,6.96,8,1502,'Softcover','4/4 c','E5PLUS',96),(1620,7.53,8,1502,'Softcover','4/4 c','E5PLUS',97),(1621,8.21,8,1502,'Softcover','4/4 c','E5PLUS',98),(1622,8.82,8,1502,'Softcover','4/4 c','E5PLUS',99),(1623,9.30,8,1502,'Softcover','4/4 c','E5PLUS',100),(1624,9.76,8,1502,'Softcover','4/4 c','E5PLUS',101),(1625,10.50,8,1502,'Softcover','4/4 c','E5PLUS',102),(1626,11.04,8,1502,'Softcover','4/4 c','E5PLUS',103),(1627,11.96,8,1502,'Softcover','4/4 c','E5PLUS',104),(1628,12.35,8,1502,'Softcover','4/4 c','E5PLUS',105),(1629,12.89,8,1502,'Softcover','4/4 c','E5PLUS',106),(1630,13.45,8,1502,'Softcover','4/4 c','E5PLUS',107),(1631,13.99,8,1502,'Softcover','4/4 c','E5PLUS',108),(1632,14.55,8,1502,'Softcover','4/4 c','E5PLUS',109),(1633,15.29,8,1502,'Softcover','4/4 c','E5PLUS',110),(1634,16.05,8,1502,'Softcover','4/4 c','E5PLUS',111),(1635,16.60,8,1502,'Softcover','4/4 c','E5PLUS',112),(1636,17.16,8,1502,'Softcover','4/4 c','E5PLUS',113),(1637,17.91,8,1502,'Softcover','4/4 c','E5PLUS',114),(1638,18.28,8,1502,'Softcover','4/4 c','E5PLUS',115),(1639,19.02,8,1502,'Softcover','4/4 c','E5PLUS',116),(1640,19.38,8,1502,'Softcover','4/4 c','E5PLUS',117),(1641,20.35,8,1502,'Softcover','4/4 c','E5PLUS',118),(1642,20.95,8,1502,'Softcover','4/4 c','E5PLUS',119),(1643,0.00,8,1502,'Softcover','4/4 c','F1926',78),(1644,0.00,8,1502,'Softcover','4/4 c','F1926',79),(1645,0.61,8,1502,'Softcover','4/4 c','F1926',80),(1646,0.76,8,1502,'Softcover','4/4 c','F1926',81),(1647,0.94,8,1502,'Softcover','4/4 c','F1926',82),(1648,1.15,8,1502,'Softcover','4/4 c','F1926',83),(1649,1.36,8,1502,'Softcover','4/4 c','F1926',84),(1650,1.97,8,1502,'Softcover','4/4 c','F1926',85),(1651,2.32,8,1502,'Softcover','4/4 c','F1926',86),(1652,2.92,8,1502,'Softcover','4/4 c','F1926',87),(1653,3.82,8,1502,'Softcover','4/4 c','F1926',88),(1654,4.74,8,1502,'Softcover','4/4 c','F1926',89),(1655,5.60,8,1502,'Softcover','4/4 c','F1926',90),(1656,6.61,8,1502,'Softcover','4/4 c','F1926',91),(1657,7.10,8,1502,'Softcover','4/4 c','F1926',92),(1658,8.26,8,1502,'Softcover','4/4 c','F1926',93),(1659,9.44,8,1502,'Softcover','4/4 c','F1926',94),(1660,10.32,8,1502,'Softcover','4/4 c','F1926',95),(1661,11.20,8,1502,'Softcover','4/4 c','F1926',96),(1662,12.10,8,1502,'Softcover','4/4 c','F1926',97),(1663,13.19,8,1502,'Softcover','4/4 c','F1926',98),(1664,14.19,8,1502,'Softcover','4/4 c','F1926',99),(1665,14.95,8,1502,'Softcover','4/4 c','F1926',100),(1666,15.70,8,1502,'Softcover','4/4 c','F1926',101),(1667,16.87,8,1502,'Softcover','4/4 c','F1926',102),(1668,17.75,8,1502,'Softcover','4/4 c','F1926',103),(1669,19.22,8,1502,'Softcover','4/4 c','F1926',104),(1670,19.85,8,1502,'Softcover','4/4 c','F1926',105),(1671,20.72,8,1502,'Softcover','4/4 c','F1926',106),(1672,21.62,8,1502,'Softcover','4/4 c','F1926',107),(1673,22.49,8,1502,'Softcover','4/4 c','F1926',108),(1674,23.39,8,1502,'Softcover','4/4 c','F1926',109),(1675,24.58,8,1502,'Softcover','4/4 c','F1926',110),(1676,25.81,8,1502,'Softcover','4/4 c','F1926',111),(1677,26.70,8,1502,'Softcover','4/4 c','F1926',112),(1678,27.59,8,1502,'Softcover','4/4 c','F1926',113),(1679,28.79,8,1502,'Softcover','4/4 c','F1926',114),(1680,29.38,8,1502,'Softcover','4/4 c','F1926',115),(1681,30.57,8,1502,'Softcover','4/4 c','F1926',116),(1682,31.17,8,1502,'Softcover','4/4 c','F1926',117),(1683,0.00,8,1502,'Softcover','4/4 c','F1926',118),(1684,0.00,8,1502,'Softcover','4/4 c','F1926',119),(1685,0.00,9,1502,'Softcover','4/4 c','A4',78),(1686,0.00,9,1502,'Softcover','4/4 c','A4',79),(1687,0.54,9,1502,'Softcover','4/4 c','A4',80),(1688,0.67,9,1502,'Softcover','4/4 c','A4',81),(1689,0.81,9,1502,'Softcover','4/4 c','A4',82),(1690,0.98,9,1502,'Softcover','4/4 c','A4',83),(1691,1.13,9,1502,'Softcover','4/4 c','A4',84),(1692,1.67,9,1502,'Softcover','4/4 c','A4',85),(1693,1.96,9,1502,'Softcover','4/4 c','A4',86),(1694,2.48,9,1502,'Softcover','4/4 c','A4',87),(1695,3.24,9,1502,'Softcover','4/4 c','A4',88),(1696,4.04,9,1502,'Softcover','4/4 c','A4',89),(1697,4.77,9,1502,'Softcover','4/4 c','A4',90),(1698,5.64,9,1502,'Softcover','4/4 c','A4',91),(1699,6.07,9,1502,'Softcover','4/4 c','A4',92),(1700,7.08,9,1502,'Softcover','4/4 c','A4',93),(1701,8.08,9,1502,'Softcover','4/4 c','A4',94),(1702,8.82,9,1502,'Softcover','4/4 c','A4',95),(1703,9.58,9,1502,'Softcover','4/4 c','A4',96),(1704,10.37,9,1502,'Softcover','4/4 c','A4',97),(1705,11.30,9,1502,'Softcover','4/4 c','A4',98),(1706,12.16,9,1502,'Softcover','4/4 c','A4',99),(1707,12.82,9,1502,'Softcover','4/4 c','A4',100),(1708,13.46,9,1502,'Softcover','4/4 c','A4',101),(1709,14.46,9,1502,'Softcover','4/4 c','A4',102),(1710,15.20,9,1502,'Softcover','4/4 c','A4',103),(1711,16.47,9,1502,'Softcover','4/4 c','A4',104),(1712,17.00,9,1502,'Softcover','4/4 c','A4',105),(1713,17.77,9,1502,'Softcover','4/4 c','A4',106),(1714,18.53,9,1502,'Softcover','4/4 c','A4',107),(1715,19.29,9,1502,'Softcover','4/4 c','A4',108),(1716,20.05,9,1502,'Softcover','4/4 c','A4',109),(1717,21.06,9,1502,'Softcover','4/4 c','A4',110),(1718,22.13,9,1502,'Softcover','4/4 c','A4',111),(1719,22.89,9,1502,'Softcover','4/4 c','A4',112),(1720,23.66,9,1502,'Softcover','4/4 c','A4',113),(1721,24.68,9,1502,'Softcover','4/4 c','A4',114),(1722,25.19,9,1502,'Softcover','4/4 c','A4',115),(1723,26.21,9,1502,'Softcover','4/4 c','A4',116),(1724,26.72,9,1502,'Softcover','4/4 c','A4',117),(1725,28.06,9,1502,'Softcover','4/4 c','A4',118),(1726,28.94,9,1502,'Softcover','4/4 c','A4',119),(1727,0.18,9,1502,'Softcover','4/4 c','A5',78),(1728,0.36,9,1502,'Softcover','4/4 c','A5',79),(1729,0.30,9,1502,'Softcover','4/4 c','A5',80),(1730,0.38,9,1502,'Softcover','4/4 c','A5',81),(1731,0.48,9,1502,'Softcover','4/4 c','A5',82),(1732,0.60,9,1502,'Softcover','4/4 c','A5',83),(1733,0.73,9,1502,'Softcover','4/4 c','A5',84),(1734,1.07,9,1502,'Softcover','4/4 c','A5',85),(1735,1.26,9,1502,'Softcover','4/4 c','A5',86),(1736,1.58,9,1502,'Softcover','4/4 c','A5',87),(1737,2.07,9,1502,'Softcover','4/4 c','A5',88),(1738,2.59,9,1502,'Softcover','4/4 c','A5',89),(1739,3.05,9,1502,'Softcover','4/4 c','A5',90),(1740,3.61,9,1502,'Softcover','4/4 c','A5',91),(1741,3.88,9,1502,'Softcover','4/4 c','A5',92),(1742,4.53,9,1502,'Softcover','4/4 c','A5',93),(1743,5.17,9,1502,'Softcover','4/4 c','A5',94),(1744,5.65,9,1502,'Softcover','4/4 c','A5',95),(1745,6.13,9,1502,'Softcover','4/4 c','A5',96),(1746,6.64,9,1502,'Softcover','4/4 c','A5',97),(1747,7.23,9,1502,'Softcover','4/4 c','A5',98),(1748,7.78,9,1502,'Softcover','4/4 c','A5',99),(1749,8.20,9,1502,'Softcover','4/4 c','A5',100),(1750,8.61,9,1502,'Softcover','4/4 c','A5',101),(1751,9.25,9,1502,'Softcover','4/4 c','A5',102),(1752,9.73,9,1502,'Softcover','4/4 c','A5',103),(1753,10.54,9,1502,'Softcover','4/4 c','A5',104),(1754,10.88,9,1502,'Softcover','4/4 c','A5',105),(1755,11.38,9,1502,'Softcover','4/4 c','A5',106),(1756,11.86,9,1502,'Softcover','4/4 c','A5',107),(1757,12.34,9,1502,'Softcover','4/4 c','A5',108),(1758,12.83,9,1502,'Softcover','4/4 c','A5',109),(1759,13.48,9,1502,'Softcover','4/4 c','A5',110),(1760,14.16,9,1502,'Softcover','4/4 c','A5',111),(1761,14.65,9,1502,'Softcover','4/4 c','A5',112),(1762,15.14,9,1502,'Softcover','4/4 c','A5',113),(1763,15.79,9,1502,'Softcover','4/4 c','A5',114),(1764,16.12,9,1502,'Softcover','4/4 c','A5',115),(1765,16.77,9,1502,'Softcover','4/4 c','A5',116),(1766,17.10,9,1502,'Softcover','4/4 c','A5',117),(1767,17.96,9,1502,'Softcover','4/4 c','A5',118),(1768,18.52,9,1502,'Softcover','4/4 c','A5',119),(1769,0.13,9,1502,'Softcover','4/4 c','A6',78),(1770,0.26,9,1502,'Softcover','4/4 c','A6',79),(1771,0.16,9,1502,'Softcover','4/4 c','A6',80),(1772,0.20,9,1502,'Softcover','4/4 c','A6',81),(1773,0.25,9,1502,'Softcover','4/4 c','A6',82),(1774,0.32,9,1502,'Softcover','4/4 c','A6',83),(1775,0.39,9,1502,'Softcover','4/4 c','A6',84),(1776,0.58,9,1502,'Softcover','4/4 c','A6',85),(1777,0.68,9,1502,'Softcover','4/4 c','A6',86),(1778,0.86,9,1502,'Softcover','4/4 c','A6',87),(1779,1.12,9,1502,'Softcover','4/4 c','A6',88),(1780,1.40,9,1502,'Softcover','4/4 c','A6',89),(1781,1.65,9,1502,'Softcover','4/4 c','A6',90),(1782,1.95,9,1502,'Softcover','4/4 c','A6',91),(1783,2.10,9,1502,'Softcover','4/4 c','A6',92),(1784,2.45,9,1502,'Softcover','4/4 c','A6',93),(1785,2.79,9,1502,'Softcover','4/4 c','A6',94),(1786,3.05,9,1502,'Softcover','4/4 c','A6',95),(1787,3.31,9,1502,'Softcover','4/4 c','A6',96),(1788,3.58,9,1502,'Softcover','4/4 c','A6',97),(1789,3.90,9,1502,'Softcover','4/4 c','A6',98),(1790,4.20,9,1502,'Softcover','4/4 c','A6',99),(1791,4.43,9,1502,'Softcover','4/4 c','A6',100),(1792,4.65,9,1502,'Softcover','4/4 c','A6',101),(1793,5.00,9,1502,'Softcover','4/4 c','A6',102),(1794,5.25,9,1502,'Softcover','4/4 c','A6',103),(1795,5.69,9,1502,'Softcover','4/4 c','A6',104),(1796,5.88,9,1502,'Softcover','4/4 c','A6',105),(1797,6.14,9,1502,'Softcover','4/4 c','A6',106),(1798,6.41,9,1502,'Softcover','4/4 c','A6',107),(1799,6.66,9,1502,'Softcover','4/4 c','A6',108),(1800,6.93,9,1502,'Softcover','4/4 c','A6',109),(1801,7.28,9,1502,'Softcover','4/4 c','A6',110),(1802,7.65,9,1502,'Softcover','4/4 c','A6',111),(1803,7.91,9,1502,'Softcover','4/4 c','A6',112),(1804,8.18,9,1502,'Softcover','4/4 c','A6',113),(1805,8.53,9,1502,'Softcover','4/4 c','A6',114),(1806,8.71,9,1502,'Softcover','4/4 c','A6',115),(1807,9.06,9,1502,'Softcover','4/4 c','A6',116),(1808,9.24,9,1502,'Softcover','4/4 c','A6',117),(1809,9.70,9,1502,'Softcover','4/4 c','A6',118),(1810,10.00,9,1502,'Softcover','4/4 c','A6',119),(1811,0.00,9,1502,'Softcover','4/4 c','E5PLUS',78),(1812,0.00,9,1502,'Softcover','4/4 c','E5PLUS',79),(1813,0.32,9,1502,'Softcover','4/4 c','E5PLUS',80),(1814,0.40,9,1502,'Softcover','4/4 c','E5PLUS',81),(1815,0.50,9,1502,'Softcover','4/4 c','E5PLUS',82),(1816,0.61,9,1502,'Softcover','4/4 c','E5PLUS',83),(1817,0.74,9,1502,'Softcover','4/4 c','E5PLUS',84),(1818,1.08,9,1502,'Softcover','4/4 c','E5PLUS',85),(1819,1.28,9,1502,'Softcover','4/4 c','E5PLUS',86),(1820,1.61,9,1502,'Softcover','4/4 c','E5PLUS',87),(1821,2.11,9,1502,'Softcover','4/4 c','E5PLUS',88),(1822,2.63,9,1502,'Softcover','4/4 c','E5PLUS',89),(1823,3.10,9,1502,'Softcover','4/4 c','E5PLUS',90),(1824,3.67,9,1502,'Softcover','4/4 c','E5PLUS',91),(1825,3.95,9,1502,'Softcover','4/4 c','E5PLUS',92),(1826,4.61,9,1502,'Softcover','4/4 c','E5PLUS',93),(1827,5.25,9,1502,'Softcover','4/4 c','E5PLUS',94),(1828,5.74,9,1502,'Softcover','4/4 c','E5PLUS',95),(1829,6.23,9,1502,'Softcover','4/4 c','E5PLUS',96),(1830,6.74,9,1502,'Softcover','4/4 c','E5PLUS',97),(1831,7.34,9,1502,'Softcover','4/4 c','E5PLUS',98),(1832,7.90,9,1502,'Softcover','4/4 c','E5PLUS',99),(1833,8.33,9,1502,'Softcover','4/4 c','E5PLUS',100),(1834,8.75,9,1502,'Softcover','4/4 c','E5PLUS',101),(1835,9.40,9,1502,'Softcover','4/4 c','E5PLUS',102),(1836,9.88,9,1502,'Softcover','4/4 c','E5PLUS',103),(1837,10.70,9,1502,'Softcover','4/4 c','E5PLUS',104),(1838,11.05,9,1502,'Softcover','4/4 c','E5PLUS',105),(1839,11.55,9,1502,'Softcover','4/4 c','E5PLUS',106),(1840,12.05,9,1502,'Softcover','4/4 c','E5PLUS',107),(1841,12.54,9,1502,'Softcover','4/4 c','E5PLUS',108),(1842,13.03,9,1502,'Softcover','4/4 c','E5PLUS',109),(1843,13.69,9,1502,'Softcover','4/4 c','E5PLUS',110),(1844,14.38,9,1502,'Softcover','4/4 c','E5PLUS',111),(1845,14.88,9,1502,'Softcover','4/4 c','E5PLUS',112),(1846,15.38,9,1502,'Softcover','4/4 c','E5PLUS',113),(1847,16.04,9,1502,'Softcover','4/4 c','E5PLUS',114),(1848,16.37,9,1502,'Softcover','4/4 c','E5PLUS',115),(1849,17.04,9,1502,'Softcover','4/4 c','E5PLUS',116),(1850,17.37,9,1502,'Softcover','4/4 c','E5PLUS',117),(1851,18.24,9,1502,'Softcover','4/4 c','E5PLUS',118),(1852,18.81,9,1502,'Softcover','4/4 c','E5PLUS',119),(1853,0.00,9,1502,'Softcover','4/4 c','F1926',78),(1854,0.00,9,1502,'Softcover','4/4 c','F1926',79),(1855,0.53,9,1502,'Softcover','4/4 c','F1926',80),(1856,0.66,9,1502,'Softcover','4/4 c','F1926',81),(1857,0.82,9,1502,'Softcover','4/4 c','F1926',82),(1858,1.00,9,1502,'Softcover','4/4 c','F1926',83),(1859,1.18,9,1502,'Softcover','4/4 c','F1926',84),(1860,1.74,9,1502,'Softcover','4/4 c','F1926',85),(1861,2.05,9,1502,'Softcover','4/4 c','F1926',86),(1862,2.59,9,1502,'Softcover','4/4 c','F1926',87),(1863,3.39,9,1502,'Softcover','4/4 c','F1926',88),(1864,4.22,9,1502,'Softcover','4/4 c','F1926',89),(1865,4.99,9,1502,'Softcover','4/4 c','F1926',90),(1866,5.89,9,1502,'Softcover','4/4 c','F1926',91),(1867,6.34,9,1502,'Softcover','4/4 c','F1926',92),(1868,7.40,9,1502,'Softcover','4/4 c','F1926',93),(1869,8.44,9,1502,'Softcover','4/4 c','F1926',94),(1870,9.22,9,1502,'Softcover','4/4 c','F1926',95),(1871,10.01,9,1502,'Softcover','4/4 c','F1926',96),(1872,10.83,9,1502,'Softcover','4/4 c','F1926',97),(1873,11.81,9,1502,'Softcover','4/4 c','F1926',98),(1874,12.71,9,1502,'Softcover','4/4 c','F1926',99),(1875,13.40,9,1502,'Softcover','4/4 c','F1926',100),(1876,14.07,9,1502,'Softcover','4/4 c','F1926',101),(1877,15.11,9,1502,'Softcover','4/4 c','F1926',102),(1878,15.89,9,1502,'Softcover','4/4 c','F1926',103),(1879,17.21,9,1502,'Softcover','4/4 c','F1926',104),(1880,17.77,9,1502,'Softcover','4/4 c','F1926',105),(1881,18.57,9,1502,'Softcover','4/4 c','F1926',106),(1882,19.37,9,1502,'Softcover','4/4 c','F1926',107),(1883,20.15,9,1502,'Softcover','4/4 c','F1926',108),(1884,20.95,9,1502,'Softcover','4/4 c','F1926',109),(1885,22.01,9,1502,'Softcover','4/4 c','F1926',110),(1886,23.12,9,1502,'Softcover','4/4 c','F1926',111),(1887,23.92,9,1502,'Softcover','4/4 c','F1926',112),(1888,24.72,9,1502,'Softcover','4/4 c','F1926',113),(1889,25.79,9,1502,'Softcover','4/4 c','F1926',114),(1890,26.33,9,1502,'Softcover','4/4 c','F1926',115),(1891,27.39,9,1502,'Softcover','4/4 c','F1926',116),(1892,27.93,9,1502,'Softcover','4/4 c','F1926',117),(1893,0.00,9,1502,'Softcover','4/4 c','F1926',118),(1894,0.00,9,1502,'Softcover','4/4 c','F1926',119),(1895,0.00,10,1502,'Softcover','4/4 c','A4',78),(1896,0.00,10,1502,'Softcover','4/4 c','A4',79),(1897,0.49,10,1502,'Softcover','4/4 c','A4',80),(1898,0.60,10,1502,'Softcover','4/4 c','A4',81),(1899,0.73,10,1502,'Softcover','4/4 c','A4',82),(1900,0.88,10,1502,'Softcover','4/4 c','A4',83),(1901,1.02,10,1502,'Softcover','4/4 c','A4',84),(1902,1.51,10,1502,'Softcover','4/4 c','A4',85),(1903,1.80,10,1502,'Softcover','4/4 c','A4',86),(1904,2.24,10,1502,'Softcover','4/4 c','A4',87),(1905,2.95,10,1502,'Softcover','4/4 c','A4',88),(1906,3.69,10,1502,'Softcover','4/4 c','A4',89),(1907,4.36,10,1502,'Softcover','4/4 c','A4',90),(1908,5.16,10,1502,'Softcover','4/4 c','A4',91),(1909,5.54,10,1502,'Softcover','4/4 c','A4',92),(1910,6.48,10,1502,'Softcover','4/4 c','A4',93),(1911,7.39,10,1502,'Softcover','4/4 c','A4',94),(1912,8.08,10,1502,'Softcover','4/4 c','A4',95),(1913,8.77,10,1502,'Softcover','4/4 c','A4',96),(1914,9.49,10,1502,'Softcover','4/4 c','A4',97),(1915,10.35,10,1502,'Softcover','4/4 c','A4',98),(1916,11.15,10,1502,'Softcover','4/4 c','A4',99),(1917,11.76,10,1502,'Softcover','4/4 c','A4',100),(1918,12.34,10,1502,'Softcover','4/4 c','A4',101),(1919,13.25,10,1502,'Softcover','4/4 c','A4',102),(1920,13.94,10,1502,'Softcover','4/4 c','A4',103),(1921,15.09,10,1502,'Softcover','4/4 c','A4',104),(1922,15.58,10,1502,'Softcover','4/4 c','A4',105),(1923,16.29,10,1502,'Softcover','4/4 c','A4',106),(1924,17.00,10,1502,'Softcover','4/4 c','A4',107),(1925,17.69,10,1502,'Softcover','4/4 c','A4',108),(1926,18.40,10,1502,'Softcover','4/4 c','A4',109),(1927,19.33,10,1502,'Softcover','4/4 c','A4',110),(1928,20.29,10,1502,'Softcover','4/4 c','A4',111),(1929,21.00,10,1502,'Softcover','4/4 c','A4',112),(1930,21.70,10,1502,'Softcover','4/4 c','A4',113),(1931,22.63,10,1502,'Softcover','4/4 c','A4',114),(1932,23.10,10,1502,'Softcover','4/4 c','A4',115),(1933,24.04,10,1502,'Softcover','4/4 c','A4',116),(1934,24.51,10,1502,'Softcover','4/4 c','A4',117),(1935,25.73,10,1502,'Softcover','4/4 c','A4',118),(1936,26.61,10,1502,'Softcover','4/4 c','A4',119),(1937,0.16,10,1502,'Softcover','4/4 c','A5',78),(1938,0.32,10,1502,'Softcover','4/4 c','A5',79),(1939,0.27,10,1502,'Softcover','4/4 c','A5',80),(1940,0.34,10,1502,'Softcover','4/4 c','A5',81),(1941,0.43,10,1502,'Softcover','4/4 c','A5',82),(1942,0.54,10,1502,'Softcover','4/4 c','A5',83),(1943,0.65,10,1502,'Softcover','4/4 c','A5',84),(1944,0.97,10,1502,'Softcover','4/4 c','A5',85),(1945,1.15,10,1502,'Softcover','4/4 c','A5',86),(1946,1.44,10,1502,'Softcover','4/4 c','A5',87),(1947,1.89,10,1502,'Softcover','4/4 c','A5',88),(1948,2.36,10,1502,'Softcover','4/4 c','A5',89),(1949,2.79,10,1502,'Softcover','4/4 c','A5',90),(1950,3.30,10,1502,'Softcover','4/4 c','A5',91),(1951,3.55,10,1502,'Softcover','4/4 c','A5',92),(1952,4.15,10,1502,'Softcover','4/4 c','A5',93),(1953,4.73,10,1502,'Softcover','4/4 c','A5',94),(1954,5.17,10,1502,'Softcover','4/4 c','A5',95),(1955,5.61,10,1502,'Softcover','4/4 c','A5',96),(1956,6.08,10,1502,'Softcover','4/4 c','A5',97),(1957,6.62,10,1502,'Softcover','4/4 c','A5',98),(1958,7.13,10,1502,'Softcover','4/4 c','A5',99),(1959,7.53,10,1502,'Softcover','4/4 c','A5',100),(1960,7.90,10,1502,'Softcover','4/4 c','A5',101),(1961,8.48,10,1502,'Softcover','4/4 c','A5',102),(1962,8.92,10,1502,'Softcover','4/4 c','A5',103),(1963,9.66,10,1502,'Softcover','4/4 c','A5',104),(1964,9.97,10,1502,'Softcover','4/4 c','A5',105),(1965,10.43,10,1502,'Softcover','4/4 c','A5',106),(1966,10.88,10,1502,'Softcover','4/4 c','A5',107),(1967,11.32,10,1502,'Softcover','4/4 c','A5',108),(1968,11.77,10,1502,'Softcover','4/4 c','A5',109),(1969,12.37,10,1502,'Softcover','4/4 c','A5',110),(1970,12.99,10,1502,'Softcover','4/4 c','A5',111),(1971,13.44,10,1502,'Softcover','4/4 c','A5',112),(1972,13.89,10,1502,'Softcover','4/4 c','A5',113),(1973,14.48,10,1502,'Softcover','4/4 c','A5',114),(1974,14.79,10,1502,'Softcover','4/4 c','A5',115),(1975,15.39,10,1502,'Softcover','4/4 c','A5',116),(1976,15.68,10,1502,'Softcover','4/4 c','A5',117),(1977,16.47,10,1502,'Softcover','4/4 c','A5',118),(1978,17.03,10,1502,'Softcover','4/4 c','A5',119),(1979,0.12,10,1502,'Softcover','4/4 c','A6',78),(1980,0.23,10,1502,'Softcover','4/4 c','A6',79),(1981,0.14,10,1502,'Softcover','4/4 c','A6',80),(1982,0.18,10,1502,'Softcover','4/4 c','A6',81),(1983,0.23,10,1502,'Softcover','4/4 c','A6',82),(1984,0.29,10,1502,'Softcover','4/4 c','A6',83),(1985,0.35,10,1502,'Softcover','4/4 c','A6',84),(1986,0.52,10,1502,'Softcover','4/4 c','A6',85),(1987,0.62,10,1502,'Softcover','4/4 c','A6',86),(1988,0.77,10,1502,'Softcover','4/4 c','A6',87),(1989,1.02,10,1502,'Softcover','4/4 c','A6',88),(1990,1.27,10,1502,'Softcover','4/4 c','A6',89),(1991,1.51,10,1502,'Softcover','4/4 c','A6',90),(1992,1.78,10,1502,'Softcover','4/4 c','A6',91),(1993,1.91,10,1502,'Softcover','4/4 c','A6',92),(1994,2.24,10,1502,'Softcover','4/4 c','A6',93),(1995,2.55,10,1502,'Softcover','4/4 c','A6',94),(1996,2.79,10,1502,'Softcover','4/4 c','A6',95),(1997,3.03,10,1502,'Softcover','4/4 c','A6',96),(1998,3.28,10,1502,'Softcover','4/4 c','A6',97),(1999,3.58,10,1502,'Softcover','4/4 c','A6',98),(2000,3.85,10,1502,'Softcover','4/4 c','A6',99),(2001,4.06,10,1502,'Softcover','4/4 c','A6',100),(2002,4.26,10,1502,'Softcover','4/4 c','A6',101),(2003,4.58,10,1502,'Softcover','4/4 c','A6',102),(2004,4.82,10,1502,'Softcover','4/4 c','A6',103),(2005,5.21,10,1502,'Softcover','4/4 c','A6',104),(2006,5.38,10,1502,'Softcover','4/4 c','A6',105),(2007,5.63,10,1502,'Softcover','4/4 c','A6',106),(2008,5.88,10,1502,'Softcover','4/4 c','A6',107),(2009,6.11,10,1502,'Softcover','4/4 c','A6',108),(2010,6.36,10,1502,'Softcover','4/4 c','A6',109),(2011,6.68,10,1502,'Softcover','4/4 c','A6',110),(2012,7.01,10,1502,'Softcover','4/4 c','A6',111),(2013,7.26,10,1502,'Softcover','4/4 c','A6',112),(2014,7.50,10,1502,'Softcover','4/4 c','A6',113),(2015,7.82,10,1502,'Softcover','4/4 c','A6',114),(2016,7.98,10,1502,'Softcover','4/4 c','A6',115),(2017,8.31,10,1502,'Softcover','4/4 c','A6',116),(2018,8.47,10,1502,'Softcover','4/4 c','A6',117),(2019,8.89,10,1502,'Softcover','4/4 c','A6',118),(2020,9.20,10,1502,'Softcover','4/4 c','A6',119),(2021,0.00,10,1502,'Softcover','4/4 c','E5PLUS',78),(2022,0.00,10,1502,'Softcover','4/4 c','E5PLUS',79),(2023,0.29,10,1502,'Softcover','4/4 c','E5PLUS',80),(2024,0.36,10,1502,'Softcover','4/4 c','E5PLUS',81),(2025,0.45,10,1502,'Softcover','4/4 c','E5PLUS',82),(2026,0.55,10,1502,'Softcover','4/4 c','E5PLUS',83),(2027,0.66,10,1502,'Softcover','4/4 c','E5PLUS',84),(2028,0.98,10,1502,'Softcover','4/4 c','E5PLUS',85),(2029,1.17,10,1502,'Softcover','4/4 c','E5PLUS',86),(2030,1.46,10,1502,'Softcover','4/4 c','E5PLUS',87),(2031,1.92,10,1502,'Softcover','4/4 c','E5PLUS',88),(2032,2.40,10,1502,'Softcover','4/4 c','E5PLUS',89),(2033,2.84,10,1502,'Softcover','4/4 c','E5PLUS',90),(2034,3.35,10,1502,'Softcover','4/4 c','E5PLUS',91),(2035,3.60,10,1502,'Softcover','4/4 c','E5PLUS',92),(2036,4.21,10,1502,'Softcover','4/4 c','E5PLUS',93),(2037,4.80,10,1502,'Softcover','4/4 c','E5PLUS',94),(2038,5.25,10,1502,'Softcover','4/4 c','E5PLUS',95),(2039,5.70,10,1502,'Softcover','4/4 c','E5PLUS',96),(2040,6.17,10,1502,'Softcover','4/4 c','E5PLUS',97),(2041,6.73,10,1502,'Softcover','4/4 c','E5PLUS',98),(2042,7.24,10,1502,'Softcover','4/4 c','E5PLUS',99),(2043,7.64,10,1502,'Softcover','4/4 c','E5PLUS',100),(2044,8.02,10,1502,'Softcover','4/4 c','E5PLUS',101),(2045,8.61,10,1502,'Softcover','4/4 c','E5PLUS',102),(2046,9.06,10,1502,'Softcover','4/4 c','E5PLUS',103),(2047,9.81,10,1502,'Softcover','4/4 c','E5PLUS',104),(2048,10.13,10,1502,'Softcover','4/4 c','E5PLUS',105),(2049,10.59,10,1502,'Softcover','4/4 c','E5PLUS',106),(2050,11.05,10,1502,'Softcover','4/4 c','E5PLUS',107),(2051,11.50,10,1502,'Softcover','4/4 c','E5PLUS',108),(2052,11.96,10,1502,'Softcover','4/4 c','E5PLUS',109),(2053,12.56,10,1502,'Softcover','4/4 c','E5PLUS',110),(2054,13.19,10,1502,'Softcover','4/4 c','E5PLUS',111),(2055,13.65,10,1502,'Softcover','4/4 c','E5PLUS',112),(2056,14.10,10,1502,'Softcover','4/4 c','E5PLUS',113),(2057,14.71,10,1502,'Softcover','4/4 c','E5PLUS',114),(2058,15.02,10,1502,'Softcover','4/4 c','E5PLUS',115),(2059,15.63,10,1502,'Softcover','4/4 c','E5PLUS',116),(2060,15.93,10,1502,'Softcover','4/4 c','E5PLUS',117),(2061,16.73,10,1502,'Softcover','4/4 c','E5PLUS',118),(2062,17.29,10,1502,'Softcover','4/4 c','E5PLUS',119),(2063,0.00,10,1502,'Softcover','4/4 c','F1926',78),(2064,0.00,10,1502,'Softcover','4/4 c','F1926',79),(2065,0.48,10,1502,'Softcover','4/4 c','F1926',80),(2066,0.60,10,1502,'Softcover','4/4 c','F1926',81),(2067,0.74,10,1502,'Softcover','4/4 c','F1926',82),(2068,0.91,10,1502,'Softcover','4/4 c','F1926',83),(2069,1.07,10,1502,'Softcover','4/4 c','F1926',84),(2070,1.58,10,1502,'Softcover','4/4 c','F1926',85),(2071,1.88,10,1502,'Softcover','4/4 c','F1926',86),(2072,2.34,10,1502,'Softcover','4/4 c','F1926',87),(2073,3.09,10,1502,'Softcover','4/4 c','F1926',88),(2074,3.85,10,1502,'Softcover','4/4 c','F1926',89),(2075,4.56,10,1502,'Softcover','4/4 c','F1926',90),(2076,5.39,10,1502,'Softcover','4/4 c','F1926',91),(2077,5.79,10,1502,'Softcover','4/4 c','F1926',92),(2078,6.77,10,1502,'Softcover','4/4 c','F1926',93),(2079,7.72,10,1502,'Softcover','4/4 c','F1926',94),(2080,8.44,10,1502,'Softcover','4/4 c','F1926',95),(2081,9.16,10,1502,'Softcover','4/4 c','F1926',96),(2082,9.92,10,1502,'Softcover','4/4 c','F1926',97),(2083,10.81,10,1502,'Softcover','4/4 c','F1926',98),(2084,11.65,10,1502,'Softcover','4/4 c','F1926',99),(2085,12.29,10,1502,'Softcover','4/4 c','F1926',100),(2086,12.89,10,1502,'Softcover','4/4 c','F1926',101),(2087,13.84,10,1502,'Softcover','4/4 c','F1926',102),(2088,14.57,10,1502,'Softcover','4/4 c','F1926',103),(2089,15.77,10,1502,'Softcover','4/4 c','F1926',104),(2090,16.28,10,1502,'Softcover','4/4 c','F1926',105),(2091,17.03,10,1502,'Softcover','4/4 c','F1926',106),(2092,17.77,10,1502,'Softcover','4/4 c','F1926',107),(2093,18.48,10,1502,'Softcover','4/4 c','F1926',108),(2094,19.22,10,1502,'Softcover','4/4 c','F1926',109),(2095,20.20,10,1502,'Softcover','4/4 c','F1926',110),(2096,21.21,10,1502,'Softcover','4/4 c','F1926',111),(2097,21.95,10,1502,'Softcover','4/4 c','F1926',112),(2098,22.67,10,1502,'Softcover','4/4 c','F1926',113),(2099,23.65,10,1502,'Softcover','4/4 c','F1926',114),(2100,24.14,10,1502,'Softcover','4/4 c','F1926',115),(2101,25.13,10,1502,'Softcover','4/4 c','F1926',116),(2102,25.61,10,1502,'Softcover','4/4 c','F1926',117),(2103,0.00,10,1502,'Softcover','4/4 c','F1926',118),(2104,0.00,10,1502,'Softcover','4/4 c','F1926',119),(2105,0.00,11,1502,'Softcover','4/4 c','A4',78),(2106,0.00,11,1502,'Softcover','4/4 c','A4',79),(2107,0.44,11,1502,'Softcover','4/4 c','A4',80),(2108,0.54,11,1502,'Softcover','4/4 c','A4',81),(2109,0.66,11,1502,'Softcover','4/4 c','A4',82),(2110,0.80,11,1502,'Softcover','4/4 c','A4',83),(2111,0.92,11,1502,'Softcover','4/4 c','A4',84),(2112,1.37,11,1502,'Softcover','4/4 c','A4',85),(2113,1.61,11,1502,'Softcover','4/4 c','A4',86),(2114,2.02,11,1502,'Softcover','4/4 c','A4',87),(2115,2.66,11,1502,'Softcover','4/4 c','A4',88),(2116,3.34,11,1502,'Softcover','4/4 c','A4',89),(2117,3.94,11,1502,'Softcover','4/4 c','A4',90),(2118,4.68,11,1502,'Softcover','4/4 c','A4',91),(2119,5.03,11,1502,'Softcover','4/4 c','A4',92),(2120,5.94,11,1502,'Softcover','4/4 c','A4',93),(2121,6.72,11,1502,'Softcover','4/4 c','A4',94),(2122,7.34,11,1502,'Softcover','4/4 c','A4',95),(2123,7.97,11,1502,'Softcover','4/4 c','A4',96),(2124,8.64,11,1502,'Softcover','4/4 c','A4',97),(2125,9.42,11,1502,'Softcover','4/4 c','A4',98),(2126,10.15,11,1502,'Softcover','4/4 c','A4',99),(2127,10.71,11,1502,'Softcover','4/4 c','A4',100),(2128,11.25,11,1502,'Softcover','4/4 c','A4',101),(2129,12.06,11,1502,'Softcover','4/4 c','A4',102),(2130,12.70,11,1502,'Softcover','4/4 c','A4',103),(2131,13.75,11,1502,'Softcover','4/4 c','A4',104),(2132,14.20,11,1502,'Softcover','4/4 c','A4',105),(2133,14.85,11,1502,'Softcover','4/4 c','A4',106),(2134,15.50,11,1502,'Softcover','4/4 c','A4',107),(2135,16.12,11,1502,'Softcover','4/4 c','A4',108),(2136,16.77,11,1502,'Softcover','4/4 c','A4',109),(2137,17.61,11,1502,'Softcover','4/4 c','A4',110),(2138,18.50,11,1502,'Softcover','4/4 c','A4',111),(2139,19.15,11,1502,'Softcover','4/4 c','A4',112),(2140,19.79,11,1502,'Softcover','4/4 c','A4',113),(2141,20.64,11,1502,'Softcover','4/4 c','A4',114),(2142,21.08,11,1502,'Softcover','4/4 c','A4',115),(2143,21.93,11,1502,'Softcover','4/4 c','A4',116),(2144,22.35,11,1502,'Softcover','4/4 c','A4',117),(2145,23.47,11,1502,'Softcover','4/4 c','A4',118),(2146,24.17,11,1502,'Softcover','4/4 c','A4',119),(2147,0.15,11,1502,'Softcover','4/4 c','A5',78),(2148,0.30,11,1502,'Softcover','4/4 c','A5',79),(2149,0.24,11,1502,'Softcover','4/4 c','A5',80),(2150,0.31,11,1502,'Softcover','4/4 c','A5',81),(2151,0.39,11,1502,'Softcover','4/4 c','A5',82),(2152,0.49,11,1502,'Softcover','4/4 c','A5',83),(2153,0.59,11,1502,'Softcover','4/4 c','A5',84),(2154,0.87,11,1502,'Softcover','4/4 c','A5',85),(2155,1.03,11,1502,'Softcover','4/4 c','A5',86),(2156,1.29,11,1502,'Softcover','4/4 c','A5',87),(2157,1.70,11,1502,'Softcover','4/4 c','A5',88),(2158,2.14,11,1502,'Softcover','4/4 c','A5',89),(2159,2.52,11,1502,'Softcover','4/4 c','A5',90),(2160,3.00,11,1502,'Softcover','4/4 c','A5',91),(2161,3.22,11,1502,'Softcover','4/4 c','A5',92),(2162,3.80,11,1502,'Softcover','4/4 c','A5',93),(2163,4.30,11,1502,'Softcover','4/4 c','A5',94),(2164,4.70,11,1502,'Softcover','4/4 c','A5',95),(2165,5.10,11,1502,'Softcover','4/4 c','A5',96),(2166,5.53,11,1502,'Softcover','4/4 c','A5',97),(2167,6.03,11,1502,'Softcover','4/4 c','A5',98),(2168,6.50,11,1502,'Softcover','4/4 c','A5',99),(2169,6.86,11,1502,'Softcover','4/4 c','A5',100),(2170,7.20,11,1502,'Softcover','4/4 c','A5',101),(2171,7.72,11,1502,'Softcover','4/4 c','A5',102),(2172,8.13,11,1502,'Softcover','4/4 c','A5',103),(2173,8.80,11,1502,'Softcover','4/4 c','A5',104),(2174,9.09,11,1502,'Softcover','4/4 c','A5',105),(2175,9.50,11,1502,'Softcover','4/4 c','A5',106),(2176,9.92,11,1502,'Softcover','4/4 c','A5',107),(2177,10.32,11,1502,'Softcover','4/4 c','A5',108),(2178,10.73,11,1502,'Softcover','4/4 c','A5',109),(2179,11.27,11,1502,'Softcover','4/4 c','A5',110),(2180,11.84,11,1502,'Softcover','4/4 c','A5',111),(2181,12.25,11,1502,'Softcover','4/4 c','A5',112),(2182,12.67,11,1502,'Softcover','4/4 c','A5',113),(2183,13.21,11,1502,'Softcover','4/4 c','A5',114),(2184,13.49,11,1502,'Softcover','4/4 c','A5',115),(2185,14.04,11,1502,'Softcover','4/4 c','A5',116),(2186,14.30,11,1502,'Softcover','4/4 c','A5',117),(2187,15.02,11,1502,'Softcover','4/4 c','A5',118),(2188,15.47,11,1502,'Softcover','4/4 c','A5',119),(2189,0.11,11,1502,'Softcover','4/4 c','A6',78),(2190,0.22,11,1502,'Softcover','4/4 c','A6',79),(2191,0.13,11,1502,'Softcover','4/4 c','A6',80),(2192,0.16,11,1502,'Softcover','4/4 c','A6',81),(2193,0.21,11,1502,'Softcover','4/4 c','A6',82),(2194,0.26,11,1502,'Softcover','4/4 c','A6',83),(2195,0.32,11,1502,'Softcover','4/4 c','A6',84),(2196,0.47,11,1502,'Softcover','4/4 c','A6',85),(2197,0.56,11,1502,'Softcover','4/4 c','A6',86),(2198,0.70,11,1502,'Softcover','4/4 c','A6',87),(2199,0.92,11,1502,'Softcover','4/4 c','A6',88),(2200,1.15,11,1502,'Softcover','4/4 c','A6',89),(2201,1.36,11,1502,'Softcover','4/4 c','A6',90),(2202,1.62,11,1502,'Softcover','4/4 c','A6',91),(2203,1.74,11,1502,'Softcover','4/4 c','A6',92),(2204,2.05,11,1502,'Softcover','4/4 c','A6',93),(2205,2.32,11,1502,'Softcover','4/4 c','A6',94),(2206,2.54,11,1502,'Softcover','4/4 c','A6',95),(2207,2.75,11,1502,'Softcover','4/4 c','A6',96),(2208,2.99,11,1502,'Softcover','4/4 c','A6',97),(2209,3.25,11,1502,'Softcover','4/4 c','A6',98),(2210,3.51,11,1502,'Softcover','4/4 c','A6',99),(2211,3.70,11,1502,'Softcover','4/4 c','A6',100),(2212,3.89,11,1502,'Softcover','4/4 c','A6',101),(2213,4.17,11,1502,'Softcover','4/4 c','A6',102),(2214,4.39,11,1502,'Softcover','4/4 c','A6',103),(2215,4.75,11,1502,'Softcover','4/4 c','A6',104),(2216,4.91,11,1502,'Softcover','4/4 c','A6',105),(2217,5.13,11,1502,'Softcover','4/4 c','A6',106),(2218,5.36,11,1502,'Softcover','4/4 c','A6',107),(2219,5.57,11,1502,'Softcover','4/4 c','A6',108),(2220,5.79,11,1502,'Softcover','4/4 c','A6',109),(2221,6.09,11,1502,'Softcover','4/4 c','A6',110),(2222,6.39,11,1502,'Softcover','4/4 c','A6',111),(2223,6.62,11,1502,'Softcover','4/4 c','A6',112),(2224,6.84,11,1502,'Softcover','4/4 c','A6',113),(2225,7.13,11,1502,'Softcover','4/4 c','A6',114),(2226,7.28,11,1502,'Softcover','4/4 c','A6',115),(2227,7.58,11,1502,'Softcover','4/4 c','A6',116),(2228,7.72,11,1502,'Softcover','4/4 c','A6',117),(2229,8.11,11,1502,'Softcover','4/4 c','A6',118),(2230,8.35,11,1502,'Softcover','4/4 c','A6',119),(2231,0.00,11,1502,'Softcover','4/4 c','E5PLUS',78),(2232,0.00,11,1502,'Softcover','4/4 c','E5PLUS',79),(2233,0.26,11,1502,'Softcover','4/4 c','E5PLUS',80),(2234,0.32,11,1502,'Softcover','4/4 c','E5PLUS',81),(2235,0.40,11,1502,'Softcover','4/4 c','E5PLUS',82),(2236,0.50,11,1502,'Softcover','4/4 c','E5PLUS',83),(2237,0.60,11,1502,'Softcover','4/4 c','E5PLUS',84),(2238,0.89,11,1502,'Softcover','4/4 c','E5PLUS',85),(2239,1.05,11,1502,'Softcover','4/4 c','E5PLUS',86),(2240,1.31,11,1502,'Softcover','4/4 c','E5PLUS',87),(2241,1.73,11,1502,'Softcover','4/4 c','E5PLUS',88),(2242,2.17,11,1502,'Softcover','4/4 c','E5PLUS',89),(2243,2.56,11,1502,'Softcover','4/4 c','E5PLUS',90),(2244,3.04,11,1502,'Softcover','4/4 c','E5PLUS',91),(2245,3.27,11,1502,'Softcover','4/4 c','E5PLUS',92),(2246,3.86,11,1502,'Softcover','4/4 c','E5PLUS',93),(2247,4.37,11,1502,'Softcover','4/4 c','E5PLUS',94),(2248,4.77,11,1502,'Softcover','4/4 c','E5PLUS',95),(2249,5.18,11,1502,'Softcover','4/4 c','E5PLUS',96),(2250,5.62,11,1502,'Softcover','4/4 c','E5PLUS',97),(2251,6.12,11,1502,'Softcover','4/4 c','E5PLUS',98),(2252,6.60,11,1502,'Softcover','4/4 c','E5PLUS',99),(2253,6.96,11,1502,'Softcover','4/4 c','E5PLUS',100),(2254,7.31,11,1502,'Softcover','4/4 c','E5PLUS',101),(2255,7.84,11,1502,'Softcover','4/4 c','E5PLUS',102),(2256,8.26,11,1502,'Softcover','4/4 c','E5PLUS',103),(2257,8.94,11,1502,'Softcover','4/4 c','E5PLUS',104),(2258,9.23,11,1502,'Softcover','4/4 c','E5PLUS',105),(2259,9.65,11,1502,'Softcover','4/4 c','E5PLUS',106),(2260,10.08,11,1502,'Softcover','4/4 c','E5PLUS',107),(2261,10.48,11,1502,'Softcover','4/4 c','E5PLUS',108),(2262,10.90,11,1502,'Softcover','4/4 c','E5PLUS',109),(2263,11.45,11,1502,'Softcover','4/4 c','E5PLUS',110),(2264,12.03,11,1502,'Softcover','4/4 c','E5PLUS',111),(2265,12.44,11,1502,'Softcover','4/4 c','E5PLUS',112),(2266,12.86,11,1502,'Softcover','4/4 c','E5PLUS',113),(2267,13.41,11,1502,'Softcover','4/4 c','E5PLUS',114),(2268,13.70,11,1502,'Softcover','4/4 c','E5PLUS',115),(2269,14.26,11,1502,'Softcover','4/4 c','E5PLUS',116),(2270,14.53,11,1502,'Softcover','4/4 c','E5PLUS',117),(2271,15.25,11,1502,'Softcover','4/4 c','E5PLUS',118),(2272,15.71,11,1502,'Softcover','4/4 c','E5PLUS',119),(2273,0.00,11,1502,'Softcover','4/4 c','F1926',78),(2274,0.00,11,1502,'Softcover','4/4 c','F1926',79),(2275,0.43,11,1502,'Softcover','4/4 c','F1926',80),(2276,0.54,11,1502,'Softcover','4/4 c','F1926',81),(2277,0.67,11,1502,'Softcover','4/4 c','F1926',82),(2278,0.82,11,1502,'Softcover','4/4 c','F1926',83),(2279,0.96,11,1502,'Softcover','4/4 c','F1926',84),(2280,1.43,11,1502,'Softcover','4/4 c','F1926',85),(2281,1.68,11,1502,'Softcover','4/4 c','F1926',86),(2282,2.11,11,1502,'Softcover','4/4 c','F1926',87),(2283,2.78,11,1502,'Softcover','4/4 c','F1926',88),(2284,3.49,11,1502,'Softcover','4/4 c','F1926',89),(2285,4.12,11,1502,'Softcover','4/4 c','F1926',90),(2286,4.89,11,1502,'Softcover','4/4 c','F1926',91),(2287,5.26,11,1502,'Softcover','4/4 c','F1926',92),(2288,6.21,11,1502,'Softcover','4/4 c','F1926',93),(2289,7.02,11,1502,'Softcover','4/4 c','F1926',94),(2290,7.67,11,1502,'Softcover','4/4 c','F1926',95),(2291,8.33,11,1502,'Softcover','4/4 c','F1926',96),(2292,9.03,11,1502,'Softcover','4/4 c','F1926',97),(2293,9.84,11,1502,'Softcover','4/4 c','F1926',98),(2294,10.61,11,1502,'Softcover','4/4 c','F1926',99),(2295,11.20,11,1502,'Softcover','4/4 c','F1926',100),(2296,11.75,11,1502,'Softcover','4/4 c','F1926',101),(2297,12.60,11,1502,'Softcover','4/4 c','F1926',102),(2298,13.27,11,1502,'Softcover','4/4 c','F1926',103),(2299,14.37,11,1502,'Softcover','4/4 c','F1926',104),(2300,14.84,11,1502,'Softcover','4/4 c','F1926',105),(2301,15.52,11,1502,'Softcover','4/4 c','F1926',106),(2302,16.20,11,1502,'Softcover','4/4 c','F1926',107),(2303,16.85,11,1502,'Softcover','4/4 c','F1926',108),(2304,17.52,11,1502,'Softcover','4/4 c','F1926',109),(2305,18.41,11,1502,'Softcover','4/4 c','F1926',110),(2306,19.34,11,1502,'Softcover','4/4 c','F1926',111),(2307,20.01,11,1502,'Softcover','4/4 c','F1926',112),(2308,20.68,11,1502,'Softcover','4/4 c','F1926',113),(2309,21.56,11,1502,'Softcover','4/4 c','F1926',114),(2310,22.02,11,1502,'Softcover','4/4 c','F1926',115),(2311,22.92,11,1502,'Softcover','4/4 c','F1926',116),(2312,23.36,11,1502,'Softcover','4/4 c','F1926',117),(2313,0.00,11,1502,'Softcover','4/4 c','F1926',118),(2314,0.00,11,1502,'Softcover','4/4 c','F1926',119),(2315,0.00,12,1502,'Softcover','4/4 c','A4',78),(2316,0.00,12,1502,'Softcover','4/4 c','A4',79),(2317,0.38,12,1502,'Softcover','4/4 c','A4',80),(2318,0.46,12,1502,'Softcover','4/4 c','A4',81),(2319,0.57,12,1502,'Softcover','4/4 c','A4',82),(2320,0.68,12,1502,'Softcover','4/4 c','A4',83),(2321,0.79,12,1502,'Softcover','4/4 c','A4',84),(2322,1.18,12,1502,'Softcover','4/4 c','A4',85),(2323,1.39,12,1502,'Softcover','4/4 c','A4',86),(2324,1.74,12,1502,'Softcover','4/4 c','A4',87),(2325,2.30,12,1502,'Softcover','4/4 c','A4',88),(2326,2.89,12,1502,'Softcover','4/4 c','A4',89),(2327,3.41,12,1502,'Softcover','4/4 c','A4',90),(2328,4.06,12,1502,'Softcover','4/4 c','A4',91),(2329,4.49,12,1502,'Softcover','4/4 c','A4',92),(2330,5.28,12,1502,'Softcover','4/4 c','A4',93),(2331,6.00,12,1502,'Softcover','4/4 c','A4',94),(2332,6.59,12,1502,'Softcover','4/4 c','A4',95),(2333,7.13,12,1502,'Softcover','4/4 c','A4',96),(2334,7.73,12,1502,'Softcover','4/4 c','A4',97),(2335,8.43,12,1502,'Softcover','4/4 c','A4',98),(2336,9.09,12,1502,'Softcover','4/4 c','A4',99),(2337,9.60,12,1502,'Softcover','4/4 c','A4',100),(2338,10.08,12,1502,'Softcover','4/4 c','A4',101),(2339,10.81,12,1502,'Softcover','4/4 c','A4',102),(2340,11.37,12,1502,'Softcover','4/4 c','A4',103),(2341,12.32,12,1502,'Softcover','4/4 c','A4',104),(2342,12.72,12,1502,'Softcover','4/4 c','A4',105),(2343,13.31,12,1502,'Softcover','4/4 c','A4',106),(2344,13.89,12,1502,'Softcover','4/4 c','A4',107),(2345,14.46,12,1502,'Softcover','4/4 c','A4',108),(2346,15.04,12,1502,'Softcover','4/4 c','A4',109),(2347,15.79,12,1502,'Softcover','4/4 c','A4',110),(2348,16.58,12,1502,'Softcover','4/4 c','A4',111),(2349,17.15,12,1502,'Softcover','4/4 c','A4',112),(2350,17.73,12,1502,'Softcover','4/4 c','A4',113),(2351,18.50,12,1502,'Softcover','4/4 c','A4',114),(2352,18.89,12,1502,'Softcover','4/4 c','A4',115),(2353,19.66,12,1502,'Softcover','4/4 c','A4',116),(2354,20.04,12,1502,'Softcover','4/4 c','A4',117),(2355,21.04,12,1502,'Softcover','4/4 c','A4',118),(2356,21.73,12,1502,'Softcover','4/4 c','A4',119),(2357,0.14,12,1502,'Softcover','4/4 c','A5',78),(2358,0.28,12,1502,'Softcover','4/4 c','A5',79),(2359,0.21,12,1502,'Softcover','4/4 c','A5',80),(2360,0.27,12,1502,'Softcover','4/4 c','A5',81),(2361,0.33,12,1502,'Softcover','4/4 c','A5',82),(2362,0.42,12,1502,'Softcover','4/4 c','A5',83),(2363,0.50,12,1502,'Softcover','4/4 c','A5',84),(2364,0.75,12,1502,'Softcover','4/4 c','A5',85),(2365,0.89,12,1502,'Softcover','4/4 c','A5',86),(2366,1.11,12,1502,'Softcover','4/4 c','A5',87),(2367,1.47,12,1502,'Softcover','4/4 c','A5',88),(2368,1.85,12,1502,'Softcover','4/4 c','A5',89),(2369,2.18,12,1502,'Softcover','4/4 c','A5',90),(2370,2.60,12,1502,'Softcover','4/4 c','A5',91),(2371,2.88,12,1502,'Softcover','4/4 c','A5',92),(2372,3.38,12,1502,'Softcover','4/4 c','A5',93),(2373,3.84,12,1502,'Softcover','4/4 c','A5',94),(2374,4.22,12,1502,'Softcover','4/4 c','A5',95),(2375,4.56,12,1502,'Softcover','4/4 c','A5',96),(2376,4.95,12,1502,'Softcover','4/4 c','A5',97),(2377,5.40,12,1502,'Softcover','4/4 c','A5',98),(2378,5.82,12,1502,'Softcover','4/4 c','A5',99),(2379,6.14,12,1502,'Softcover','4/4 c','A5',100),(2380,6.45,12,1502,'Softcover','4/4 c','A5',101),(2381,6.92,12,1502,'Softcover','4/4 c','A5',102),(2382,7.28,12,1502,'Softcover','4/4 c','A5',103),(2383,7.88,12,1502,'Softcover','4/4 c','A5',104),(2384,8.14,12,1502,'Softcover','4/4 c','A5',105),(2385,8.52,12,1502,'Softcover','4/4 c','A5',106),(2386,8.89,12,1502,'Softcover','4/4 c','A5',107),(2387,9.26,12,1502,'Softcover','4/4 c','A5',108),(2388,9.63,12,1502,'Softcover','4/4 c','A5',109),(2389,10.11,12,1502,'Softcover','4/4 c','A5',110),(2390,10.61,12,1502,'Softcover','4/4 c','A5',111),(2391,10.98,12,1502,'Softcover','4/4 c','A5',112),(2392,11.35,12,1502,'Softcover','4/4 c','A5',113),(2393,11.84,12,1502,'Softcover','4/4 c','A5',114),(2394,12.09,12,1502,'Softcover','4/4 c','A5',115),(2395,12.58,12,1502,'Softcover','4/4 c','A5',116),(2396,12.82,12,1502,'Softcover','4/4 c','A5',117),(2397,13.46,12,1502,'Softcover','4/4 c','A5',118),(2398,13.91,12,1502,'Softcover','4/4 c','A5',119),(2399,0.10,12,1502,'Softcover','4/4 c','A6',78),(2400,0.20,12,1502,'Softcover','4/4 c','A6',79),(2401,0.11,12,1502,'Softcover','4/4 c','A6',80),(2402,0.14,12,1502,'Softcover','4/4 c','A6',81),(2403,0.18,12,1502,'Softcover','4/4 c','A6',82),(2404,0.22,12,1502,'Softcover','4/4 c','A6',83),(2405,0.27,12,1502,'Softcover','4/4 c','A6',84),(2406,0.41,12,1502,'Softcover','4/4 c','A6',85),(2407,0.48,12,1502,'Softcover','4/4 c','A6',86),(2408,0.60,12,1502,'Softcover','4/4 c','A6',87),(2409,0.80,12,1502,'Softcover','4/4 c','A6',88),(2410,1.00,12,1502,'Softcover','4/4 c','A6',89),(2411,1.18,12,1502,'Softcover','4/4 c','A6',90),(2412,1.40,12,1502,'Softcover','4/4 c','A6',91),(2413,1.55,12,1502,'Softcover','4/4 c','A6',92),(2414,1.83,12,1502,'Softcover','4/4 c','A6',93),(2415,2.08,12,1502,'Softcover','4/4 c','A6',94),(2416,2.28,12,1502,'Softcover','4/4 c','A6',95),(2417,2.46,12,1502,'Softcover','4/4 c','A6',96),(2418,2.67,12,1502,'Softcover','4/4 c','A6',97),(2419,2.92,12,1502,'Softcover','4/4 c','A6',98),(2420,3.14,12,1502,'Softcover','4/4 c','A6',99),(2421,3.32,12,1502,'Softcover','4/4 c','A6',100),(2422,3.48,12,1502,'Softcover','4/4 c','A6',101),(2423,3.73,12,1502,'Softcover','4/4 c','A6',102),(2424,3.93,12,1502,'Softcover','4/4 c','A6',103),(2425,4.26,12,1502,'Softcover','4/4 c','A6',104),(2426,4.40,12,1502,'Softcover','4/4 c','A6',105),(2427,4.60,12,1502,'Softcover','4/4 c','A6',106),(2428,4.80,12,1502,'Softcover','4/4 c','A6',107),(2429,5.00,12,1502,'Softcover','4/4 c','A6',108),(2430,5.20,12,1502,'Softcover','4/4 c','A6',109),(2431,5.46,12,1502,'Softcover','4/4 c','A6',110),(2432,5.73,12,1502,'Softcover','4/4 c','A6',111),(2433,5.93,12,1502,'Softcover','4/4 c','A6',112),(2434,6.13,12,1502,'Softcover','4/4 c','A6',113),(2435,6.39,12,1502,'Softcover','4/4 c','A6',114),(2436,6.53,12,1502,'Softcover','4/4 c','A6',115),(2437,6.79,12,1502,'Softcover','4/4 c','A6',116),(2438,6.92,12,1502,'Softcover','4/4 c','A6',117),(2439,7.27,12,1502,'Softcover','4/4 c','A6',118),(2440,7.51,12,1502,'Softcover','4/4 c','A6',119),(2441,0.00,12,1502,'Softcover','4/4 c','E5PLUS',78),(2442,0.00,12,1502,'Softcover','4/4 c','E5PLUS',79),(2443,0.22,12,1502,'Softcover','4/4 c','E5PLUS',80),(2444,0.28,12,1502,'Softcover','4/4 c','E5PLUS',81),(2445,0.35,12,1502,'Softcover','4/4 c','E5PLUS',82),(2446,0.43,12,1502,'Softcover','4/4 c','E5PLUS',83),(2447,0.51,12,1502,'Softcover','4/4 c','E5PLUS',84),(2448,0.77,12,1502,'Softcover','4/4 c','E5PLUS',85),(2449,0.91,12,1502,'Softcover','4/4 c','E5PLUS',86),(2450,1.13,12,1502,'Softcover','4/4 c','E5PLUS',87),(2451,1.50,12,1502,'Softcover','4/4 c','E5PLUS',88),(2452,1.88,12,1502,'Softcover','4/4 c','E5PLUS',89),(2453,2.22,12,1502,'Softcover','4/4 c','E5PLUS',90),(2454,2.64,12,1502,'Softcover','4/4 c','E5PLUS',91),(2455,2.92,12,1502,'Softcover','4/4 c','E5PLUS',92),(2456,3.43,12,1502,'Softcover','4/4 c','E5PLUS',93),(2457,3.90,12,1502,'Softcover','4/4 c','E5PLUS',94),(2458,4.28,12,1502,'Softcover','4/4 c','E5PLUS',95),(2459,4.63,12,1502,'Softcover','4/4 c','E5PLUS',96),(2460,5.03,12,1502,'Softcover','4/4 c','E5PLUS',97),(2461,5.48,12,1502,'Softcover','4/4 c','E5PLUS',98),(2462,5.91,12,1502,'Softcover','4/4 c','E5PLUS',99),(2463,6.24,12,1502,'Softcover','4/4 c','E5PLUS',100),(2464,6.55,12,1502,'Softcover','4/4 c','E5PLUS',101),(2465,7.02,12,1502,'Softcover','4/4 c','E5PLUS',102),(2466,7.39,12,1502,'Softcover','4/4 c','E5PLUS',103),(2467,8.01,12,1502,'Softcover','4/4 c','E5PLUS',104),(2468,8.27,12,1502,'Softcover','4/4 c','E5PLUS',105),(2469,8.65,12,1502,'Softcover','4/4 c','E5PLUS',106),(2470,9.03,12,1502,'Softcover','4/4 c','E5PLUS',107),(2471,9.40,12,1502,'Softcover','4/4 c','E5PLUS',108),(2472,9.78,12,1502,'Softcover','4/4 c','E5PLUS',109),(2473,10.26,12,1502,'Softcover','4/4 c','E5PLUS',110),(2474,10.78,12,1502,'Softcover','4/4 c','E5PLUS',111),(2475,11.15,12,1502,'Softcover','4/4 c','E5PLUS',112),(2476,11.53,12,1502,'Softcover','4/4 c','E5PLUS',113),(2477,12.03,12,1502,'Softcover','4/4 c','E5PLUS',114),(2478,12.28,12,1502,'Softcover','4/4 c','E5PLUS',115),(2479,12.78,12,1502,'Softcover','4/4 c','E5PLUS',116),(2480,13.02,12,1502,'Softcover','4/4 c','E5PLUS',117),(2481,13.67,12,1502,'Softcover','4/4 c','E5PLUS',118),(2482,14.12,12,1502,'Softcover','4/4 c','E5PLUS',119),(2483,0.00,12,1502,'Softcover','4/4 c','F1926',78),(2484,0.00,12,1502,'Softcover','4/4 c','F1926',79),(2485,0.37,12,1502,'Softcover','4/4 c','F1926',80),(2486,0.46,12,1502,'Softcover','4/4 c','F1926',81),(2487,0.57,12,1502,'Softcover','4/4 c','F1926',82),(2488,0.70,12,1502,'Softcover','4/4 c','F1926',83),(2489,0.82,12,1502,'Softcover','4/4 c','F1926',84),(2490,1.23,12,1502,'Softcover','4/4 c','F1926',85),(2491,1.46,12,1502,'Softcover','4/4 c','F1926',86),(2492,1.82,12,1502,'Softcover','4/4 c','F1926',87),(2493,2.40,12,1502,'Softcover','4/4 c','F1926',88),(2494,3.02,12,1502,'Softcover','4/4 c','F1926',89),(2495,3.57,12,1502,'Softcover','4/4 c','F1926',90),(2496,4.24,12,1502,'Softcover','4/4 c','F1926',91),(2497,4.69,12,1502,'Softcover','4/4 c','F1926',92),(2498,5.52,12,1502,'Softcover','4/4 c','F1926',93),(2499,6.28,12,1502,'Softcover','4/4 c','F1926',94),(2500,6.88,12,1502,'Softcover','4/4 c','F1926',95),(2501,7.45,12,1502,'Softcover','4/4 c','F1926',96),(2502,8.08,12,1502,'Softcover','4/4 c','F1926',97),(2503,8.81,12,1502,'Softcover','4/4 c','F1926',98),(2504,9.50,12,1502,'Softcover','4/4 c','F1926',99),(2505,10.03,12,1502,'Softcover','4/4 c','F1926',100),(2506,10.53,12,1502,'Softcover','4/4 c','F1926',101),(2507,11.29,12,1502,'Softcover','4/4 c','F1926',102),(2508,11.89,12,1502,'Softcover','4/4 c','F1926',103),(2509,12.87,12,1502,'Softcover','4/4 c','F1926',104),(2510,13.29,12,1502,'Softcover','4/4 c','F1926',105),(2511,13.91,12,1502,'Softcover','4/4 c','F1926',106),(2512,14.52,12,1502,'Softcover','4/4 c','F1926',107),(2513,15.11,12,1502,'Softcover','4/4 c','F1926',108),(2514,15.72,12,1502,'Softcover','4/4 c','F1926',109),(2515,16.50,12,1502,'Softcover','4/4 c','F1926',110),(2516,17.33,12,1502,'Softcover','4/4 c','F1926',111),(2517,17.92,12,1502,'Softcover','4/4 c','F1926',112),(2518,18.53,12,1502,'Softcover','4/4 c','F1926',113),(2519,19.34,12,1502,'Softcover','4/4 c','F1926',114),(2520,19.74,12,1502,'Softcover','4/4 c','F1926',115),(2521,20.55,12,1502,'Softcover','4/4 c','F1926',116),(2522,20.94,12,1502,'Softcover','4/4 c','F1926',117),(2523,0.00,12,1502,'Softcover','4/4 c','F1926',118),(2524,0.00,12,1502,'Softcover','4/4 c','F1926',119),(2525,0.00,13,1502,'Softcover','4/4 c','A4',78),(2526,0.00,13,1502,'Softcover','4/4 c','A4',79),(2527,0.34,13,1502,'Softcover','4/4 c','A4',80),(2528,0.42,13,1502,'Softcover','4/4 c','A4',81),(2529,0.51,13,1502,'Softcover','4/4 c','A4',82),(2530,0.61,13,1502,'Softcover','4/4 c','A4',83),(2531,0.71,13,1502,'Softcover','4/4 c','A4',84),(2532,1.07,13,1502,'Softcover','4/4 c','A4',85),(2533,1.88,13,1502,'Softcover','4/4 c','A4',86),(2534,1.58,13,1502,'Softcover','4/4 c','A4',87),(2535,2.10,13,1502,'Softcover','4/4 c','A4',88),(2536,2.65,13,1502,'Softcover','4/4 c','A4',89),(2537,3.13,13,1502,'Softcover','4/4 c','A4',90),(2538,3.74,13,1502,'Softcover','4/4 c','A4',91),(2539,4.13,13,1502,'Softcover','4/4 c','A4',92),(2540,4.86,13,1502,'Softcover','4/4 c','A4',93),(2541,5.52,13,1502,'Softcover','4/4 c','A4',94),(2542,6.05,13,1502,'Softcover','4/4 c','A4',95),(2543,6.57,13,1502,'Softcover','4/4 c','A4',96),(2544,7.13,13,1502,'Softcover','4/4 c','A4',97),(2545,7.78,13,1502,'Softcover','4/4 c','A4',98),(2546,8.39,13,1502,'Softcover','4/4 c','A4',99),(2547,8.87,13,1502,'Softcover','4/4 c','A4',100),(2548,9.31,13,1502,'Softcover','4/4 c','A4',101),(2549,9.96,13,1502,'Softcover','4/4 c','A4',102),(2550,10.49,13,1502,'Softcover','4/4 c','A4',103),(2551,11.36,13,1502,'Softcover','4/4 c','A4',104),(2552,11.74,13,1502,'Softcover','4/4 c','A4',105),(2553,12.30,13,1502,'Softcover','4/4 c','A4',106),(2554,12.82,13,1502,'Softcover','4/4 c','A4',107),(2555,13.35,13,1502,'Softcover','4/4 c','A4',108),(2556,13.88,13,1502,'Softcover','4/4 c','A4',109),(2557,14.58,13,1502,'Softcover','4/4 c','A4',110),(2558,15.31,13,1502,'Softcover','4/4 c','A4',111),(2559,15.84,13,1502,'Softcover','4/4 c','A4',112),(2560,16.37,13,1502,'Softcover','4/4 c','A4',113),(2561,17.08,13,1502,'Softcover','4/4 c','A4',114),(2562,17.44,13,1502,'Softcover','4/4 c','A4',115),(2563,18.15,13,1502,'Softcover','4/4 c','A4',116),(2564,18.50,13,1502,'Softcover','4/4 c','A4',117),(2565,19.43,13,1502,'Softcover','4/4 c','A4',118),(2566,20.14,13,1502,'Softcover','4/4 c','A4',119),(2567,0.13,13,1502,'Softcover','4/4 c','A5',78),(2568,0.26,13,1502,'Softcover','4/4 c','A5',79),(2569,0.19,13,1502,'Softcover','4/4 c','A5',80),(2570,0.24,13,1502,'Softcover','4/4 c','A5',81),(2571,0.30,13,1502,'Softcover','4/4 c','A5',82),(2572,0.38,13,1502,'Softcover','4/4 c','A5',83),(2573,0.46,13,1502,'Softcover','4/4 c','A5',84),(2574,0.68,13,1502,'Softcover','4/4 c','A5',85),(2575,1.20,13,1502,'Softcover','4/4 c','A5',86),(2576,1.01,13,1502,'Softcover','4/4 c','A5',87),(2577,1.34,13,1502,'Softcover','4/4 c','A5',88),(2578,1.69,13,1502,'Softcover','4/4 c','A5',89),(2579,2.00,13,1502,'Softcover','4/4 c','A5',90),(2580,2.39,13,1502,'Softcover','4/4 c','A5',91),(2581,2.64,13,1502,'Softcover','4/4 c','A5',92),(2582,3.11,13,1502,'Softcover','4/4 c','A5',93),(2583,3.53,13,1502,'Softcover','4/4 c','A5',94),(2584,3.87,13,1502,'Softcover','4/4 c','A5',95),(2585,4.20,13,1502,'Softcover','4/4 c','A5',96),(2586,4.56,13,1502,'Softcover','4/4 c','A5',97),(2587,4.98,13,1502,'Softcover','4/4 c','A5',98),(2588,5.37,13,1502,'Softcover','4/4 c','A5',99),(2589,5.67,13,1502,'Softcover','4/4 c','A5',100),(2590,5.96,13,1502,'Softcover','4/4 c','A5',101),(2591,6.38,13,1502,'Softcover','4/4 c','A5',102),(2592,6.71,13,1502,'Softcover','4/4 c','A5',103),(2593,7.27,13,1502,'Softcover','4/4 c','A5',104),(2594,7.51,13,1502,'Softcover','4/4 c','A5',105),(2595,7.87,13,1502,'Softcover','4/4 c','A5',106),(2596,8.21,13,1502,'Softcover','4/4 c','A5',107),(2597,8.54,13,1502,'Softcover','4/4 c','A5',108),(2598,8.88,13,1502,'Softcover','4/4 c','A5',109),(2599,9.33,13,1502,'Softcover','4/4 c','A5',110),(2600,9.80,13,1502,'Softcover','4/4 c','A5',111),(2601,10.14,13,1502,'Softcover','4/4 c','A5',112),(2602,10.48,13,1502,'Softcover','4/4 c','A5',113),(2603,10.93,13,1502,'Softcover','4/4 c','A5',114),(2604,11.16,13,1502,'Softcover','4/4 c','A5',115),(2605,11.62,13,1502,'Softcover','4/4 c','A5',116),(2606,11.84,13,1502,'Softcover','4/4 c','A5',117),(2607,12.43,13,1502,'Softcover','4/4 c','A5',118),(2608,12.89,13,1502,'Softcover','4/4 c','A5',119),(2609,0.09,13,1502,'Softcover','4/4 c','A6',78),(2610,0.19,13,1502,'Softcover','4/4 c','A6',79),(2611,0.10,13,1502,'Softcover','4/4 c','A6',80),(2612,0.13,13,1502,'Softcover','4/4 c','A6',81),(2613,0.16,13,1502,'Softcover','4/4 c','A6',82),(2614,0.20,13,1502,'Softcover','4/4 c','A6',83),(2615,0.25,13,1502,'Softcover','4/4 c','A6',84),(2616,0.37,13,1502,'Softcover','4/4 c','A6',85),(2617,0.65,13,1502,'Softcover','4/4 c','A6',86),(2618,0.54,13,1502,'Softcover','4/4 c','A6',87),(2619,0.72,13,1502,'Softcover','4/4 c','A6',88),(2620,0.91,13,1502,'Softcover','4/4 c','A6',89),(2621,1.08,13,1502,'Softcover','4/4 c','A6',90),(2622,1.29,13,1502,'Softcover','4/4 c','A6',91),(2623,1.43,13,1502,'Softcover','4/4 c','A6',92),(2624,1.68,13,1502,'Softcover','4/4 c','A6',93),(2625,1.91,13,1502,'Softcover','4/4 c','A6',94),(2626,2.09,13,1502,'Softcover','4/4 c','A6',95),(2627,2.27,13,1502,'Softcover','4/4 c','A6',96),(2628,2.46,13,1502,'Softcover','4/4 c','A6',97),(2629,2.69,13,1502,'Softcover','4/4 c','A6',98),(2630,2.90,13,1502,'Softcover','4/4 c','A6',99),(2631,3.06,13,1502,'Softcover','4/4 c','A6',100),(2632,3.22,13,1502,'Softcover','4/4 c','A6',101),(2633,3.44,13,1502,'Softcover','4/4 c','A6',102),(2634,3.62,13,1502,'Softcover','4/4 c','A6',103),(2635,3.93,13,1502,'Softcover','4/4 c','A6',104),(2636,4.06,13,1502,'Softcover','4/4 c','A6',105),(2637,4.25,13,1502,'Softcover','4/4 c','A6',106),(2638,4.43,13,1502,'Softcover','4/4 c','A6',107),(2639,4.61,13,1502,'Softcover','4/4 c','A6',108),(2640,4.80,13,1502,'Softcover','4/4 c','A6',109),(2641,5.04,13,1502,'Softcover','4/4 c','A6',110),(2642,5.29,13,1502,'Softcover','4/4 c','A6',111),(2643,5.48,13,1502,'Softcover','4/4 c','A6',112),(2644,5.66,13,1502,'Softcover','4/4 c','A6',113),(2645,5.90,13,1502,'Softcover','4/4 c','A6',114),(2646,6.03,13,1502,'Softcover','4/4 c','A6',115),(2647,6.27,13,1502,'Softcover','4/4 c','A6',116),(2648,6.39,13,1502,'Softcover','4/4 c','A6',117),(2649,6.71,13,1502,'Softcover','4/4 c','A6',118),(2650,6.96,13,1502,'Softcover','4/4 c','A6',119),(2651,0.00,13,1502,'Softcover','4/4 c','E5PLUS',78),(2652,0.00,13,1502,'Softcover','4/4 c','E5PLUS',79),(2653,0.20,13,1502,'Softcover','4/4 c','E5PLUS',80),(2654,0.25,13,1502,'Softcover','4/4 c','E5PLUS',81),(2655,0.31,13,1502,'Softcover','4/4 c','E5PLUS',82),(2656,0.39,13,1502,'Softcover','4/4 c','E5PLUS',83),(2657,0.46,13,1502,'Softcover','4/4 c','E5PLUS',84),(2658,0.69,13,1502,'Softcover','4/4 c','E5PLUS',85),(2659,1.22,13,1502,'Softcover','4/4 c','E5PLUS',86),(2660,1.02,13,1502,'Softcover','4/4 c','E5PLUS',87),(2661,1.36,13,1502,'Softcover','4/4 c','E5PLUS',88),(2662,1.72,13,1502,'Softcover','4/4 c','E5PLUS',89),(2663,2.04,13,1502,'Softcover','4/4 c','E5PLUS',90),(2664,2.43,13,1502,'Softcover','4/4 c','E5PLUS',91),(2665,2.68,13,1502,'Softcover','4/4 c','E5PLUS',92),(2666,3.16,13,1502,'Softcover','4/4 c','E5PLUS',93),(2667,3.59,13,1502,'Softcover','4/4 c','E5PLUS',94),(2668,3.93,13,1502,'Softcover','4/4 c','E5PLUS',95),(2669,4.27,13,1502,'Softcover','4/4 c','E5PLUS',96),(2670,4.63,13,1502,'Softcover','4/4 c','E5PLUS',97),(2671,5.05,13,1502,'Softcover','4/4 c','E5PLUS',98),(2672,5.45,13,1502,'Softcover','4/4 c','E5PLUS',99),(2673,5.76,13,1502,'Softcover','4/4 c','E5PLUS',100),(2674,6.05,13,1502,'Softcover','4/4 c','E5PLUS',101),(2675,6.48,13,1502,'Softcover','4/4 c','E5PLUS',102),(2676,6.82,13,1502,'Softcover','4/4 c','E5PLUS',103),(2677,7.39,13,1502,'Softcover','4/4 c','E5PLUS',104),(2678,7.63,13,1502,'Softcover','4/4 c','E5PLUS',105),(2679,7.99,13,1502,'Softcover','4/4 c','E5PLUS',106),(2680,8.33,13,1502,'Softcover','4/4 c','E5PLUS',107),(2681,8.68,13,1502,'Softcover','4/4 c','E5PLUS',108),(2682,9.02,13,1502,'Softcover','4/4 c','E5PLUS',109),(2683,9.48,13,1502,'Softcover','4/4 c','E5PLUS',110),(2684,9.95,13,1502,'Softcover','4/4 c','E5PLUS',111),(2685,10.30,13,1502,'Softcover','4/4 c','E5PLUS',112),(2686,10.64,13,1502,'Softcover','4/4 c','E5PLUS',113),(2687,11.10,13,1502,'Softcover','4/4 c','E5PLUS',114),(2688,11.34,13,1502,'Softcover','4/4 c','E5PLUS',115),(2689,11.80,13,1502,'Softcover','4/4 c','E5PLUS',116),(2690,12.03,13,1502,'Softcover','4/4 c','E5PLUS',117),(2691,12.63,13,1502,'Softcover','4/4 c','E5PLUS',118),(2692,13.09,13,1502,'Softcover','4/4 c','E5PLUS',119),(2693,0.00,13,1502,'Softcover','4/4 c','F1926',78),(2694,0.00,13,1502,'Softcover','4/4 c','F1926',79),(2695,0.34,13,1502,'Softcover','4/4 c','F1926',80),(2696,0.42,13,1502,'Softcover','4/4 c','F1926',81),(2697,0.52,13,1502,'Softcover','4/4 c','F1926',82),(2698,0.63,13,1502,'Softcover','4/4 c','F1926',83),(2699,0.74,13,1502,'Softcover','4/4 c','F1926',84),(2700,1.12,13,1502,'Softcover','4/4 c','F1926',85),(2701,1.96,13,1502,'Softcover','4/4 c','F1926',86),(2702,1.65,13,1502,'Softcover','4/4 c','F1926',87),(2703,2.19,13,1502,'Softcover','4/4 c','F1926',88),(2704,2.77,13,1502,'Softcover','4/4 c','F1926',89),(2705,3.27,13,1502,'Softcover','4/4 c','F1926',90),(2706,3.90,13,1502,'Softcover','4/4 c','F1926',91),(2707,4.31,13,1502,'Softcover','4/4 c','F1926',92),(2708,5.08,13,1502,'Softcover','4/4 c','F1926',93),(2709,5.77,13,1502,'Softcover','4/4 c','F1926',94),(2710,6.32,13,1502,'Softcover','4/4 c','F1926',95),(2711,6.86,13,1502,'Softcover','4/4 c','F1926',96),(2712,7.45,13,1502,'Softcover','4/4 c','F1926',97),(2713,8.13,13,1502,'Softcover','4/4 c','F1926',98),(2714,8.77,13,1502,'Softcover','4/4 c','F1926',99),(2715,9.27,13,1502,'Softcover','4/4 c','F1926',100),(2716,9.73,13,1502,'Softcover','4/4 c','F1926',101),(2717,10.41,13,1502,'Softcover','4/4 c','F1926',102),(2718,10.96,13,1502,'Softcover','4/4 c','F1926',103),(2719,11.87,13,1502,'Softcover','4/4 c','F1926',104),(2720,12.27,13,1502,'Softcover','4/4 c','F1926',105),(2721,12.85,13,1502,'Softcover','4/4 c','F1926',106),(2722,13.40,13,1502,'Softcover','4/4 c','F1926',107),(2723,13.95,13,1502,'Softcover','4/4 c','F1926',108),(2724,14.51,13,1502,'Softcover','4/4 c','F1926',109),(2725,15.24,13,1502,'Softcover','4/4 c','F1926',110),(2726,16.00,13,1502,'Softcover','4/4 c','F1926',111),(2727,16.56,13,1502,'Softcover','4/4 c','F1926',112),(2728,17.11,13,1502,'Softcover','4/4 c','F1926',113),(2729,17.85,13,1502,'Softcover','4/4 c','F1926',114),(2730,18.23,13,1502,'Softcover','4/4 c','F1926',115),(2731,18.97,13,1502,'Softcover','4/4 c','F1926',116),(2732,19.34,13,1502,'Softcover','4/4 c','F1926',117),(2733,0.00,13,1502,'Softcover','4/4 c','F1926',118),(2734,0.00,13,1502,'Softcover','4/4 c','F1926',119),(2735,0.00,14,1502,'Softcover','4/4 c','A4',78),(2736,0.00,14,1502,'Softcover','4/4 c','A4',79),(2737,0.32,14,1502,'Softcover','4/4 c','A4',80),(2738,0.39,14,1502,'Softcover','4/4 c','A4',81),(2739,0.47,14,1502,'Softcover','4/4 c','A4',82),(2740,0.57,14,1502,'Softcover','4/4 c','A4',83),(2741,0.66,14,1502,'Softcover','4/4 c','A4',84),(2742,0.99,14,1502,'Softcover','4/4 c','A4',85),(2743,1.19,14,1502,'Softcover','4/4 c','A4',86),(2744,1.47,14,1502,'Softcover','4/4 c','A4',87),(2745,1.95,14,1502,'Softcover','4/4 c','A4',88),(2746,2.47,14,1502,'Softcover','4/4 c','A4',89),(2747,2.94,14,1502,'Softcover','4/4 c','A4',90),(2748,3.51,14,1502,'Softcover','4/4 c','A4',91),(2749,3.87,14,1502,'Softcover','4/4 c','A4',92),(2750,4.57,14,1502,'Softcover','4/4 c','A4',93),(2751,5.18,14,1502,'Softcover','4/4 c','A4',94),(2752,5.67,14,1502,'Softcover','4/4 c','A4',95),(2753,6.17,14,1502,'Softcover','4/4 c','A4',96),(2754,6.70,14,1502,'Softcover','4/4 c','A4',97),(2755,7.30,14,1502,'Softcover','4/4 c','A4',98),(2756,7.88,14,1502,'Softcover','4/4 c','A4',99),(2757,8.33,14,1502,'Softcover','4/4 c','A4',100),(2758,8.75,14,1502,'Softcover','4/4 c','A4',101),(2759,9.36,14,1502,'Softcover','4/4 c','A4',102),(2760,9.85,14,1502,'Softcover','4/4 c','A4',103),(2761,10.68,14,1502,'Softcover','4/4 c','A4',104),(2762,11.03,14,1502,'Softcover','4/4 c','A4',105),(2763,11.56,14,1502,'Softcover','4/4 c','A4',106),(2764,12.06,14,1502,'Softcover','4/4 c','A4',107),(2765,12.54,14,1502,'Softcover','4/4 c','A4',108),(2766,13.05,14,1502,'Softcover','4/4 c','A4',109),(2767,13.71,14,1502,'Softcover','4/4 c','A4',110),(2768,14.40,14,1502,'Softcover','4/4 c','A4',111),(2769,14.90,14,1502,'Softcover','4/4 c','A4',112),(2770,15.39,14,1502,'Softcover','4/4 c','A4',113),(2771,16.06,14,1502,'Softcover','4/4 c','A4',114),(2772,16.40,14,1502,'Softcover','4/4 c','A4',115),(2773,17.07,14,1502,'Softcover','4/4 c','A4',116),(2774,17.43,14,1502,'Softcover','4/4 c','A4',117),(2775,18.30,14,1502,'Softcover','4/4 c','A4',118),(2776,18.92,14,1502,'Softcover','4/4 c','A4',119),(2777,0.12,14,1502,'Softcover','4/4 c','A5',78),(2778,0.24,14,1502,'Softcover','4/4 c','A5',79),(2779,0.17,14,1502,'Softcover','4/4 c','A5',80),(2780,0.22,14,1502,'Softcover','4/4 c','A5',81),(2781,0.28,14,1502,'Softcover','4/4 c','A5',82),(2782,0.35,14,1502,'Softcover','4/4 c','A5',83),(2783,0.42,14,1502,'Softcover','4/4 c','A5',84),(2784,0.64,14,1502,'Softcover','4/4 c','A5',85),(2785,0.76,14,1502,'Softcover','4/4 c','A5',86),(2786,0.94,14,1502,'Softcover','4/4 c','A5',87),(2787,1.25,14,1502,'Softcover','4/4 c','A5',88),(2788,1.58,14,1502,'Softcover','4/4 c','A5',89),(2789,1.88,14,1502,'Softcover','4/4 c','A5',90),(2790,2.25,14,1502,'Softcover','4/4 c','A5',91),(2791,2.47,14,1502,'Softcover','4/4 c','A5',92),(2792,2.92,14,1502,'Softcover','4/4 c','A5',93),(2793,3.32,14,1502,'Softcover','4/4 c','A5',94),(2794,3.63,14,1502,'Softcover','4/4 c','A5',95),(2795,3.95,14,1502,'Softcover','4/4 c','A5',96),(2796,4.29,14,1502,'Softcover','4/4 c','A5',97),(2797,4.67,14,1502,'Softcover','4/4 c','A5',98),(2798,5.05,14,1502,'Softcover','4/4 c','A5',99),(2799,5.33,14,1502,'Softcover','4/4 c','A5',100),(2800,5.60,14,1502,'Softcover','4/4 c','A5',101),(2801,5.99,14,1502,'Softcover','4/4 c','A5',102),(2802,6.31,14,1502,'Softcover','4/4 c','A5',103),(2803,6.83,14,1502,'Softcover','4/4 c','A5',104),(2804,7.06,14,1502,'Softcover','4/4 c','A5',105),(2805,7.40,14,1502,'Softcover','4/4 c','A5',106),(2806,7.72,14,1502,'Softcover','4/4 c','A5',107),(2807,8.03,14,1502,'Softcover','4/4 c','A5',108),(2808,8.35,14,1502,'Softcover','4/4 c','A5',109),(2809,8.77,14,1502,'Softcover','4/4 c','A5',110),(2810,9.21,14,1502,'Softcover','4/4 c','A5',111),(2811,9.54,14,1502,'Softcover','4/4 c','A5',112),(2812,9.85,14,1502,'Softcover','4/4 c','A5',113),(2813,10.28,14,1502,'Softcover','4/4 c','A5',114),(2814,10.50,14,1502,'Softcover','4/4 c','A5',115),(2815,10.92,14,1502,'Softcover','4/4 c','A5',116),(2816,11.16,14,1502,'Softcover','4/4 c','A5',117),(2817,11.71,14,1502,'Softcover','4/4 c','A5',118),(2818,12.11,14,1502,'Softcover','4/4 c','A5',119),(2819,0.09,14,1502,'Softcover','4/4 c','A6',78),(2820,0.17,14,1502,'Softcover','4/4 c','A6',79),(2821,0.09,14,1502,'Softcover','4/4 c','A6',80),(2822,0.12,14,1502,'Softcover','4/4 c','A6',81),(2823,0.15,14,1502,'Softcover','4/4 c','A6',82),(2824,0.19,14,1502,'Softcover','4/4 c','A6',83),(2825,0.23,14,1502,'Softcover','4/4 c','A6',84),(2826,0.34,14,1502,'Softcover','4/4 c','A6',85),(2827,0.41,14,1502,'Softcover','4/4 c','A6',86),(2828,0.51,14,1502,'Softcover','4/4 c','A6',87),(2829,0.68,14,1502,'Softcover','4/4 c','A6',88),(2830,0.85,14,1502,'Softcover','4/4 c','A6',89),(2831,1.02,14,1502,'Softcover','4/4 c','A6',90),(2832,1.21,14,1502,'Softcover','4/4 c','A6',91),(2833,1.34,14,1502,'Softcover','4/4 c','A6',92),(2834,1.58,14,1502,'Softcover','4/4 c','A6',93),(2835,1.79,14,1502,'Softcover','4/4 c','A6',94),(2836,1.96,14,1502,'Softcover','4/4 c','A6',95),(2837,2.13,14,1502,'Softcover','4/4 c','A6',96),(2838,2.31,14,1502,'Softcover','4/4 c','A6',97),(2839,2.52,14,1502,'Softcover','4/4 c','A6',98),(2840,2.72,14,1502,'Softcover','4/4 c','A6',99),(2841,2.88,14,1502,'Softcover','4/4 c','A6',100),(2842,3.02,14,1502,'Softcover','4/4 c','A6',101),(2843,3.24,14,1502,'Softcover','4/4 c','A6',102),(2844,3.41,14,1502,'Softcover','4/4 c','A6',103),(2845,3.69,14,1502,'Softcover','4/4 c','A6',104),(2846,3.81,14,1502,'Softcover','4/4 c','A6',105),(2847,3.99,14,1502,'Softcover','4/4 c','A6',106),(2848,4.17,14,1502,'Softcover','4/4 c','A6',107),(2849,4.33,14,1502,'Softcover','4/4 c','A6',108),(2850,4.51,14,1502,'Softcover','4/4 c','A6',109),(2851,4.74,14,1502,'Softcover','4/4 c','A6',110),(2852,4.98,14,1502,'Softcover','4/4 c','A6',111),(2853,5.15,14,1502,'Softcover','4/4 c','A6',112),(2854,5.32,14,1502,'Softcover','4/4 c','A6',113),(2855,5.55,14,1502,'Softcover','4/4 c','A6',114),(2856,5.67,14,1502,'Softcover','4/4 c','A6',115),(2857,5.90,14,1502,'Softcover','4/4 c','A6',116),(2858,6.02,14,1502,'Softcover','4/4 c','A6',117),(2859,6.33,14,1502,'Softcover','4/4 c','A6',118),(2860,6.54,14,1502,'Softcover','4/4 c','A6',119),(2861,0.00,14,1502,'Softcover','4/4 c','E5PLUS',78),(2862,0.00,14,1502,'Softcover','4/4 c','E5PLUS',79),(2863,0.18,14,1502,'Softcover','4/4 c','E5PLUS',80),(2864,0.23,14,1502,'Softcover','4/4 c','E5PLUS',81),(2865,0.29,14,1502,'Softcover','4/4 c','E5PLUS',82),(2866,0.36,14,1502,'Softcover','4/4 c','E5PLUS',83),(2867,0.43,14,1502,'Softcover','4/4 c','E5PLUS',84),(2868,0.65,14,1502,'Softcover','4/4 c','E5PLUS',85),(2869,0.77,14,1502,'Softcover','4/4 c','E5PLUS',86),(2870,0.95,14,1502,'Softcover','4/4 c','E5PLUS',87),(2871,1.27,14,1502,'Softcover','4/4 c','E5PLUS',88),(2872,1.61,14,1502,'Softcover','4/4 c','E5PLUS',89),(2873,1.91,14,1502,'Softcover','4/4 c','E5PLUS',90),(2874,2.28,14,1502,'Softcover','4/4 c','E5PLUS',91),(2875,2.51,14,1502,'Softcover','4/4 c','E5PLUS',92),(2876,2.97,14,1502,'Softcover','4/4 c','E5PLUS',93),(2877,3.37,14,1502,'Softcover','4/4 c','E5PLUS',94),(2878,3.69,14,1502,'Softcover','4/4 c','E5PLUS',95),(2879,4.01,14,1502,'Softcover','4/4 c','E5PLUS',96),(2880,4.35,14,1502,'Softcover','4/4 c','E5PLUS',97),(2881,4.75,14,1502,'Softcover','4/4 c','E5PLUS',98),(2882,5.12,14,1502,'Softcover','4/4 c','E5PLUS',99),(2883,5.41,14,1502,'Softcover','4/4 c','E5PLUS',100),(2884,5.69,14,1502,'Softcover','4/4 c','E5PLUS',101),(2885,6.09,14,1502,'Softcover','4/4 c','E5PLUS',102),(2886,6.41,14,1502,'Softcover','4/4 c','E5PLUS',103),(2887,6.94,14,1502,'Softcover','4/4 c','E5PLUS',104),(2888,7.17,14,1502,'Softcover','4/4 c','E5PLUS',105),(2889,7.51,14,1502,'Softcover','4/4 c','E5PLUS',106),(2890,7.84,14,1502,'Softcover','4/4 c','E5PLUS',107),(2891,8.15,14,1502,'Softcover','4/4 c','E5PLUS',108),(2892,8.48,14,1502,'Softcover','4/4 c','E5PLUS',109),(2893,8.91,14,1502,'Softcover','4/4 c','E5PLUS',110),(2894,9.36,14,1502,'Softcover','4/4 c','E5PLUS',111),(2895,9.69,14,1502,'Softcover','4/4 c','E5PLUS',112),(2896,10.01,14,1502,'Softcover','4/4 c','E5PLUS',113),(2897,10.44,14,1502,'Softcover','4/4 c','E5PLUS',114),(2898,10.66,14,1502,'Softcover','4/4 c','E5PLUS',115),(2899,11.09,14,1502,'Softcover','4/4 c','E5PLUS',116),(2900,11.33,14,1502,'Softcover','4/4 c','E5PLUS',117),(2901,11.90,14,1502,'Softcover','4/4 c','E5PLUS',118),(2902,12.30,14,1502,'Softcover','4/4 c','E5PLUS',119),(2903,0.00,14,1502,'Softcover','4/4 c','F1926',78),(2904,0.00,14,1502,'Softcover','4/4 c','F1926',79),(2905,0.31,14,1502,'Softcover','4/4 c','F1926',80),(2906,0.39,14,1502,'Softcover','4/4 c','F1926',81),(2907,0.48,14,1502,'Softcover','4/4 c','F1926',82),(2908,0.58,14,1502,'Softcover','4/4 c','F1926',83),(2909,0.69,14,1502,'Softcover','4/4 c','F1926',84),(2910,1.04,14,1502,'Softcover','4/4 c','F1926',85),(2911,1.24,14,1502,'Softcover','4/4 c','F1926',86),(2912,1.53,14,1502,'Softcover','4/4 c','F1926',87),(2913,2.04,14,1502,'Softcover','4/4 c','F1926',88),(2914,2.58,14,1502,'Softcover','4/4 c','F1926',89),(2915,3.07,14,1502,'Softcover','4/4 c','F1926',90),(2916,3.67,14,1502,'Softcover','4/4 c','F1926',91),(2917,4.04,14,1502,'Softcover','4/4 c','F1926',92),(2918,4.77,14,1502,'Softcover','4/4 c','F1926',93),(2919,5.42,14,1502,'Softcover','4/4 c','F1926',94),(2920,5.93,14,1502,'Softcover','4/4 c','F1926',95),(2921,6.44,14,1502,'Softcover','4/4 c','F1926',96),(2922,7.00,14,1502,'Softcover','4/4 c','F1926',97),(2923,7.63,14,1502,'Softcover','4/4 c','F1926',98),(2924,8.24,14,1502,'Softcover','4/4 c','F1926',99),(2925,8.70,14,1502,'Softcover','4/4 c','F1926',100),(2926,9.15,14,1502,'Softcover','4/4 c','F1926',101),(2927,9.78,14,1502,'Softcover','4/4 c','F1926',102),(2928,10.30,14,1502,'Softcover','4/4 c','F1926',103),(2929,11.16,14,1502,'Softcover','4/4 c','F1926',104),(2930,11.53,14,1502,'Softcover','4/4 c','F1926',105),(2931,12.08,14,1502,'Softcover','4/4 c','F1926',106),(2932,12.60,14,1502,'Softcover','4/4 c','F1926',107),(2933,13.11,14,1502,'Softcover','4/4 c','F1926',108),(2934,13.63,14,1502,'Softcover','4/4 c','F1926',109),(2935,14.33,14,1502,'Softcover','4/4 c','F1926',110),(2936,15.04,14,1502,'Softcover','4/4 c','F1926',111),(2937,15.57,14,1502,'Softcover','4/4 c','F1926',112),(2938,16.09,14,1502,'Softcover','4/4 c','F1926',113),(2939,16.78,14,1502,'Softcover','4/4 c','F1926',114),(2940,17.14,14,1502,'Softcover','4/4 c','F1926',115),(2941,17.83,14,1502,'Softcover','4/4 c','F1926',116),(2942,18.22,14,1502,'Softcover','4/4 c','F1926',117),(2943,0.00,14,1502,'Softcover','4/4 c','F1926',118),(2944,0.00,14,1502,'Softcover','4/4 c','F1926',119),(2945,0.00,15,1502,'Softcover','4/4 c','A4',78),(2946,0.00,15,1502,'Softcover','4/4 c','A4',79),(2947,0.30,15,1502,'Softcover','4/4 c','A4',80),(2948,0.37,15,1502,'Softcover','4/4 c','A4',81),(2949,0.45,15,1502,'Softcover','4/4 c','A4',82),(2950,0.54,15,1502,'Softcover','4/4 c','A4',83),(2951,0.63,15,1502,'Softcover','4/4 c','A4',84),(2952,0.94,15,1502,'Softcover','4/4 c','A4',85),(2953,1.12,15,1502,'Softcover','4/4 c','A4',86),(2954,1.38,15,1502,'Softcover','4/4 c','A4',87),(2955,1.86,15,1502,'Softcover','4/4 c','A4',88),(2956,2.34,15,1502,'Softcover','4/4 c','A4',89),(2957,2.78,15,1502,'Softcover','4/4 c','A4',90),(2958,3.33,15,1502,'Softcover','4/4 c','A4',91),(2959,3.68,15,1502,'Softcover','4/4 c','A4',92),(2960,4.35,15,1502,'Softcover','4/4 c','A4',93),(2961,4.94,15,1502,'Softcover','4/4 c','A4',94),(2962,5.40,15,1502,'Softcover','4/4 c','A4',95),(2963,5.86,15,1502,'Softcover','4/4 c','A4',96),(2964,6.36,15,1502,'Softcover','4/4 c','A4',97),(2965,6.94,15,1502,'Softcover','4/4 c','A4',98),(2966,7.51,15,1502,'Softcover','4/4 c','A4',99),(2967,7.94,15,1502,'Softcover','4/4 c','A4',100),(2968,8.34,15,1502,'Softcover','4/4 c','A4',101),(2969,8.91,15,1502,'Softcover','4/4 c','A4',102),(2970,9.38,15,1502,'Softcover','4/4 c','A4',103),(2971,10.17,15,1502,'Softcover','4/4 c','A4',104),(2972,10.51,15,1502,'Softcover','4/4 c','A4',105),(2973,11.01,15,1502,'Softcover','4/4 c','A4',106),(2974,11.49,15,1502,'Softcover','4/4 c','A4',107),(2975,11.96,15,1502,'Softcover','4/4 c','A4',108),(2976,12.44,15,1502,'Softcover','4/4 c','A4',109),(2977,13.07,15,1502,'Softcover','4/4 c','A4',110),(2978,13.72,15,1502,'Softcover','4/4 c','A4',111),(2979,14.19,15,1502,'Softcover','4/4 c','A4',112),(2980,14.66,15,1502,'Softcover','4/4 c','A4',113),(2981,15.30,15,1502,'Softcover','4/4 c','A4',114),(2982,15.62,15,1502,'Softcover','4/4 c','A4',115),(2983,16.25,15,1502,'Softcover','4/4 c','A4',116),(2984,16.56,15,1502,'Softcover','4/4 c','A4',117),(2985,17.39,15,1502,'Softcover','4/4 c','A4',118),(2986,17.88,15,1502,'Softcover','4/4 c','A4',119),(2987,0.11,15,1502,'Softcover','4/4 c','A5',78),(2988,0.22,15,1502,'Softcover','4/4 c','A5',79),(2989,0.17,15,1502,'Softcover','4/4 c','A5',80),(2990,0.21,15,1502,'Softcover','4/4 c','A5',81),(2991,0.27,15,1502,'Softcover','4/4 c','A5',82),(2992,0.33,15,1502,'Softcover','4/4 c','A5',83),(2993,0.40,15,1502,'Softcover','4/4 c','A5',84),(2994,0.60,15,1502,'Softcover','4/4 c','A5',85),(2995,0.72,15,1502,'Softcover','4/4 c','A5',86),(2996,0.88,15,1502,'Softcover','4/4 c','A5',87),(2997,1.19,15,1502,'Softcover','4/4 c','A5',88),(2998,1.50,15,1502,'Softcover','4/4 c','A5',89),(2999,1.78,15,1502,'Softcover','4/4 c','A5',90),(3000,2.13,15,1502,'Softcover','4/4 c','A5',91),(3001,2.36,15,1502,'Softcover','4/4 c','A5',92),(3002,2.79,15,1502,'Softcover','4/4 c','A5',93),(3003,3.16,15,1502,'Softcover','4/4 c','A5',94),(3004,3.46,15,1502,'Softcover','4/4 c','A5',95),(3005,3.75,15,1502,'Softcover','4/4 c','A5',96),(3006,4.07,15,1502,'Softcover','4/4 c','A5',97),(3007,4.44,15,1502,'Softcover','4/4 c','A5',98),(3008,4.80,15,1502,'Softcover','4/4 c','A5',99),(3009,5.08,15,1502,'Softcover','4/4 c','A5',100),(3010,5.33,15,1502,'Softcover','4/4 c','A5',101),(3011,5.70,15,1502,'Softcover','4/4 c','A5',102),(3012,6.01,15,1502,'Softcover','4/4 c','A5',103),(3013,6.51,15,1502,'Softcover','4/4 c','A5',104),(3014,6.72,15,1502,'Softcover','4/4 c','A5',105),(3015,7.05,15,1502,'Softcover','4/4 c','A5',106),(3016,7.35,15,1502,'Softcover','4/4 c','A5',107),(3017,7.66,15,1502,'Softcover','4/4 c','A5',108),(3018,7.96,15,1502,'Softcover','4/4 c','A5',109),(3019,8.36,15,1502,'Softcover','4/4 c','A5',110),(3020,8.78,15,1502,'Softcover','4/4 c','A5',111),(3021,9.08,15,1502,'Softcover','4/4 c','A5',112),(3022,9.39,15,1502,'Softcover','4/4 c','A5',113),(3023,9.79,15,1502,'Softcover','4/4 c','A5',114),(3024,10.00,15,1502,'Softcover','4/4 c','A5',115),(3025,10.40,15,1502,'Softcover','4/4 c','A5',116),(3026,10.60,15,1502,'Softcover','4/4 c','A5',117),(3027,11.13,15,1502,'Softcover','4/4 c','A5',118),(3028,11.45,15,1502,'Softcover','4/4 c','A5',119),(3029,0.08,15,1502,'Softcover','4/4 c','A6',78),(3030,0.16,15,1502,'Softcover','4/4 c','A6',79),(3031,0.09,15,1502,'Softcover','4/4 c','A6',80),(3032,0.11,15,1502,'Softcover','4/4 c','A6',81),(3033,0.14,15,1502,'Softcover','4/4 c','A6',82),(3034,0.18,15,1502,'Softcover','4/4 c','A6',83),(3035,0.22,15,1502,'Softcover','4/4 c','A6',84),(3036,0.32,15,1502,'Softcover','4/4 c','A6',85),(3037,0.39,15,1502,'Softcover','4/4 c','A6',86),(3038,0.48,15,1502,'Softcover','4/4 c','A6',87),(3039,0.64,15,1502,'Softcover','4/4 c','A6',88),(3040,0.81,15,1502,'Softcover','4/4 c','A6',89),(3041,0.96,15,1502,'Softcover','4/4 c','A6',90),(3042,1.15,15,1502,'Softcover','4/4 c','A6',91),(3043,1.27,15,1502,'Softcover','4/4 c','A6',92),(3044,1.50,15,1502,'Softcover','4/4 c','A6',93),(3045,1.71,15,1502,'Softcover','4/4 c','A6',94),(3046,1.87,15,1502,'Softcover','4/4 c','A6',95),(3047,2.03,15,1502,'Softcover','4/4 c','A6',96),(3048,2.20,15,1502,'Softcover','4/4 c','A6',97),(3049,2.40,15,1502,'Softcover','4/4 c','A6',98),(3050,2.59,15,1502,'Softcover','4/4 c','A6',99),(3051,2.74,15,1502,'Softcover','4/4 c','A6',100),(3052,2.88,15,1502,'Softcover','4/4 c','A6',101),(3053,3.08,15,1502,'Softcover','4/4 c','A6',102),(3054,3.24,15,1502,'Softcover','4/4 c','A6',103),(3055,3.51,15,1502,'Softcover','4/4 c','A6',104),(3056,3.63,15,1502,'Softcover','4/4 c','A6',105),(3057,3.80,15,1502,'Softcover','4/4 c','A6',106),(3058,3.97,15,1502,'Softcover','4/4 c','A6',107),(3059,4.13,15,1502,'Softcover','4/4 c','A6',108),(3060,4.30,15,1502,'Softcover','4/4 c','A6',109),(3061,4.52,15,1502,'Softcover','4/4 c','A6',110),(3062,4.74,15,1502,'Softcover','4/4 c','A6',111),(3063,4.91,15,1502,'Softcover','4/4 c','A6',112),(3064,5.07,15,1502,'Softcover','4/4 c','A6',113),(3065,5.29,15,1502,'Softcover','4/4 c','A6',114),(3066,5.40,15,1502,'Softcover','4/4 c','A6',115),(3067,5.62,15,1502,'Softcover','4/4 c','A6',116),(3068,5.72,15,1502,'Softcover','4/4 c','A6',117),(3069,6.01,15,1502,'Softcover','4/4 c','A6',118),(3070,6.18,15,1502,'Softcover','4/4 c','A6',119),(3071,0.00,15,1502,'Softcover','4/4 c','E5PLUS',78),(3072,0.00,15,1502,'Softcover','4/4 c','E5PLUS',79),(3073,0.18,15,1502,'Softcover','4/4 c','E5PLUS',80),(3074,0.22,15,1502,'Softcover','4/4 c','E5PLUS',81),(3075,0.27,15,1502,'Softcover','4/4 c','E5PLUS',82),(3076,0.34,15,1502,'Softcover','4/4 c','E5PLUS',83),(3077,0.41,15,1502,'Softcover','4/4 c','E5PLUS',84),(3078,0.61,15,1502,'Softcover','4/4 c','E5PLUS',85),(3079,0.73,15,1502,'Softcover','4/4 c','E5PLUS',86),(3080,0.90,15,1502,'Softcover','4/4 c','E5PLUS',87),(3081,1.21,15,1502,'Softcover','4/4 c','E5PLUS',88),(3082,1.52,15,1502,'Softcover','4/4 c','E5PLUS',89),(3083,1.80,15,1502,'Softcover','4/4 c','E5PLUS',90),(3084,2.16,15,1502,'Softcover','4/4 c','E5PLUS',91),(3085,2.39,15,1502,'Softcover','4/4 c','E5PLUS',92),(3086,2.83,15,1502,'Softcover','4/4 c','E5PLUS',93),(3087,3.21,15,1502,'Softcover','4/4 c','E5PLUS',94),(3088,3.51,15,1502,'Softcover','4/4 c','E5PLUS',95),(3089,3.81,15,1502,'Softcover','4/4 c','E5PLUS',96),(3090,4.13,15,1502,'Softcover','4/4 c','E5PLUS',97),(3091,4.51,15,1502,'Softcover','4/4 c','E5PLUS',98),(3092,4.88,15,1502,'Softcover','4/4 c','E5PLUS',99),(3093,5.16,15,1502,'Softcover','4/4 c','E5PLUS',100),(3094,5.42,15,1502,'Softcover','4/4 c','E5PLUS',101),(3095,5.79,15,1502,'Softcover','4/4 c','E5PLUS',102),(3096,6.10,15,1502,'Softcover','4/4 c','E5PLUS',103),(3097,6.61,15,1502,'Softcover','4/4 c','E5PLUS',104),(3098,6.83,15,1502,'Softcover','4/4 c','E5PLUS',105),(3099,7.16,15,1502,'Softcover','4/4 c','E5PLUS',106),(3100,7.47,15,1502,'Softcover','4/4 c','E5PLUS',107),(3101,7.78,15,1502,'Softcover','4/4 c','E5PLUS',108),(3102,8.08,15,1502,'Softcover','4/4 c','E5PLUS',109),(3103,8.49,15,1502,'Softcover','4/4 c','E5PLUS',110),(3104,8.92,15,1502,'Softcover','4/4 c','E5PLUS',111),(3105,9.23,15,1502,'Softcover','4/4 c','E5PLUS',112),(3106,9.53,15,1502,'Softcover','4/4 c','E5PLUS',113),(3107,9.94,15,1502,'Softcover','4/4 c','E5PLUS',114),(3108,10.15,15,1502,'Softcover','4/4 c','E5PLUS',115),(3109,10.56,15,1502,'Softcover','4/4 c','E5PLUS',116),(3110,10.77,15,1502,'Softcover','4/4 c','E5PLUS',117),(3111,11.30,15,1502,'Softcover','4/4 c','E5PLUS',118),(3112,11.62,15,1502,'Softcover','4/4 c','E5PLUS',119),(3113,0.00,15,1502,'Softcover','4/4 c','F1926',78),(3114,0.00,15,1502,'Softcover','4/4 c','F1926',79),(3115,0.29,15,1502,'Softcover','4/4 c','F1926',80),(3116,0.37,15,1502,'Softcover','4/4 c','F1926',81),(3117,0.45,15,1502,'Softcover','4/4 c','F1926',82),(3118,0.55,15,1502,'Softcover','4/4 c','F1926',83),(3119,0.65,15,1502,'Softcover','4/4 c','F1926',84),(3120,0.98,15,1502,'Softcover','4/4 c','F1926',85),(3121,1.17,15,1502,'Softcover','4/4 c','F1926',86),(3122,1.44,15,1502,'Softcover','4/4 c','F1926',87),(3123,1.94,15,1502,'Softcover','4/4 c','F1926',88),(3124,2.45,15,1502,'Softcover','4/4 c','F1926',89),(3125,2.90,15,1502,'Softcover','4/4 c','F1926',90),(3126,3.48,15,1502,'Softcover','4/4 c','F1926',91),(3127,3.85,15,1502,'Softcover','4/4 c','F1926',92),(3128,4.55,15,1502,'Softcover','4/4 c','F1926',93),(3129,5.16,15,1502,'Softcover','4/4 c','F1926',94),(3130,5.64,15,1502,'Softcover','4/4 c','F1926',95),(3131,6.13,15,1502,'Softcover','4/4 c','F1926',96),(3132,6.65,15,1502,'Softcover','4/4 c','F1926',97),(3133,7.26,15,1502,'Softcover','4/4 c','F1926',98),(3134,7.84,15,1502,'Softcover','4/4 c','F1926',99),(3135,8.30,15,1502,'Softcover','4/4 c','F1926',100),(3136,8.71,15,1502,'Softcover','4/4 c','F1926',101),(3137,9.31,15,1502,'Softcover','4/4 c','F1926',102),(3138,9.81,15,1502,'Softcover','4/4 c','F1926',103),(3139,10.62,15,1502,'Softcover','4/4 c','F1926',104),(3140,10.98,15,1502,'Softcover','4/4 c','F1926',105),(3141,11.50,15,1502,'Softcover','4/4 c','F1926',106),(3142,12.01,15,1502,'Softcover','4/4 c','F1926',107),(3143,12.50,15,1502,'Softcover','4/4 c','F1926',108),(3144,12.99,15,1502,'Softcover','4/4 c','F1926',109),(3145,13.66,15,1502,'Softcover','4/4 c','F1926',110),(3146,14.34,15,1502,'Softcover','4/4 c','F1926',111),(3147,14.83,15,1502,'Softcover','4/4 c','F1926',112),(3148,15.32,15,1502,'Softcover','4/4 c','F1926',113),(3149,15.99,15,1502,'Softcover','4/4 c','F1926',114),(3150,16.32,15,1502,'Softcover','4/4 c','F1926',115),(3151,16.98,15,1502,'Softcover','4/4 c','F1926',116),(3152,17.31,15,1502,'Softcover','4/4 c','F1926',117),(3153,0.00,15,1502,'Softcover','4/4 c','F1926',118),(3154,0.00,15,1502,'Softcover','4/4 c','F1926',119),(3155,0.00,16,1502,'Softcover','4/4 c','A4',78),(3156,0.00,16,1502,'Softcover','4/4 c','A4',79),(3157,0.27,16,1502,'Softcover','4/4 c','A4',80),(3158,0.34,16,1502,'Softcover','4/4 c','A4',81),(3159,0.41,16,1502,'Softcover','4/4 c','A4',82),(3160,0.49,16,1502,'Softcover','4/4 c','A4',83),(3161,0.57,16,1502,'Softcover','4/4 c','A4',84),(3162,0.90,16,1502,'Softcover','4/4 c','A4',85),(3163,1.08,16,1502,'Softcover','4/4 c','A4',86),(3164,1.33,16,1502,'Softcover','4/4 c','A4',87),(3165,1.77,16,1502,'Softcover','4/4 c','A4',88),(3166,2.25,16,1502,'Softcover','4/4 c','A4',89),(3167,2.67,16,1502,'Softcover','4/4 c','A4',90),(3168,3.20,16,1502,'Softcover','4/4 c','A4',91),(3169,3.53,16,1502,'Softcover','4/4 c','A4',92),(3170,4.18,16,1502,'Softcover','4/4 c','A4',93),(3171,4.73,16,1502,'Softcover','4/4 c','A4',94),(3172,5.17,16,1502,'Softcover','4/4 c','A4',95),(3173,5.63,16,1502,'Softcover','4/4 c','A4',96),(3174,6.11,16,1502,'Softcover','4/4 c','A4',97),(3175,6.67,16,1502,'Softcover','4/4 c','A4',98),(3176,7.21,16,1502,'Softcover','4/4 c','A4',99),(3177,7.62,16,1502,'Softcover','4/4 c','A4',100),(3178,8.00,16,1502,'Softcover','4/4 c','A4',101),(3179,8.56,16,1502,'Softcover','4/4 c','A4',102),(3180,9.01,16,1502,'Softcover','4/4 c','A4',103),(3181,9.77,16,1502,'Softcover','4/4 c','A4',104),(3182,10.09,16,1502,'Softcover','4/4 c','A4',105),(3183,10.59,16,1502,'Softcover','4/4 c','A4',106),(3184,11.04,16,1502,'Softcover','4/4 c','A4',107),(3185,11.49,16,1502,'Softcover','4/4 c','A4',108),(3186,11.95,16,1502,'Softcover','4/4 c','A4',109),(3187,12.56,16,1502,'Softcover','4/4 c','A4',110),(3188,13.19,16,1502,'Softcover','4/4 c','A4',111),(3189,13.65,16,1502,'Softcover','4/4 c','A4',112),(3190,14.10,16,1502,'Softcover','4/4 c','A4',113),(3191,14.71,16,1502,'Softcover','4/4 c','A4',114),(3192,15.01,16,1502,'Softcover','4/4 c','A4',115),(3193,15.63,16,1502,'Softcover','4/4 c','A4',116),(3194,15.93,16,1502,'Softcover','4/4 c','A4',117),(3195,16.73,16,1502,'Softcover','4/4 c','A4',118),(3196,17.25,16,1502,'Softcover','4/4 c','A4',119),(3197,0.11,16,1502,'Softcover','4/4 c','A5',78),(3198,0.22,16,1502,'Softcover','4/4 c','A5',79),(3199,0.15,16,1502,'Softcover','4/4 c','A5',80),(3200,0.19,16,1502,'Softcover','4/4 c','A5',81),(3201,0.24,16,1502,'Softcover','4/4 c','A5',82),(3202,0.30,16,1502,'Softcover','4/4 c','A5',83),(3203,0.37,16,1502,'Softcover','4/4 c','A5',84),(3204,0.57,16,1502,'Softcover','4/4 c','A5',85),(3205,0.69,16,1502,'Softcover','4/4 c','A5',86),(3206,0.85,16,1502,'Softcover','4/4 c','A5',87),(3207,1.13,16,1502,'Softcover','4/4 c','A5',88),(3208,1.44,16,1502,'Softcover','4/4 c','A5',89),(3209,1.71,16,1502,'Softcover','4/4 c','A5',90),(3210,2.05,16,1502,'Softcover','4/4 c','A5',91),(3211,2.26,16,1502,'Softcover','4/4 c','A5',92),(3212,2.67,16,1502,'Softcover','4/4 c','A5',93),(3213,3.03,16,1502,'Softcover','4/4 c','A5',94),(3214,3.31,16,1502,'Softcover','4/4 c','A5',95),(3215,3.60,16,1502,'Softcover','4/4 c','A5',96),(3216,3.91,16,1502,'Softcover','4/4 c','A5',97),(3217,4.27,16,1502,'Softcover','4/4 c','A5',98),(3218,4.62,16,1502,'Softcover','4/4 c','A5',99),(3219,4.88,16,1502,'Softcover','4/4 c','A5',100),(3220,5.12,16,1502,'Softcover','4/4 c','A5',101),(3221,5.48,16,1502,'Softcover','4/4 c','A5',102),(3222,5.77,16,1502,'Softcover','4/4 c','A5',103),(3223,6.25,16,1502,'Softcover','4/4 c','A5',104),(3224,6.46,16,1502,'Softcover','4/4 c','A5',105),(3225,6.78,16,1502,'Softcover','4/4 c','A5',106),(3226,7.07,16,1502,'Softcover','4/4 c','A5',107),(3227,7.35,16,1502,'Softcover','4/4 c','A5',108),(3228,7.65,16,1502,'Softcover','4/4 c','A5',109),(3229,8.04,16,1502,'Softcover','4/4 c','A5',110),(3230,8.44,16,1502,'Softcover','4/4 c','A5',111),(3231,8.73,16,1502,'Softcover','4/4 c','A5',112),(3232,9.02,16,1502,'Softcover','4/4 c','A5',113),(3233,9.41,16,1502,'Softcover','4/4 c','A5',114),(3234,9.61,16,1502,'Softcover','4/4 c','A5',115),(3235,10.00,16,1502,'Softcover','4/4 c','A5',116),(3236,10.20,16,1502,'Softcover','4/4 c','A5',117),(3237,10.70,16,1502,'Softcover','4/4 c','A5',118),(3238,11.04,16,1502,'Softcover','4/4 c','A5',119),(3239,0.08,16,1502,'Softcover','4/4 c','A6',78),(3240,0.16,16,1502,'Softcover','4/4 c','A6',79),(3241,0.08,16,1502,'Softcover','4/4 c','A6',80),(3242,0.10,16,1502,'Softcover','4/4 c','A6',81),(3243,0.13,16,1502,'Softcover','4/4 c','A6',82),(3244,0.16,16,1502,'Softcover','4/4 c','A6',83),(3245,0.20,16,1502,'Softcover','4/4 c','A6',84),(3246,0.31,16,1502,'Softcover','4/4 c','A6',85),(3247,0.37,16,1502,'Softcover','4/4 c','A6',86),(3248,0.46,16,1502,'Softcover','4/4 c','A6',87),(3249,0.61,16,1502,'Softcover','4/4 c','A6',88),(3250,0.78,16,1502,'Softcover','4/4 c','A6',89),(3251,0.92,16,1502,'Softcover','4/4 c','A6',90),(3252,1.10,16,1502,'Softcover','4/4 c','A6',91),(3253,1.22,16,1502,'Softcover','4/4 c','A6',92),(3254,1.44,16,1502,'Softcover','4/4 c','A6',93),(3255,1.63,16,1502,'Softcover','4/4 c','A6',94),(3256,1.79,16,1502,'Softcover','4/4 c','A6',95),(3257,1.94,16,1502,'Softcover','4/4 c','A6',96),(3258,2.11,16,1502,'Softcover','4/4 c','A6',97),(3259,2.31,16,1502,'Softcover','4/4 c','A6',98),(3260,2.49,16,1502,'Softcover','4/4 c','A6',99),(3261,2.64,16,1502,'Softcover','4/4 c','A6',100),(3262,2.77,16,1502,'Softcover','4/4 c','A6',101),(3263,2.96,16,1502,'Softcover','4/4 c','A6',102),(3264,3.11,16,1502,'Softcover','4/4 c','A6',103),(3265,3.38,16,1502,'Softcover','4/4 c','A6',104),(3266,3.49,16,1502,'Softcover','4/4 c','A6',105),(3267,3.66,16,1502,'Softcover','4/4 c','A6',106),(3268,3.82,16,1502,'Softcover','4/4 c','A6',107),(3269,3.97,16,1502,'Softcover','4/4 c','A6',108),(3270,4.13,16,1502,'Softcover','4/4 c','A6',109),(3271,4.34,16,1502,'Softcover','4/4 c','A6',110),(3272,4.56,16,1502,'Softcover','4/4 c','A6',111),(3273,4.72,16,1502,'Softcover','4/4 c','A6',112),(3274,4.87,16,1502,'Softcover','4/4 c','A6',113),(3275,5.08,16,1502,'Softcover','4/4 c','A6',114),(3276,5.19,16,1502,'Softcover','4/4 c','A6',115),(3277,5.40,16,1502,'Softcover','4/4 c','A6',116),(3278,5.51,16,1502,'Softcover','4/4 c','A6',117),(3279,5.78,16,1502,'Softcover','4/4 c','A6',118),(3280,5.96,16,1502,'Softcover','4/4 c','A6',119),(3281,0.00,16,1502,'Softcover','4/4 c','E5PLUS',78),(3282,0.00,16,1502,'Softcover','4/4 c','E5PLUS',79),(3283,0.16,16,1502,'Softcover','4/4 c','E5PLUS',80),(3284,0.20,16,1502,'Softcover','4/4 c','E5PLUS',81),(3285,0.25,16,1502,'Softcover','4/4 c','E5PLUS',82),(3286,0.31,16,1502,'Softcover','4/4 c','E5PLUS',83),(3287,0.37,16,1502,'Softcover','4/4 c','E5PLUS',84),(3288,0.58,16,1502,'Softcover','4/4 c','E5PLUS',85),(3289,0.70,16,1502,'Softcover','4/4 c','E5PLUS',86),(3290,0.86,16,1502,'Softcover','4/4 c','E5PLUS',87),(3291,1.15,16,1502,'Softcover','4/4 c','E5PLUS',88),(3292,1.46,16,1502,'Softcover','4/4 c','E5PLUS',89),(3293,1.73,16,1502,'Softcover','4/4 c','E5PLUS',90),(3294,2.08,16,1502,'Softcover','4/4 c','E5PLUS',91),(3295,2.30,16,1502,'Softcover','4/4 c','E5PLUS',92),(3296,2.72,16,1502,'Softcover','4/4 c','E5PLUS',93),(3297,3.07,16,1502,'Softcover','4/4 c','E5PLUS',94),(3298,3.36,16,1502,'Softcover','4/4 c','E5PLUS',95),(3299,3.66,16,1502,'Softcover','4/4 c','E5PLUS',96),(3300,3.97,16,1502,'Softcover','4/4 c','E5PLUS',97),(3301,4.34,16,1502,'Softcover','4/4 c','E5PLUS',98),(3302,4.69,16,1502,'Softcover','4/4 c','E5PLUS',99),(3303,4.96,16,1502,'Softcover','4/4 c','E5PLUS',100),(3304,5.20,16,1502,'Softcover','4/4 c','E5PLUS',101),(3305,5.56,16,1502,'Softcover','4/4 c','E5PLUS',102),(3306,5.86,16,1502,'Softcover','4/4 c','E5PLUS',103),(3307,6.35,16,1502,'Softcover','4/4 c','E5PLUS',104),(3308,6.56,16,1502,'Softcover','4/4 c','E5PLUS',105),(3309,6.88,16,1502,'Softcover','4/4 c','E5PLUS',106),(3310,7.18,16,1502,'Softcover','4/4 c','E5PLUS',107),(3311,7.47,16,1502,'Softcover','4/4 c','E5PLUS',108),(3312,7.77,16,1502,'Softcover','4/4 c','E5PLUS',109),(3313,8.17,16,1502,'Softcover','4/4 c','E5PLUS',110),(3314,8.57,16,1502,'Softcover','4/4 c','E5PLUS',111),(3315,8.87,16,1502,'Softcover','4/4 c','E5PLUS',112),(3316,9.16,16,1502,'Softcover','4/4 c','E5PLUS',113),(3317,9.56,16,1502,'Softcover','4/4 c','E5PLUS',114),(3318,9.76,16,1502,'Softcover','4/4 c','E5PLUS',115),(3319,10.16,16,1502,'Softcover','4/4 c','E5PLUS',116),(3320,10.35,16,1502,'Softcover','4/4 c','E5PLUS',117),(3321,10.87,16,1502,'Softcover','4/4 c','E5PLUS',118),(3322,11.21,16,1502,'Softcover','4/4 c','E5PLUS',119),(3323,0.00,16,1502,'Softcover','4/4 c','F1926',78),(3324,0.00,16,1502,'Softcover','4/4 c','F1926',79),(3325,0.27,16,1502,'Softcover','4/4 c','F1926',80),(3326,0.34,16,1502,'Softcover','4/4 c','F1926',81),(3327,0.41,16,1502,'Softcover','4/4 c','F1926',82),(3328,0.51,16,1502,'Softcover','4/4 c','F1926',83),(3329,0.60,16,1502,'Softcover','4/4 c','F1926',84),(3330,0.94,16,1502,'Softcover','4/4 c','F1926',85),(3331,1.13,16,1502,'Softcover','4/4 c','F1926',86),(3332,1.39,16,1502,'Softcover','4/4 c','F1926',87),(3333,1.85,16,1502,'Softcover','4/4 c','F1926',88),(3334,2.35,16,1502,'Softcover','4/4 c','F1926',89),(3335,2.79,16,1502,'Softcover','4/4 c','F1926',90),(3336,3.34,16,1502,'Softcover','4/4 c','F1926',91),(3337,3.69,16,1502,'Softcover','4/4 c','F1926',92),(3338,4.37,16,1502,'Softcover','4/4 c','F1926',93),(3339,4.94,16,1502,'Softcover','4/4 c','F1926',94),(3340,5.41,16,1502,'Softcover','4/4 c','F1926',95),(3341,5.88,16,1502,'Softcover','4/4 c','F1926',96),(3342,6.39,16,1502,'Softcover','4/4 c','F1926',97),(3343,6.97,16,1502,'Softcover','4/4 c','F1926',98),(3344,7.54,16,1502,'Softcover','4/4 c','F1926',99),(3345,7.97,16,1502,'Softcover','4/4 c','F1926',100),(3346,8.36,16,1502,'Softcover','4/4 c','F1926',101),(3347,8.95,16,1502,'Softcover','4/4 c','F1926',102),(3348,9.41,16,1502,'Softcover','4/4 c','F1926',103),(3349,10.21,16,1502,'Softcover','4/4 c','F1926',104),(3350,10.54,16,1502,'Softcover','4/4 c','F1926',105),(3351,11.07,16,1502,'Softcover','4/4 c','F1926',106),(3352,11.54,16,1502,'Softcover','4/4 c','F1926',107),(3353,12.01,16,1502,'Softcover','4/4 c','F1926',108),(3354,12.49,16,1502,'Softcover','4/4 c','F1926',109),(3355,13.13,16,1502,'Softcover','4/4 c','F1926',110),(3356,13.78,16,1502,'Softcover','4/4 c','F1926',111),(3357,14.26,16,1502,'Softcover','4/4 c','F1926',112),(3358,14.73,16,1502,'Softcover','4/4 c','F1926',113),(3359,15.37,16,1502,'Softcover','4/4 c','F1926',114),(3360,15.68,16,1502,'Softcover','4/4 c','F1926',115),(3361,16.33,16,1502,'Softcover','4/4 c','F1926',116),(3362,16.65,16,1502,'Softcover','4/4 c','F1926',117),(3363,0.00,16,1502,'Softcover','4/4 c','F1926',118),(3364,0.00,16,1502,'Softcover','4/4 c','F1926',119),(3365,0.00,17,1502,'Softcover','4/4 c','A4',78),(3366,0.00,17,1502,'Softcover','4/4 c','A4',79),(3367,0.27,17,1502,'Softcover','4/4 c','A4',80),(3368,0.33,17,1502,'Softcover','4/4 c','A4',81),(3369,0.40,17,1502,'Softcover','4/4 c','A4',82),(3370,0.48,17,1502,'Softcover','4/4 c','A4',83),(3371,0.56,17,1502,'Softcover','4/4 c','A4',84),(3372,0.86,17,1502,'Softcover','4/4 c','A4',85),(3373,1.04,17,1502,'Softcover','4/4 c','A4',86),(3374,1.27,17,1502,'Softcover','4/4 c','A4',87),(3375,1.71,17,1502,'Softcover','4/4 c','A4',88),(3376,2.17,17,1502,'Softcover','4/4 c','A4',89),(3377,2.57,17,1502,'Softcover','4/4 c','A4',90),(3378,3.09,17,1502,'Softcover','4/4 c','A4',91),(3379,3.40,17,1502,'Softcover','4/4 c','A4',92),(3380,4.04,17,1502,'Softcover','4/4 c','A4',93),(3381,4.57,17,1502,'Softcover','4/4 c','A4',94),(3382,5.00,17,1502,'Softcover','4/4 c','A4',95),(3383,5.44,17,1502,'Softcover','4/4 c','A4',96),(3384,5.91,17,1502,'Softcover','4/4 c','A4',97),(3385,6.45,17,1502,'Softcover','4/4 c','A4',98),(3386,6.98,17,1502,'Softcover','4/4 c','A4',99),(3387,7.38,17,1502,'Softcover','4/4 c','A4',100),(3388,7.75,17,1502,'Softcover','4/4 c','A4',101),(3389,8.28,17,1502,'Softcover','4/4 c','A4',102),(3390,8.72,17,1502,'Softcover','4/4 c','A4',103),(3391,9.45,17,1502,'Softcover','4/4 c','A4',104),(3392,9.76,17,1502,'Softcover','4/4 c','A4',105),(3393,10.24,17,1502,'Softcover','4/4 c','A4',106),(3394,10.68,17,1502,'Softcover','4/4 c','A4',107),(3395,11.12,17,1502,'Softcover','4/4 c','A4',108),(3396,11.58,17,1502,'Softcover','4/4 c','A4',109),(3397,12.15,17,1502,'Softcover','4/4 c','A4',110),(3398,12.76,17,1502,'Softcover','4/4 c','A4',111),(3399,13.21,17,1502,'Softcover','4/4 c','A4',112),(3400,13.65,17,1502,'Softcover','4/4 c','A4',113),(3401,14.23,17,1502,'Softcover','4/4 c','A4',114),(3402,14.53,17,1502,'Softcover','4/4 c','A4',115),(3403,15.12,17,1502,'Softcover','4/4 c','A4',116),(3404,15.42,17,1502,'Softcover','4/4 c','A4',117),(3405,16.19,17,1502,'Softcover','4/4 c','A4',118),(3406,16.52,17,1502,'Softcover','4/4 c','A4',119),(3407,0.10,17,1502,'Softcover','4/4 c','A5',78),(3408,0.20,17,1502,'Softcover','4/4 c','A5',79),(3409,0.15,17,1502,'Softcover','4/4 c','A5',80),(3410,0.19,17,1502,'Softcover','4/4 c','A5',81),(3411,0.24,17,1502,'Softcover','4/4 c','A5',82),(3412,0.30,17,1502,'Softcover','4/4 c','A5',83),(3413,0.36,17,1502,'Softcover','4/4 c','A5',84),(3414,0.55,17,1502,'Softcover','4/4 c','A5',85),(3415,0.66,17,1502,'Softcover','4/4 c','A5',86),(3416,0.82,17,1502,'Softcover','4/4 c','A5',87),(3417,1.09,17,1502,'Softcover','4/4 c','A5',88),(3418,1.39,17,1502,'Softcover','4/4 c','A5',89),(3419,1.65,17,1502,'Softcover','4/4 c','A5',90),(3420,1.98,17,1502,'Softcover','4/4 c','A5',91),(3421,2.18,17,1502,'Softcover','4/4 c','A5',92),(3422,2.59,17,1502,'Softcover','4/4 c','A5',93),(3423,2.92,17,1502,'Softcover','4/4 c','A5',94),(3424,3.20,17,1502,'Softcover','4/4 c','A5',95),(3425,3.48,17,1502,'Softcover','4/4 c','A5',96),(3426,3.78,17,1502,'Softcover','4/4 c','A5',97),(3427,4.13,17,1502,'Softcover','4/4 c','A5',98),(3428,4.47,17,1502,'Softcover','4/4 c','A5',99),(3429,4.72,17,1502,'Softcover','4/4 c','A5',100),(3430,4.96,17,1502,'Softcover','4/4 c','A5',101),(3431,5.30,17,1502,'Softcover','4/4 c','A5',102),(3432,5.58,17,1502,'Softcover','4/4 c','A5',103),(3433,6.05,17,1502,'Softcover','4/4 c','A5',104),(3434,6.25,17,1502,'Softcover','4/4 c','A5',105),(3435,6.55,17,1502,'Softcover','4/4 c','A5',106),(3436,6.83,17,1502,'Softcover','4/4 c','A5',107),(3437,7.11,17,1502,'Softcover','4/4 c','A5',108),(3438,7.41,17,1502,'Softcover','4/4 c','A5',109),(3439,7.77,17,1502,'Softcover','4/4 c','A5',110),(3440,8.16,17,1502,'Softcover','4/4 c','A5',111),(3441,8.45,17,1502,'Softcover','4/4 c','A5',112),(3442,8.73,17,1502,'Softcover','4/4 c','A5',113),(3443,9.10,17,1502,'Softcover','4/4 c','A5',114),(3444,9.30,17,1502,'Softcover','4/4 c','A5',115),(3445,9.67,17,1502,'Softcover','4/4 c','A5',116),(3446,9.87,17,1502,'Softcover','4/4 c','A5',117),(3447,10.36,17,1502,'Softcover','4/4 c','A5',118),(3448,10.57,17,1502,'Softcover','4/4 c','A5',119),(3449,0.07,17,1502,'Softcover','4/4 c','A6',78),(3450,0.14,17,1502,'Softcover','4/4 c','A6',79),(3451,0.08,17,1502,'Softcover','4/4 c','A6',80),(3452,0.10,17,1502,'Softcover','4/4 c','A6',81),(3453,0.13,17,1502,'Softcover','4/4 c','A6',82),(3454,0.16,17,1502,'Softcover','4/4 c','A6',83),(3455,0.19,17,1502,'Softcover','4/4 c','A6',84),(3456,0.30,17,1502,'Softcover','4/4 c','A6',85),(3457,0.36,17,1502,'Softcover','4/4 c','A6',86),(3458,0.44,17,1502,'Softcover','4/4 c','A6',87),(3459,0.59,17,1502,'Softcover','4/4 c','A6',88),(3460,0.75,17,1502,'Softcover','4/4 c','A6',89),(3461,0.89,17,1502,'Softcover','4/4 c','A6',90),(3462,1.07,17,1502,'Softcover','4/4 c','A6',91),(3463,1.18,17,1502,'Softcover','4/4 c','A6',92),(3464,1.40,17,1502,'Softcover','4/4 c','A6',93),(3465,1.58,17,1502,'Softcover','4/4 c','A6',94),(3466,1.73,17,1502,'Softcover','4/4 c','A6',95),(3467,1.88,17,1502,'Softcover','4/4 c','A6',96),(3468,2.04,17,1502,'Softcover','4/4 c','A6',97),(3469,2.23,17,1502,'Softcover','4/4 c','A6',98),(3470,2.41,17,1502,'Softcover','4/4 c','A6',99),(3471,2.55,17,1502,'Softcover','4/4 c','A6',100),(3472,2.68,17,1502,'Softcover','4/4 c','A6',101),(3473,2.86,17,1502,'Softcover','4/4 c','A6',102),(3474,3.01,17,1502,'Softcover','4/4 c','A6',103),(3475,3.27,17,1502,'Softcover','4/4 c','A6',104),(3476,3.37,17,1502,'Softcover','4/4 c','A6',105),(3477,3.54,17,1502,'Softcover','4/4 c','A6',106),(3478,3.69,17,1502,'Softcover','4/4 c','A6',107),(3479,3.84,17,1502,'Softcover','4/4 c','A6',108),(3480,4.00,17,1502,'Softcover','4/4 c','A6',109),(3481,4.20,17,1502,'Softcover','4/4 c','A6',110),(3482,4.41,17,1502,'Softcover','4/4 c','A6',111),(3483,4.56,17,1502,'Softcover','4/4 c','A6',112),(3484,4.72,17,1502,'Softcover','4/4 c','A6',113),(3485,4.92,17,1502,'Softcover','4/4 c','A6',114),(3486,5.02,17,1502,'Softcover','4/4 c','A6',115),(3487,5.22,17,1502,'Softcover','4/4 c','A6',116),(3488,5.33,17,1502,'Softcover','4/4 c','A6',117),(3489,5.59,17,1502,'Softcover','4/4 c','A6',118),(3490,5.71,17,1502,'Softcover','4/4 c','A6',119),(3491,0.00,17,1502,'Softcover','4/4 c','E5PLUS',78),(3492,0.00,17,1502,'Softcover','4/4 c','E5PLUS',79),(3493,0.16,17,1502,'Softcover','4/4 c','E5PLUS',80),(3494,0.20,17,1502,'Softcover','4/4 c','E5PLUS',81),(3495,0.25,17,1502,'Softcover','4/4 c','E5PLUS',82),(3496,0.30,17,1502,'Softcover','4/4 c','E5PLUS',83),(3497,0.37,17,1502,'Softcover','4/4 c','E5PLUS',84),(3498,0.56,17,1502,'Softcover','4/4 c','E5PLUS',85),(3499,0.67,17,1502,'Softcover','4/4 c','E5PLUS',86),(3500,0.83,17,1502,'Softcover','4/4 c','E5PLUS',87),(3501,1.11,17,1502,'Softcover','4/4 c','E5PLUS',88),(3502,1.41,17,1502,'Softcover','4/4 c','E5PLUS',89),(3503,1.67,17,1502,'Softcover','4/4 c','E5PLUS',90),(3504,2.01,17,1502,'Softcover','4/4 c','E5PLUS',91),(3505,2.21,17,1502,'Softcover','4/4 c','E5PLUS',92),(3506,2.63,17,1502,'Softcover','4/4 c','E5PLUS',93),(3507,2.97,17,1502,'Softcover','4/4 c','E5PLUS',94),(3508,3.25,17,1502,'Softcover','4/4 c','E5PLUS',95),(3509,3.54,17,1502,'Softcover','4/4 c','E5PLUS',96),(3510,3.84,17,1502,'Softcover','4/4 c','E5PLUS',97),(3511,4.19,17,1502,'Softcover','4/4 c','E5PLUS',98),(3512,4.53,17,1502,'Softcover','4/4 c','E5PLUS',99),(3513,4.79,17,1502,'Softcover','4/4 c','E5PLUS',100),(3514,5.04,17,1502,'Softcover','4/4 c','E5PLUS',101),(3515,5.38,17,1502,'Softcover','4/4 c','E5PLUS',102),(3516,5.67,17,1502,'Softcover','4/4 c','E5PLUS',103),(3517,6.14,17,1502,'Softcover','4/4 c','E5PLUS',104),(3518,6.34,17,1502,'Softcover','4/4 c','E5PLUS',105),(3519,6.65,17,1502,'Softcover','4/4 c','E5PLUS',106),(3520,6.94,17,1502,'Softcover','4/4 c','E5PLUS',107),(3521,7.23,17,1502,'Softcover','4/4 c','E5PLUS',108),(3522,7.53,17,1502,'Softcover','4/4 c','E5PLUS',109),(3523,7.89,17,1502,'Softcover','4/4 c','E5PLUS',110),(3524,8.29,17,1502,'Softcover','4/4 c','E5PLUS',111),(3525,8.58,17,1502,'Softcover','4/4 c','E5PLUS',112),(3526,8.87,17,1502,'Softcover','4/4 c','E5PLUS',113),(3527,9.25,17,1502,'Softcover','4/4 c','E5PLUS',114),(3528,9.44,17,1502,'Softcover','4/4 c','E5PLUS',115),(3529,9.82,17,1502,'Softcover','4/4 c','E5PLUS',116),(3530,10.02,17,1502,'Softcover','4/4 c','E5PLUS',117),(3531,10.52,17,1502,'Softcover','4/4 c','E5PLUS',118),(3532,10.74,17,1502,'Softcover','4/4 c','E5PLUS',119),(3533,0.00,17,1502,'Softcover','4/4 c','F1926',78),(3534,0.00,17,1502,'Softcover','4/4 c','F1926',79),(3535,0.26,17,1502,'Softcover','4/4 c','F1926',80),(3536,0.33,17,1502,'Softcover','4/4 c','F1926',81),(3537,0.41,17,1502,'Softcover','4/4 c','F1926',82),(3538,0.50,17,1502,'Softcover','4/4 c','F1926',83),(3539,0.59,17,1502,'Softcover','4/4 c','F1926',84),(3540,0.90,17,1502,'Softcover','4/4 c','F1926',85),(3541,1.08,17,1502,'Softcover','4/4 c','F1926',86),(3542,1.33,17,1502,'Softcover','4/4 c','F1926',87),(3543,1.78,17,1502,'Softcover','4/4 c','F1926',88),(3544,2.27,17,1502,'Softcover','4/4 c','F1926',89),(3545,2.69,17,1502,'Softcover','4/4 c','F1926',90),(3546,3.23,17,1502,'Softcover','4/4 c','F1926',91),(3547,3.56,17,1502,'Softcover','4/4 c','F1926',92),(3548,4.22,17,1502,'Softcover','4/4 c','F1926',93),(3549,4.77,17,1502,'Softcover','4/4 c','F1926',94),(3550,5.23,17,1502,'Softcover','4/4 c','F1926',95),(3551,5.69,17,1502,'Softcover','4/4 c','F1926',96),(3552,6.17,17,1502,'Softcover','4/4 c','F1926',97),(3553,6.74,17,1502,'Softcover','4/4 c','F1926',98),(3554,7.29,17,1502,'Softcover','4/4 c','F1926',99),(3555,7.71,17,1502,'Softcover','4/4 c','F1926',100),(3556,8.10,17,1502,'Softcover','4/4 c','F1926',101),(3557,8.65,17,1502,'Softcover','4/4 c','F1926',102),(3558,9.11,17,1502,'Softcover','4/4 c','F1926',103),(3559,9.87,17,1502,'Softcover','4/4 c','F1926',104),(3560,10.20,17,1502,'Softcover','4/4 c','F1926',105),(3561,10.70,17,1502,'Softcover','4/4 c','F1926',106),(3562,11.16,17,1502,'Softcover','4/4 c','F1926',107),(3563,11.62,17,1502,'Softcover','4/4 c','F1926',108),(3564,12.10,17,1502,'Softcover','4/4 c','F1926',109),(3565,12.69,17,1502,'Softcover','4/4 c','F1926',110),(3566,13.33,17,1502,'Softcover','4/4 c','F1926',111),(3567,13.80,17,1502,'Softcover','4/4 c','F1926',112),(3568,14.26,17,1502,'Softcover','4/4 c','F1926',113),(3569,14.87,17,1502,'Softcover','4/4 c','F1926',114),(3570,15.18,17,1502,'Softcover','4/4 c','F1926',115),(3571,15.80,17,1502,'Softcover','4/4 c','F1926',116),(3572,16.11,17,1502,'Softcover','4/4 c','F1926',117),(3573,0.00,17,1502,'Softcover','4/4 c','F1926',118),(3574,0.00,17,1502,'Softcover','4/4 c','F1926',119),(3575,0.00,18,1502,'Softcover','4/4 c','A4',78),(3576,0.00,18,1502,'Softcover','4/4 c','A4',79),(3577,0.26,18,1502,'Softcover','4/4 c','A4',80),(3578,0.32,18,1502,'Softcover','4/4 c','A4',81),(3579,0.39,18,1502,'Softcover','4/4 c','A4',82),(3580,0.47,18,1502,'Softcover','4/4 c','A4',83),(3581,0.54,18,1502,'Softcover','4/4 c','A4',84),(3582,0.83,18,1502,'Softcover','4/4 c','A4',85),(3583,0.99,18,1502,'Softcover','4/4 c','A4',86),(3584,1.22,18,1502,'Softcover','4/4 c','A4',87),(3585,1.64,18,1502,'Softcover','4/4 c','A4',88),(3586,2.08,18,1502,'Softcover','4/4 c','A4',89),(3587,2.47,18,1502,'Softcover','4/4 c','A4',90),(3588,2.97,18,1502,'Softcover','4/4 c','A4',91),(3589,3.28,18,1502,'Softcover','4/4 c','A4',92),(3590,3.90,18,1502,'Softcover','4/4 c','A4',93),(3591,4.41,18,1502,'Softcover','4/4 c','A4',94),(3592,4.83,18,1502,'Softcover','4/4 c','A4',95),(3593,5.25,18,1502,'Softcover','4/4 c','A4',96),(3594,5.70,18,1502,'Softcover','4/4 c','A4',97),(3595,6.21,18,1502,'Softcover','4/4 c','A4',98),(3596,6.72,18,1502,'Softcover','4/4 c','A4',99),(3597,7.12,18,1502,'Softcover','4/4 c','A4',100),(3598,7.33,18,1502,'Softcover','4/4 c','A4',101),(3599,7.83,18,1502,'Softcover','4/4 c','A4',102),(3600,8.24,18,1502,'Softcover','4/4 c','A4',103),(3601,8.93,18,1502,'Softcover','4/4 c','A4',104),(3602,9.22,18,1502,'Softcover','4/4 c','A4',105),(3603,9.80,18,1502,'Softcover','4/4 c','A4',106),(3604,10.22,18,1502,'Softcover','4/4 c','A4',107),(3605,10.64,18,1502,'Softcover','4/4 c','A4',108),(3606,11.08,18,1502,'Softcover','4/4 c','A4',109),(3607,11.63,18,1502,'Softcover','4/4 c','A4',110),(3608,12.19,18,1502,'Softcover','4/4 c','A4',111),(3609,12.62,18,1502,'Softcover','4/4 c','A4',112),(3610,13.04,18,1502,'Softcover','4/4 c','A4',113),(3611,13.60,18,1502,'Softcover','4/4 c','A4',114),(3612,13.89,18,1502,'Softcover','4/4 c','A4',115),(3613,14.44,18,1502,'Softcover','4/4 c','A4',116),(3614,14.73,18,1502,'Softcover','4/4 c','A4',117),(3615,15.47,18,1502,'Softcover','4/4 c','A4',118),(3616,15.99,18,1502,'Softcover','4/4 c','A4',119),(3617,0.10,18,1502,'Softcover','4/4 c','A5',78),(3618,0.20,18,1502,'Softcover','4/4 c','A5',79),(3619,0.14,18,1502,'Softcover','4/4 c','A5',80),(3620,0.18,18,1502,'Softcover','4/4 c','A5',81),(3621,0.23,18,1502,'Softcover','4/4 c','A5',82),(3622,0.29,18,1502,'Softcover','4/4 c','A5',83),(3623,0.35,18,1502,'Softcover','4/4 c','A5',84),(3624,0.53,18,1502,'Softcover','4/4 c','A5',85),(3625,0.64,18,1502,'Softcover','4/4 c','A5',86),(3626,0.78,18,1502,'Softcover','4/4 c','A5',87),(3627,1.05,18,1502,'Softcover','4/4 c','A5',88),(3628,1.33,18,1502,'Softcover','4/4 c','A5',89),(3629,1.58,18,1502,'Softcover','4/4 c','A5',90),(3630,1.90,18,1502,'Softcover','4/4 c','A5',91),(3631,2.10,18,1502,'Softcover','4/4 c','A5',92),(3632,2.50,18,1502,'Softcover','4/4 c','A5',93),(3633,2.82,18,1502,'Softcover','4/4 c','A5',94),(3634,3.09,18,1502,'Softcover','4/4 c','A5',95),(3635,3.36,18,1502,'Softcover','4/4 c','A5',96),(3636,3.65,18,1502,'Softcover','4/4 c','A5',97),(3637,3.97,18,1502,'Softcover','4/4 c','A5',98),(3638,4.30,18,1502,'Softcover','4/4 c','A5',99),(3639,4.56,18,1502,'Softcover','4/4 c','A5',100),(3640,4.69,18,1502,'Softcover','4/4 c','A5',101),(3641,5.01,18,1502,'Softcover','4/4 c','A5',102),(3642,5.28,18,1502,'Softcover','4/4 c','A5',103),(3643,5.71,18,1502,'Softcover','4/4 c','A5',104),(3644,5.90,18,1502,'Softcover','4/4 c','A5',105),(3645,6.27,18,1502,'Softcover','4/4 c','A5',106),(3646,6.54,18,1502,'Softcover','4/4 c','A5',107),(3647,6.81,18,1502,'Softcover','4/4 c','A5',108),(3648,7.09,18,1502,'Softcover','4/4 c','A5',109),(3649,7.44,18,1502,'Softcover','4/4 c','A5',110),(3650,7.80,18,1502,'Softcover','4/4 c','A5',111),(3651,8.08,18,1502,'Softcover','4/4 c','A5',112),(3652,8.34,18,1502,'Softcover','4/4 c','A5',113),(3653,8.70,18,1502,'Softcover','4/4 c','A5',114),(3654,8.89,18,1502,'Softcover','4/4 c','A5',115),(3655,9.24,18,1502,'Softcover','4/4 c','A5',116),(3656,9.43,18,1502,'Softcover','4/4 c','A5',117),(3657,9.90,18,1502,'Softcover','4/4 c','A5',118),(3658,10.23,18,1502,'Softcover','4/4 c','A5',119),(3659,0.07,18,1502,'Softcover','4/4 c','A6',78),(3660,0.14,18,1502,'Softcover','4/4 c','A6',79),(3661,0.07,18,1502,'Softcover','4/4 c','A6',80),(3662,0.10,18,1502,'Softcover','4/4 c','A6',81),(3663,0.12,18,1502,'Softcover','4/4 c','A6',82),(3664,0.15,18,1502,'Softcover','4/4 c','A6',83),(3665,0.19,18,1502,'Softcover','4/4 c','A6',84),(3666,0.29,18,1502,'Softcover','4/4 c','A6',85),(3667,0.34,18,1502,'Softcover','4/4 c','A6',86),(3668,0.42,18,1502,'Softcover','4/4 c','A6',87),(3669,0.57,18,1502,'Softcover','4/4 c','A6',88),(3670,0.72,18,1502,'Softcover','4/4 c','A6',89),(3671,0.85,18,1502,'Softcover','4/4 c','A6',90),(3672,1.03,18,1502,'Softcover','4/4 c','A6',91),(3673,1.13,18,1502,'Softcover','4/4 c','A6',92),(3674,1.35,18,1502,'Softcover','4/4 c','A6',93),(3675,1.52,18,1502,'Softcover','4/4 c','A6',94),(3676,1.67,18,1502,'Softcover','4/4 c','A6',95),(3677,1.81,18,1502,'Softcover','4/4 c','A6',96),(3678,1.97,18,1502,'Softcover','4/4 c','A6',97),(3679,2.15,18,1502,'Softcover','4/4 c','A6',98),(3680,2.32,18,1502,'Softcover','4/4 c','A6',99),(3681,2.46,18,1502,'Softcover','4/4 c','A6',100),(3682,2.53,18,1502,'Softcover','4/4 c','A6',101),(3683,2.71,18,1502,'Softcover','4/4 c','A6',102),(3684,2.85,18,1502,'Softcover','4/4 c','A6',103),(3685,3.08,18,1502,'Softcover','4/4 c','A6',104),(3686,3.19,18,1502,'Softcover','4/4 c','A6',105),(3687,3.39,18,1502,'Softcover','4/4 c','A6',106),(3688,3.53,18,1502,'Softcover','4/4 c','A6',107),(3689,3.68,18,1502,'Softcover','4/4 c','A6',108),(3690,3.83,18,1502,'Softcover','4/4 c','A6',109),(3691,4.02,18,1502,'Softcover','4/4 c','A6',110),(3692,4.21,18,1502,'Softcover','4/4 c','A6',111),(3693,4.36,18,1502,'Softcover','4/4 c','A6',112),(3694,4.51,18,1502,'Softcover','4/4 c','A6',113),(3695,4.70,18,1502,'Softcover','4/4 c','A6',114),(3696,4.80,18,1502,'Softcover','4/4 c','A6',115),(3697,4.99,18,1502,'Softcover','4/4 c','A6',116),(3698,5.09,18,1502,'Softcover','4/4 c','A6',117),(3699,5.34,18,1502,'Softcover','4/4 c','A6',118),(3700,5.53,18,1502,'Softcover','4/4 c','A6',119),(3701,0.00,18,1502,'Softcover','4/4 c','E5PLUS',78),(3702,0.00,18,1502,'Softcover','4/4 c','E5PLUS',79),(3703,0.15,18,1502,'Softcover','4/4 c','E5PLUS',80),(3704,0.19,18,1502,'Softcover','4/4 c','E5PLUS',81),(3705,0.24,18,1502,'Softcover','4/4 c','E5PLUS',82),(3706,0.29,18,1502,'Softcover','4/4 c','E5PLUS',83),(3707,0.35,18,1502,'Softcover','4/4 c','E5PLUS',84),(3708,0.54,18,1502,'Softcover','4/4 c','E5PLUS',85),(3709,0.65,18,1502,'Softcover','4/4 c','E5PLUS',86),(3710,0.79,18,1502,'Softcover','4/4 c','E5PLUS',87),(3711,1.07,18,1502,'Softcover','4/4 c','E5PLUS',88),(3712,1.35,18,1502,'Softcover','4/4 c','E5PLUS',89),(3713,1.61,18,1502,'Softcover','4/4 c','E5PLUS',90),(3714,1.93,18,1502,'Softcover','4/4 c','E5PLUS',91),(3715,2.13,18,1502,'Softcover','4/4 c','E5PLUS',92),(3716,2.53,18,1502,'Softcover','4/4 c','E5PLUS',93),(3717,2.86,18,1502,'Softcover','4/4 c','E5PLUS',94),(3718,3.14,18,1502,'Softcover','4/4 c','E5PLUS',95),(3719,3.41,18,1502,'Softcover','4/4 c','E5PLUS',96),(3720,3.71,18,1502,'Softcover','4/4 c','E5PLUS',97),(3721,4.04,18,1502,'Softcover','4/4 c','E5PLUS',98),(3722,4.37,18,1502,'Softcover','4/4 c','E5PLUS',99),(3723,4.63,18,1502,'Softcover','4/4 c','E5PLUS',100),(3724,4.76,18,1502,'Softcover','4/4 c','E5PLUS',101),(3725,5.09,18,1502,'Softcover','4/4 c','E5PLUS',102),(3726,5.36,18,1502,'Softcover','4/4 c','E5PLUS',103),(3727,5.80,18,1502,'Softcover','4/4 c','E5PLUS',104),(3728,5.99,18,1502,'Softcover','4/4 c','E5PLUS',105),(3729,6.37,18,1502,'Softcover','4/4 c','E5PLUS',106),(3730,6.65,18,1502,'Softcover','4/4 c','E5PLUS',107),(3731,6.92,18,1502,'Softcover','4/4 c','E5PLUS',108),(3732,7.20,18,1502,'Softcover','4/4 c','E5PLUS',109),(3733,7.56,18,1502,'Softcover','4/4 c','E5PLUS',110),(3734,7.93,18,1502,'Softcover','4/4 c','E5PLUS',111),(3735,8.20,18,1502,'Softcover','4/4 c','E5PLUS',112),(3736,8.47,18,1502,'Softcover','4/4 c','E5PLUS',113),(3737,8.84,18,1502,'Softcover','4/4 c','E5PLUS',114),(3738,9.03,18,1502,'Softcover','4/4 c','E5PLUS',115),(3739,9.39,18,1502,'Softcover','4/4 c','E5PLUS',116),(3740,9.57,18,1502,'Softcover','4/4 c','E5PLUS',117),(3741,10.05,18,1502,'Softcover','4/4 c','E5PLUS',118),(3742,10.39,18,1502,'Softcover','4/4 c','E5PLUS',119),(3743,0.00,18,1502,'Softcover','4/4 c','F1926',78),(3744,0.00,18,1502,'Softcover','4/4 c','F1926',79),(3745,0.25,18,1502,'Softcover','4/4 c','F1926',80),(3746,0.32,18,1502,'Softcover','4/4 c','F1926',81),(3747,0.39,18,1502,'Softcover','4/4 c','F1926',82),(3748,0.48,18,1502,'Softcover','4/4 c','F1926',83),(3749,0.56,18,1502,'Softcover','4/4 c','F1926',84),(3750,0.87,18,1502,'Softcover','4/4 c','F1926',85),(3751,1.04,18,1502,'Softcover','4/4 c','F1926',86),(3752,1.28,18,1502,'Softcover','4/4 c','F1926',87),(3753,1.72,18,1502,'Softcover','4/4 c','F1926',88),(3754,2.18,18,1502,'Softcover','4/4 c','F1926',89),(3755,2.58,18,1502,'Softcover','4/4 c','F1926',90),(3756,3.10,18,1502,'Softcover','4/4 c','F1926',91),(3757,3.43,18,1502,'Softcover','4/4 c','F1926',92),(3758,4.07,18,1502,'Softcover','4/4 c','F1926',93),(3759,4.60,18,1502,'Softcover','4/4 c','F1926',94),(3760,5.04,18,1502,'Softcover','4/4 c','F1926',95),(3761,5.48,18,1502,'Softcover','4/4 c','F1926',96),(3762,5.96,18,1502,'Softcover','4/4 c','F1926',97),(3763,6.49,18,1502,'Softcover','4/4 c','F1926',98),(3764,7.02,18,1502,'Softcover','4/4 c','F1926',99),(3765,7.44,18,1502,'Softcover','4/4 c','F1926',100),(3766,7.66,18,1502,'Softcover','4/4 c','F1926',101),(3767,8.19,18,1502,'Softcover','4/4 c','F1926',102),(3768,8.61,18,1502,'Softcover','4/4 c','F1926',103),(3769,9.33,18,1502,'Softcover','4/4 c','F1926',104),(3770,9.63,18,1502,'Softcover','4/4 c','F1926',105),(3771,10.24,18,1502,'Softcover','4/4 c','F1926',106),(3772,10.68,18,1502,'Softcover','4/4 c','F1926',107),(3773,11.12,18,1502,'Softcover','4/4 c','F1926',108),(3774,11.57,18,1502,'Softcover','4/4 c','F1926',109),(3775,12.15,18,1502,'Softcover','4/4 c','F1926',110),(3776,12.74,18,1502,'Softcover','4/4 c','F1926',111),(3777,13.19,18,1502,'Softcover','4/4 c','F1926',112),(3778,13.62,18,1502,'Softcover','4/4 c','F1926',113),(3779,14.21,18,1502,'Softcover','4/4 c','F1926',114),(3780,14.51,18,1502,'Softcover','4/4 c','F1926',115),(3781,15.09,18,1502,'Softcover','4/4 c','F1926',116),(3782,15.39,18,1502,'Softcover','4/4 c','F1926',117),(3783,0.00,18,1502,'Softcover','4/4 c','F1926',118),(3784,0.00,18,1502,'Softcover','4/4 c','F1926',119),(3785,0.00,19,1502,'Softcover','4/4 c','A4',78),(3786,0.00,19,1502,'Softcover','4/4 c','A4',79),(3787,0.25,19,1502,'Softcover','4/4 c','A4',80),(3788,0.31,19,1502,'Softcover','4/4 c','A4',81),(3789,0.38,19,1502,'Softcover','4/4 c','A4',82),(3790,0.46,19,1502,'Softcover','4/4 c','A4',83),(3791,0.53,19,1502,'Softcover','4/4 c','A4',84),(3792,0.81,19,1502,'Softcover','4/4 c','A4',85),(3793,0.97,19,1502,'Softcover','4/4 c','A4',86),(3794,1.19,19,1502,'Softcover','4/4 c','A4',87),(3795,1.60,19,1502,'Softcover','4/4 c','A4',88),(3796,2.03,19,1502,'Softcover','4/4 c','A4',89),(3797,2.41,19,1502,'Softcover','4/4 c','A4',90),(3798,2.91,19,1502,'Softcover','4/4 c','A4',91),(3799,3.24,19,1502,'Softcover','4/4 c','A4',92),(3800,3.80,19,1502,'Softcover','4/4 c','A4',93),(3801,4.32,19,1502,'Softcover','4/4 c','A4',94),(3802,4.71,19,1502,'Softcover','4/4 c','A4',95),(3803,5.12,19,1502,'Softcover','4/4 c','A4',96),(3804,5.56,19,1502,'Softcover','4/4 c','A4',97),(3805,6.07,19,1502,'Softcover','4/4 c','A4',98),(3806,6.57,19,1502,'Softcover','4/4 c','A4',99),(3807,6.94,19,1502,'Softcover','4/4 c','A4',100),(3808,7.16,19,1502,'Softcover','4/4 c','A4',101),(3809,7.60,19,1502,'Softcover','4/4 c','A4',102),(3810,8.04,19,1502,'Softcover','4/4 c','A4',103),(3811,8.70,19,1502,'Softcover','4/4 c','A4',104),(3812,9.00,19,1502,'Softcover','4/4 c','A4',105),(3813,9.56,19,1502,'Softcover','4/4 c','A4',106),(3814,9.98,19,1502,'Softcover','4/4 c','A4',107),(3815,10.38,19,1502,'Softcover','4/4 c','A4',108),(3816,10.80,19,1502,'Softcover','4/4 c','A4',109),(3817,11.34,19,1502,'Softcover','4/4 c','A4',110),(3818,11.90,19,1502,'Softcover','4/4 c','A4',111),(3819,12.31,19,1502,'Softcover','4/4 c','A4',112),(3820,12.72,19,1502,'Softcover','4/4 c','A4',113),(3821,13.27,19,1502,'Softcover','4/4 c','A4',114),(3822,13.56,19,1502,'Softcover','4/4 c','A4',115),(3823,14.10,19,1502,'Softcover','4/4 c','A4',116),(3824,14.38,19,1502,'Softcover','4/4 c','A4',117),(3825,15.10,19,1502,'Softcover','4/4 c','A4',118),(3826,15.67,19,1502,'Softcover','4/4 c','A4',119),(3827,0.10,19,1502,'Softcover','4/4 c','A5',78),(3828,0.20,19,1502,'Softcover','4/4 c','A5',79),(3829,0.14,19,1502,'Softcover','4/4 c','A5',80),(3830,0.18,19,1502,'Softcover','4/4 c','A5',81),(3831,0.22,19,1502,'Softcover','4/4 c','A5',82),(3832,0.28,19,1502,'Softcover','4/4 c','A5',83),(3833,0.34,19,1502,'Softcover','4/4 c','A5',84),(3834,0.52,19,1502,'Softcover','4/4 c','A5',85),(3835,0.62,19,1502,'Softcover','4/4 c','A5',86),(3836,0.76,19,1502,'Softcover','4/4 c','A5',87),(3837,1.02,19,1502,'Softcover','4/4 c','A5',88),(3838,1.30,19,1502,'Softcover','4/4 c','A5',89),(3839,1.54,19,1502,'Softcover','4/4 c','A5',90),(3840,1.86,19,1502,'Softcover','4/4 c','A5',91),(3841,2.07,19,1502,'Softcover','4/4 c','A5',92),(3842,2.43,19,1502,'Softcover','4/4 c','A5',93),(3843,2.76,19,1502,'Softcover','4/4 c','A5',94),(3844,3.01,19,1502,'Softcover','4/4 c','A5',95),(3845,3.28,19,1502,'Softcover','4/4 c','A5',96),(3846,3.56,19,1502,'Softcover','4/4 c','A5',97),(3847,3.88,19,1502,'Softcover','4/4 c','A5',98),(3848,4.20,19,1502,'Softcover','4/4 c','A5',99),(3849,4.44,19,1502,'Softcover','4/4 c','A5',100),(3850,4.58,19,1502,'Softcover','4/4 c','A5',101),(3851,4.87,19,1502,'Softcover','4/4 c','A5',102),(3852,5.15,19,1502,'Softcover','4/4 c','A5',103),(3853,5.57,19,1502,'Softcover','4/4 c','A5',104),(3854,5.76,19,1502,'Softcover','4/4 c','A5',105),(3855,6.12,19,1502,'Softcover','4/4 c','A5',106),(3856,6.39,19,1502,'Softcover','4/4 c','A5',107),(3857,6.65,19,1502,'Softcover','4/4 c','A5',108),(3858,6.91,19,1502,'Softcover','4/4 c','A5',109),(3859,7.26,19,1502,'Softcover','4/4 c','A5',110),(3860,7.61,19,1502,'Softcover','4/4 c','A5',111),(3861,7.88,19,1502,'Softcover','4/4 c','A5',112),(3862,8.14,19,1502,'Softcover','4/4 c','A5',113),(3863,8.49,19,1502,'Softcover','4/4 c','A5',114),(3864,8.68,19,1502,'Softcover','4/4 c','A5',115),(3865,9.02,19,1502,'Softcover','4/4 c','A5',116),(3866,9.20,19,1502,'Softcover','4/4 c','A5',117),(3867,9.66,19,1502,'Softcover','4/4 c','A5',118),(3868,10.03,19,1502,'Softcover','4/4 c','A5',119),(3869,0.07,19,1502,'Softcover','4/4 c','A6',78),(3870,0.14,19,1502,'Softcover','4/4 c','A6',79),(3871,0.07,19,1502,'Softcover','4/4 c','A6',80),(3872,0.09,19,1502,'Softcover','4/4 c','A6',81),(3873,0.12,19,1502,'Softcover','4/4 c','A6',82),(3874,0.15,19,1502,'Softcover','4/4 c','A6',83),(3875,0.18,19,1502,'Softcover','4/4 c','A6',84),(3876,0.28,19,1502,'Softcover','4/4 c','A6',85),(3877,0.34,19,1502,'Softcover','4/4 c','A6',86),(3878,0.41,19,1502,'Softcover','4/4 c','A6',87),(3879,0.55,19,1502,'Softcover','4/4 c','A6',88),(3880,0.70,19,1502,'Softcover','4/4 c','A6',89),(3881,0.83,19,1502,'Softcover','4/4 c','A6',90),(3882,1.00,19,1502,'Softcover','4/4 c','A6',91),(3883,1.12,19,1502,'Softcover','4/4 c','A6',92),(3884,1.31,19,1502,'Softcover','4/4 c','A6',93),(3885,1.49,19,1502,'Softcover','4/4 c','A6',94),(3886,1.63,19,1502,'Softcover','4/4 c','A6',95),(3887,1.77,19,1502,'Softcover','4/4 c','A6',96),(3888,1.92,19,1502,'Softcover','4/4 c','A6',97),(3889,2.10,19,1502,'Softcover','4/4 c','A6',98),(3890,2.27,19,1502,'Softcover','4/4 c','A6',99),(3891,2.40,19,1502,'Softcover','4/4 c','A6',100),(3892,2.47,19,1502,'Softcover','4/4 c','A6',101),(3893,2.63,19,1502,'Softcover','4/4 c','A6',102),(3894,2.78,19,1502,'Softcover','4/4 c','A6',103),(3895,3.01,19,1502,'Softcover','4/4 c','A6',104),(3896,3.11,19,1502,'Softcover','4/4 c','A6',105),(3897,3.31,19,1502,'Softcover','4/4 c','A6',106),(3898,3.45,19,1502,'Softcover','4/4 c','A6',107),(3899,3.59,19,1502,'Softcover','4/4 c','A6',108),(3900,3.73,19,1502,'Softcover','4/4 c','A6',109),(3901,3.92,19,1502,'Softcover','4/4 c','A6',110),(3902,4.11,19,1502,'Softcover','4/4 c','A6',111),(3903,4.25,19,1502,'Softcover','4/4 c','A6',112),(3904,4.39,19,1502,'Softcover','4/4 c','A6',113),(3905,4.59,19,1502,'Softcover','4/4 c','A6',114),(3906,4.69,19,1502,'Softcover','4/4 c','A6',115),(3907,4.87,19,1502,'Softcover','4/4 c','A6',116),(3908,4.97,19,1502,'Softcover','4/4 c','A6',117),(3909,5.22,19,1502,'Softcover','4/4 c','A6',118),(3910,5.42,19,1502,'Softcover','4/4 c','A6',119),(3911,0.00,19,1502,'Softcover','4/4 c','E5PLUS',78),(3912,0.00,19,1502,'Softcover','4/4 c','E5PLUS',79),(3913,0.15,19,1502,'Softcover','4/4 c','E5PLUS',80),(3914,0.19,19,1502,'Softcover','4/4 c','E5PLUS',81),(3915,0.23,19,1502,'Softcover','4/4 c','E5PLUS',82),(3916,0.29,19,1502,'Softcover','4/4 c','E5PLUS',83),(3917,0.34,19,1502,'Softcover','4/4 c','E5PLUS',84),(3918,0.53,19,1502,'Softcover','4/4 c','E5PLUS',85),(3919,0.63,19,1502,'Softcover','4/4 c','E5PLUS',86),(3920,0.77,19,1502,'Softcover','4/4 c','E5PLUS',87),(3921,1.04,19,1502,'Softcover','4/4 c','E5PLUS',88),(3922,1.32,19,1502,'Softcover','4/4 c','E5PLUS',89),(3923,1.57,19,1502,'Softcover','4/4 c','E5PLUS',90),(3924,1.89,19,1502,'Softcover','4/4 c','E5PLUS',91),(3925,2.11,19,1502,'Softcover','4/4 c','E5PLUS',92),(3926,2.47,19,1502,'Softcover','4/4 c','E5PLUS',93),(3927,2.81,19,1502,'Softcover','4/4 c','E5PLUS',94),(3928,3.06,19,1502,'Softcover','4/4 c','E5PLUS',95),(3929,3.33,19,1502,'Softcover','4/4 c','E5PLUS',96),(3930,3.62,19,1502,'Softcover','4/4 c','E5PLUS',97),(3931,3.95,19,1502,'Softcover','4/4 c','E5PLUS',98),(3932,4.27,19,1502,'Softcover','4/4 c','E5PLUS',99),(3933,4.51,19,1502,'Softcover','4/4 c','E5PLUS',100),(3934,4.65,19,1502,'Softcover','4/4 c','E5PLUS',101),(3935,4.94,19,1502,'Softcover','4/4 c','E5PLUS',102),(3936,5.23,19,1502,'Softcover','4/4 c','E5PLUS',103),(3937,5.66,19,1502,'Softcover','4/4 c','E5PLUS',104),(3938,5.85,19,1502,'Softcover','4/4 c','E5PLUS',105),(3939,6.22,19,1502,'Softcover','4/4 c','E5PLUS',106),(3940,6.49,19,1502,'Softcover','4/4 c','E5PLUS',107),(3941,6.75,19,1502,'Softcover','4/4 c','E5PLUS',108),(3942,7.02,19,1502,'Softcover','4/4 c','E5PLUS',109),(3943,7.37,19,1502,'Softcover','4/4 c','E5PLUS',110),(3944,7.73,19,1502,'Softcover','4/4 c','E5PLUS',111),(3945,8.00,19,1502,'Softcover','4/4 c','E5PLUS',112),(3946,8.27,19,1502,'Softcover','4/4 c','E5PLUS',113),(3947,8.63,19,1502,'Softcover','4/4 c','E5PLUS',114),(3948,8.81,19,1502,'Softcover','4/4 c','E5PLUS',115),(3949,9.17,19,1502,'Softcover','4/4 c','E5PLUS',116),(3950,9.35,19,1502,'Softcover','4/4 c','E5PLUS',117),(3951,9.81,19,1502,'Softcover','4/4 c','E5PLUS',118),(3952,10.19,19,1502,'Softcover','4/4 c','E5PLUS',119),(3953,0.00,19,1502,'Softcover','4/4 c','F1926',78),(3954,0.00,19,1502,'Softcover','4/4 c','F1926',79),(3955,0.25,19,1502,'Softcover','4/4 c','F1926',80),(3956,0.31,19,1502,'Softcover','4/4 c','F1926',81),(3957,0.38,19,1502,'Softcover','4/4 c','F1926',82),(3958,0.47,19,1502,'Softcover','4/4 c','F1926',83),(3959,0.55,19,1502,'Softcover','4/4 c','F1926',84),(3960,0.85,19,1502,'Softcover','4/4 c','F1926',85),(3961,1.02,19,1502,'Softcover','4/4 c','F1926',86),(3962,1.24,19,1502,'Softcover','4/4 c','F1926',87),(3963,1.67,19,1502,'Softcover','4/4 c','F1926',88),(3964,2.12,19,1502,'Softcover','4/4 c','F1926',89),(3965,2.52,19,1502,'Softcover','4/4 c','F1926',90),(3966,3.04,19,1502,'Softcover','4/4 c','F1926',91),(3967,3.39,19,1502,'Softcover','4/4 c','F1926',92),(3968,3.97,19,1502,'Softcover','4/4 c','F1926',93),(3969,4.51,19,1502,'Softcover','4/4 c','F1926',94),(3970,4.92,19,1502,'Softcover','4/4 c','F1926',95),(3971,5.35,19,1502,'Softcover','4/4 c','F1926',96),(3972,5.81,19,1502,'Softcover','4/4 c','F1926',97),(3973,6.34,19,1502,'Softcover','4/4 c','F1926',98),(3974,6.86,19,1502,'Softcover','4/4 c','F1926',99),(3975,7.26,19,1502,'Softcover','4/4 c','F1926',100),(3976,7.48,19,1502,'Softcover','4/4 c','F1926',101),(3977,7.94,19,1502,'Softcover','4/4 c','F1926',102),(3978,8.40,19,1502,'Softcover','4/4 c','F1926',103),(3979,9.10,19,1502,'Softcover','4/4 c','F1926',104),(3980,9.40,19,1502,'Softcover','4/4 c','F1926',105),(3981,9.99,19,1502,'Softcover','4/4 c','F1926',106),(3982,10.43,19,1502,'Softcover','4/4 c','F1926',107),(3983,10.85,19,1502,'Softcover','4/4 c','F1926',108),(3984,11.29,19,1502,'Softcover','4/4 c','F1926',109),(3985,11.85,19,1502,'Softcover','4/4 c','F1926',110),(3986,12.43,19,1502,'Softcover','4/4 c','F1926',111),(3987,12.87,19,1502,'Softcover','4/4 c','F1926',112),(3988,13.29,19,1502,'Softcover','4/4 c','F1926',113),(3989,13.87,19,1502,'Softcover','4/4 c','F1926',114),(3990,14.17,19,1502,'Softcover','4/4 c','F1926',115),(3991,14.74,19,1502,'Softcover','4/4 c','F1926',116),(3992,15.02,19,1502,'Softcover','4/4 c','F1926',117),(3993,0.00,19,1502,'Softcover','4/4 c','F1926',118),(3994,0.00,19,1502,'Softcover','4/4 c','F1926',119),(3995,0.00,20,1502,'Softcover','4/4 c','A4',78),(3996,0.00,20,1502,'Softcover','4/4 c','A4',79),(3997,0.25,20,1502,'Softcover','4/4 c','A4',80),(3998,0.30,20,1502,'Softcover','4/4 c','A4',81),(3999,0.37,20,1502,'Softcover','4/4 c','A4',82),(4000,0.45,20,1502,'Softcover','4/4 c','A4',83),(4001,0.52,20,1502,'Softcover','4/4 c','A4',84),(4002,0.79,20,1502,'Softcover','4/4 c','A4',85),(4003,0.95,20,1502,'Softcover','4/4 c','A4',86),(4004,1.16,20,1502,'Softcover','4/4 c','A4',87),(4005,1.56,20,1502,'Softcover','4/4 c','A4',88),(4006,1.99,20,1502,'Softcover','4/4 c','A4',89),(4007,2.35,20,1502,'Softcover','4/4 c','A4',90),(4008,2.84,20,1502,'Softcover','4/4 c','A4',91),(4009,3.13,20,1502,'Softcover','4/4 c','A4',92),(4010,3.73,20,1502,'Softcover','4/4 c','A4',93),(4011,4.21,20,1502,'Softcover','4/4 c','A4',94),(4012,4.61,20,1502,'Softcover','4/4 c','A4',95),(4013,5.01,20,1502,'Softcover','4/4 c','A4',96),(4014,5.44,20,1502,'Softcover','4/4 c','A4',97),(4015,5.94,20,1502,'Softcover','4/4 c','A4',98),(4016,6.43,20,1502,'Softcover','4/4 c','A4',99),(4017,6.80,20,1502,'Softcover','4/4 c','A4',100),(4018,7.01,20,1502,'Softcover','4/4 c','A4',101),(4019,7.49,20,1502,'Softcover','4/4 c','A4',102),(4020,7.88,20,1502,'Softcover','4/4 c','A4',103),(4021,8.53,20,1502,'Softcover','4/4 c','A4',104),(4022,8.82,20,1502,'Softcover','4/4 c','A4',105),(4023,9.37,20,1502,'Softcover','4/4 c','A4',106),(4024,9.78,20,1502,'Softcover','4/4 c','A4',107),(4025,10.18,20,1502,'Softcover','4/4 c','A4',108),(4026,10.58,20,1502,'Softcover','4/4 c','A4',109),(4027,11.12,20,1502,'Softcover','4/4 c','A4',110),(4028,11.66,20,1502,'Softcover','4/4 c','A4',111),(4029,12.07,20,1502,'Softcover','4/4 c','A4',112),(4030,12.46,20,1502,'Softcover','4/4 c','A4',113),(4031,13.00,20,1502,'Softcover','4/4 c','A4',114),(4032,13.28,20,1502,'Softcover','4/4 c','A4',115),(4033,13.81,20,1502,'Softcover','4/4 c','A4',116),(4034,14.08,20,1502,'Softcover','4/4 c','A4',117),(4035,14.78,20,1502,'Softcover','4/4 c','A4',118),(4036,15.36,20,1502,'Softcover','4/4 c','A4',119),(4037,0.10,20,1502,'Softcover','4/4 c','A5',78),(4038,0.20,20,1502,'Softcover','4/4 c','A5',79),(4039,0.14,20,1502,'Softcover','4/4 c','A5',80),(4040,0.17,20,1502,'Softcover','4/4 c','A5',81),(4041,0.22,20,1502,'Softcover','4/4 c','A5',82),(4042,0.27,20,1502,'Softcover','4/4 c','A5',83),(4043,0.33,20,1502,'Softcover','4/4 c','A5',84),(4044,0.50,20,1502,'Softcover','4/4 c','A5',85),(4045,0.61,20,1502,'Softcover','4/4 c','A5',86),(4046,0.74,20,1502,'Softcover','4/4 c','A5',87),(4047,1.00,20,1502,'Softcover','4/4 c','A5',88),(4048,1.27,20,1502,'Softcover','4/4 c','A5',89),(4049,1.51,20,1502,'Softcover','4/4 c','A5',90),(4050,1.82,20,1502,'Softcover','4/4 c','A5',91),(4051,2.00,20,1502,'Softcover','4/4 c','A5',92),(4052,2.38,20,1502,'Softcover','4/4 c','A5',93),(4053,2.70,20,1502,'Softcover','4/4 c','A5',94),(4054,2.95,20,1502,'Softcover','4/4 c','A5',95),(4055,3.21,20,1502,'Softcover','4/4 c','A5',96),(4056,3.48,20,1502,'Softcover','4/4 c','A5',97),(4057,3.80,20,1502,'Softcover','4/4 c','A5',98),(4058,4.11,20,1502,'Softcover','4/4 c','A5',99),(4059,4.35,20,1502,'Softcover','4/4 c','A5',100),(4060,4.49,20,1502,'Softcover','4/4 c','A5',101),(4061,4.79,20,1502,'Softcover','4/4 c','A5',102),(4062,5.04,20,1502,'Softcover','4/4 c','A5',103),(4063,5.46,20,1502,'Softcover','4/4 c','A5',104),(4064,5.64,20,1502,'Softcover','4/4 c','A5',105),(4065,6.00,20,1502,'Softcover','4/4 c','A5',106),(4066,6.26,20,1502,'Softcover','4/4 c','A5',107),(4067,6.52,20,1502,'Softcover','4/4 c','A5',108),(4068,6.77,20,1502,'Softcover','4/4 c','A5',109),(4069,7.12,20,1502,'Softcover','4/4 c','A5',110),(4070,7.46,20,1502,'Softcover','4/4 c','A5',111),(4071,7.72,20,1502,'Softcover','4/4 c','A5',112),(4072,7.97,20,1502,'Softcover','4/4 c','A5',113),(4073,8.32,20,1502,'Softcover','4/4 c','A5',114),(4074,8.50,20,1502,'Softcover','4/4 c','A5',115),(4075,8.84,20,1502,'Softcover','4/4 c','A5',116),(4076,9.01,20,1502,'Softcover','4/4 c','A5',117),(4077,9.46,20,1502,'Softcover','4/4 c','A5',118),(4078,9.83,20,1502,'Softcover','4/4 c','A5',119),(4079,0.07,20,1502,'Softcover','4/4 c','A6',78),(4080,0.14,20,1502,'Softcover','4/4 c','A6',79),(4081,0.07,20,1502,'Softcover','4/4 c','A6',80),(4082,0.09,20,1502,'Softcover','4/4 c','A6',81),(4083,0.12,20,1502,'Softcover','4/4 c','A6',82),(4084,0.15,20,1502,'Softcover','4/4 c','A6',83),(4085,0.18,20,1502,'Softcover','4/4 c','A6',84),(4086,0.27,20,1502,'Softcover','4/4 c','A6',85),(4087,0.33,20,1502,'Softcover','4/4 c','A6',86),(4088,0.40,20,1502,'Softcover','4/4 c','A6',87),(4089,0.54,20,1502,'Softcover','4/4 c','A6',88),(4090,0.69,20,1502,'Softcover','4/4 c','A6',89),(4091,0.81,20,1502,'Softcover','4/4 c','A6',90),(4092,0.98,20,1502,'Softcover','4/4 c','A6',91),(4093,1.08,20,1502,'Softcover','4/4 c','A6',92),(4094,1.29,20,1502,'Softcover','4/4 c','A6',93),(4095,1.46,20,1502,'Softcover','4/4 c','A6',94),(4096,1.59,20,1502,'Softcover','4/4 c','A6',95),(4097,1.73,20,1502,'Softcover','4/4 c','A6',96),(4098,1.88,20,1502,'Softcover','4/4 c','A6',97),(4099,2.05,20,1502,'Softcover','4/4 c','A6',98),(4100,2.22,20,1502,'Softcover','4/4 c','A6',99),(4101,2.35,20,1502,'Softcover','4/4 c','A6',100),(4102,2.42,20,1502,'Softcover','4/4 c','A6',101),(4103,2.59,20,1502,'Softcover','4/4 c','A6',102),(4104,2.72,20,1502,'Softcover','4/4 c','A6',103),(4105,2.95,20,1502,'Softcover','4/4 c','A6',104),(4106,3.05,20,1502,'Softcover','4/4 c','A6',105),(4107,3.24,20,1502,'Softcover','4/4 c','A6',106),(4108,3.38,20,1502,'Softcover','4/4 c','A6',107),(4109,3.52,20,1502,'Softcover','4/4 c','A6',108),(4110,3.65,20,1502,'Softcover','4/4 c','A6',109),(4111,3.84,20,1502,'Softcover','4/4 c','A6',110),(4112,4.03,20,1502,'Softcover','4/4 c','A6',111),(4113,4.17,20,1502,'Softcover','4/4 c','A6',112),(4114,4.31,20,1502,'Softcover','4/4 c','A6',113),(4115,4.49,20,1502,'Softcover','4/4 c','A6',114),(4116,4.59,20,1502,'Softcover','4/4 c','A6',115),(4117,4.77,20,1502,'Softcover','4/4 c','A6',116),(4118,4.87,20,1502,'Softcover','4/4 c','A6',117),(4119,5.11,20,1502,'Softcover','4/4 c','A6',118),(4120,5.31,20,1502,'Softcover','4/4 c','A6',119),(4121,0.00,20,1502,'Softcover','4/4 c','E5PLUS',78),(4122,0.00,20,1502,'Softcover','4/4 c','E5PLUS',79),(4123,0.14,20,1502,'Softcover','4/4 c','E5PLUS',80),(4124,0.18,20,1502,'Softcover','4/4 c','E5PLUS',81),(4125,0.23,20,1502,'Softcover','4/4 c','E5PLUS',82),(4126,0.28,20,1502,'Softcover','4/4 c','E5PLUS',83),(4127,0.34,20,1502,'Softcover','4/4 c','E5PLUS',84),(4128,0.51,20,1502,'Softcover','4/4 c','E5PLUS',85),(4129,0.62,20,1502,'Softcover','4/4 c','E5PLUS',86),(4130,0.75,20,1502,'Softcover','4/4 c','E5PLUS',87),(4131,1.01,20,1502,'Softcover','4/4 c','E5PLUS',88),(4132,1.29,20,1502,'Softcover','4/4 c','E5PLUS',89),(4133,1.53,20,1502,'Softcover','4/4 c','E5PLUS',90),(4134,1.85,20,1502,'Softcover','4/4 c','E5PLUS',91),(4135,2.04,20,1502,'Softcover','4/4 c','E5PLUS',92),(4136,2.42,20,1502,'Softcover','4/4 c','E5PLUS',93),(4137,2.74,20,1502,'Softcover','4/4 c','E5PLUS',94),(4138,3.00,20,1502,'Softcover','4/4 c','E5PLUS',95),(4139,3.26,20,1502,'Softcover','4/4 c','E5PLUS',96),(4140,3.54,20,1502,'Softcover','4/4 c','E5PLUS',97),(4141,3.86,20,1502,'Softcover','4/4 c','E5PLUS',98),(4142,4.18,20,1502,'Softcover','4/4 c','E5PLUS',99),(4143,4.42,20,1502,'Softcover','4/4 c','E5PLUS',100),(4144,4.56,20,1502,'Softcover','4/4 c','E5PLUS',101),(4145,4.87,20,1502,'Softcover','4/4 c','E5PLUS',102),(4146,5.12,20,1502,'Softcover','4/4 c','E5PLUS',103),(4147,5.54,20,1502,'Softcover','4/4 c','E5PLUS',104),(4148,5.73,20,1502,'Softcover','4/4 c','E5PLUS',105),(4149,6.09,20,1502,'Softcover','4/4 c','E5PLUS',106),(4150,6.35,20,1502,'Softcover','4/4 c','E5PLUS',107),(4151,6.62,20,1502,'Softcover','4/4 c','E5PLUS',108),(4152,6.87,20,1502,'Softcover','4/4 c','E5PLUS',109),(4153,7.23,20,1502,'Softcover','4/4 c','E5PLUS',110),(4154,7.58,20,1502,'Softcover','4/4 c','E5PLUS',111),(4155,7.84,20,1502,'Softcover','4/4 c','E5PLUS',112),(4156,8.10,20,1502,'Softcover','4/4 c','E5PLUS',113),(4157,8.45,20,1502,'Softcover','4/4 c','E5PLUS',114),(4158,8.63,20,1502,'Softcover','4/4 c','E5PLUS',115),(4159,8.98,20,1502,'Softcover','4/4 c','E5PLUS',116),(4160,9.15,20,1502,'Softcover','4/4 c','E5PLUS',117),(4161,9.61,20,1502,'Softcover','4/4 c','E5PLUS',118),(4162,9.98,20,1502,'Softcover','4/4 c','E5PLUS',119),(4163,0.00,20,1502,'Softcover','4/4 c','F1926',78),(4164,0.00,20,1502,'Softcover','4/4 c','F1926',79),(4165,0.24,20,1502,'Softcover','4/4 c','F1926',80),(4166,0.30,20,1502,'Softcover','4/4 c','F1926',81),(4167,0.38,20,1502,'Softcover','4/4 c','F1926',82),(4168,0.46,20,1502,'Softcover','4/4 c','F1926',83),(4169,0.54,20,1502,'Softcover','4/4 c','F1926',84),(4170,0.82,20,1502,'Softcover','4/4 c','F1926',85),(4171,0.99,20,1502,'Softcover','4/4 c','F1926',86),(4172,1.21,20,1502,'Softcover','4/4 c','F1926',87),(4173,1.63,20,1502,'Softcover','4/4 c','F1926',88),(4174,2.08,20,1502,'Softcover','4/4 c','F1926',89),(4175,2.46,20,1502,'Softcover','4/4 c','F1926',90),(4176,2.97,20,1502,'Softcover','4/4 c','F1926',91),(4177,3.27,20,1502,'Softcover','4/4 c','F1926',92),(4178,3.89,20,1502,'Softcover','4/4 c','F1926',93),(4179,4.40,20,1502,'Softcover','4/4 c','F1926',94),(4180,4.82,20,1502,'Softcover','4/4 c','F1926',95),(4181,5.24,20,1502,'Softcover','4/4 c','F1926',96),(4182,5.69,20,1502,'Softcover','4/4 c','F1926',97),(4183,6.21,20,1502,'Softcover','4/4 c','F1926',98),(4184,6.72,20,1502,'Softcover','4/4 c','F1926',99),(4185,7.11,20,1502,'Softcover','4/4 c','F1926',100),(4186,7.33,20,1502,'Softcover','4/4 c','F1926',101),(4187,7.82,20,1502,'Softcover','4/4 c','F1926',102),(4188,8.23,20,1502,'Softcover','4/4 c','F1926',103),(4189,8.91,20,1502,'Softcover','4/4 c','F1926',104),(4190,9.22,20,1502,'Softcover','4/4 c','F1926',105),(4191,9.79,20,1502,'Softcover','4/4 c','F1926',106),(4192,10.22,20,1502,'Softcover','4/4 c','F1926',107),(4193,10.64,20,1502,'Softcover','4/4 c','F1926',108),(4194,11.05,20,1502,'Softcover','4/4 c','F1926',109),(4195,11.62,20,1502,'Softcover','4/4 c','F1926',110),(4196,12.19,20,1502,'Softcover','4/4 c','F1926',111),(4197,12.61,20,1502,'Softcover','4/4 c','F1926',112),(4198,13.02,20,1502,'Softcover','4/4 c','F1926',113),(4199,13.59,20,1502,'Softcover','4/4 c','F1926',114),(4200,13.88,20,1502,'Softcover','4/4 c','F1926',115),(4201,14.43,20,1502,'Softcover','4/4 c','F1926',116),(4202,14.71,20,1502,'Softcover','4/4 c','F1926',117),(4203,0.00,20,1502,'Softcover','4/4 c','F1926',118),(4204,0.00,20,1502,'Softcover','4/4 c','F1926',119),(4205,0.00,21,1502,'Softcover','4/4 c','A4',78),(4206,0.00,21,1502,'Softcover','4/4 c','A4',79),(4207,0.24,21,1502,'Softcover','4/4 c','A4',80),(4208,0.29,21,1502,'Softcover','4/4 c','A4',81),(4209,0.36,21,1502,'Softcover','4/4 c','A4',82),(4210,0.43,21,1502,'Softcover','4/4 c','A4',83),(4211,0.50,21,1502,'Softcover','4/4 c','A4',84),(4212,0.77,21,1502,'Softcover','4/4 c','A4',85),(4213,0.94,21,1502,'Softcover','4/4 c','A4',86),(4214,1.14,21,1502,'Softcover','4/4 c','A4',87),(4215,1.54,21,1502,'Softcover','4/4 c','A4',88),(4216,1.96,21,1502,'Softcover','4/4 c','A4',89),(4217,2.33,21,1502,'Softcover','4/4 c','A4',90),(4218,2.81,21,1502,'Softcover','4/4 c','A4',91),(4219,3.10,21,1502,'Softcover','4/4 c','A4',92),(4220,3.59,21,1502,'Softcover','4/4 c','A4',93),(4221,4.05,21,1502,'Softcover','4/4 c','A4',94),(4222,4.44,21,1502,'Softcover','4/4 c','A4',95),(4223,4.83,21,1502,'Softcover','4/4 c','A4',96),(4224,5.25,21,1502,'Softcover','4/4 c','A4',97),(4225,5.72,21,1502,'Softcover','4/4 c','A4',98),(4226,6.19,21,1502,'Softcover','4/4 c','A4',99),(4227,6.56,21,1502,'Softcover','4/4 c','A4',100),(4228,6.89,21,1502,'Softcover','4/4 c','A4',101),(4229,7.35,21,1502,'Softcover','4/4 c','A4',102),(4230,7.74,21,1502,'Softcover','4/4 c','A4',103),(4231,8.37,21,1502,'Softcover','4/4 c','A4',104),(4232,8.65,21,1502,'Softcover','4/4 c','A4',105),(4233,9.20,21,1502,'Softcover','4/4 c','A4',106),(4234,9.61,21,1502,'Softcover','4/4 c','A4',107),(4235,9.99,21,1502,'Softcover','4/4 c','A4',108),(4236,10.39,21,1502,'Softcover','4/4 c','A4',109),(4237,10.92,21,1502,'Softcover','4/4 c','A4',110),(4238,11.45,21,1502,'Softcover','4/4 c','A4',111),(4239,11.85,21,1502,'Softcover','4/4 c','A4',112),(4240,12.24,21,1502,'Softcover','4/4 c','A4',113),(4241,12.77,21,1502,'Softcover','4/4 c','A4',114),(4242,13.04,21,1502,'Softcover','4/4 c','A4',115),(4243,13.57,21,1502,'Softcover','4/4 c','A4',116),(4244,13.83,21,1502,'Softcover','4/4 c','A4',117),(4245,14.53,21,1502,'Softcover','4/4 c','A4',118),(4246,15.04,21,1502,'Softcover','4/4 c','A4',119),(4247,0.09,21,1502,'Softcover','4/4 c','A5',78),(4248,0.18,21,1502,'Softcover','4/4 c','A5',79),(4249,0.13,21,1502,'Softcover','4/4 c','A5',80),(4250,0.17,21,1502,'Softcover','4/4 c','A5',81),(4251,0.21,21,1502,'Softcover','4/4 c','A5',82),(4252,0.26,21,1502,'Softcover','4/4 c','A5',83),(4253,0.32,21,1502,'Softcover','4/4 c','A5',84),(4254,0.50,21,1502,'Softcover','4/4 c','A5',85),(4255,0.60,21,1502,'Softcover','4/4 c','A5',86),(4256,0.73,21,1502,'Softcover','4/4 c','A5',87),(4257,0.98,21,1502,'Softcover','4/4 c','A5',88),(4258,1.26,21,1502,'Softcover','4/4 c','A5',89),(4259,1.49,21,1502,'Softcover','4/4 c','A5',90),(4260,1.80,21,1502,'Softcover','4/4 c','A5',91),(4261,1.98,21,1502,'Softcover','4/4 c','A5',92),(4262,2.30,21,1502,'Softcover','4/4 c','A5',93),(4263,2.59,21,1502,'Softcover','4/4 c','A5',94),(4264,2.84,21,1502,'Softcover','4/4 c','A5',95),(4265,3.09,21,1502,'Softcover','4/4 c','A5',96),(4266,3.36,21,1502,'Softcover','4/4 c','A5',97),(4267,3.66,21,1502,'Softcover','4/4 c','A5',98),(4268,3.96,21,1502,'Softcover','4/4 c','A5',99),(4269,4.20,21,1502,'Softcover','4/4 c','A5',100),(4270,4.41,21,1502,'Softcover','4/4 c','A5',101),(4271,4.70,21,1502,'Softcover','4/4 c','A5',102),(4272,4.95,21,1502,'Softcover','4/4 c','A5',103),(4273,5.36,21,1502,'Softcover','4/4 c','A5',104),(4274,5.54,21,1502,'Softcover','4/4 c','A5',105),(4275,5.89,21,1502,'Softcover','4/4 c','A5',106),(4276,6.15,21,1502,'Softcover','4/4 c','A5',107),(4277,6.39,21,1502,'Softcover','4/4 c','A5',108),(4278,6.65,21,1502,'Softcover','4/4 c','A5',109),(4279,6.99,21,1502,'Softcover','4/4 c','A5',110),(4280,7.33,21,1502,'Softcover','4/4 c','A5',111),(4281,7.59,21,1502,'Softcover','4/4 c','A5',112),(4282,7.83,21,1502,'Softcover','4/4 c','A5',113),(4283,8.17,21,1502,'Softcover','4/4 c','A5',114),(4284,8.34,21,1502,'Softcover','4/4 c','A5',115),(4285,8.68,21,1502,'Softcover','4/4 c','A5',116),(4286,8.85,21,1502,'Softcover','4/4 c','A5',117),(4287,9.30,21,1502,'Softcover','4/4 c','A5',118),(4288,9.63,21,1502,'Softcover','4/4 c','A5',119),(4289,0.06,21,1502,'Softcover','4/4 c','A6',78),(4290,0.13,21,1502,'Softcover','4/4 c','A6',79),(4291,0.07,21,1502,'Softcover','4/4 c','A6',80),(4292,0.09,21,1502,'Softcover','4/4 c','A6',81),(4293,0.11,21,1502,'Softcover','4/4 c','A6',82),(4294,0.14,21,1502,'Softcover','4/4 c','A6',83),(4295,0.17,21,1502,'Softcover','4/4 c','A6',84),(4296,0.27,21,1502,'Softcover','4/4 c','A6',85),(4297,0.32,21,1502,'Softcover','4/4 c','A6',86),(4298,0.40,21,1502,'Softcover','4/4 c','A6',87),(4299,0.53,21,1502,'Softcover','4/4 c','A6',88),(4300,0.68,21,1502,'Softcover','4/4 c','A6',89),(4301,0.81,21,1502,'Softcover','4/4 c','A6',90),(4302,0.97,21,1502,'Softcover','4/4 c','A6',91),(4303,1.07,21,1502,'Softcover','4/4 c','A6',92),(4304,1.24,21,1502,'Softcover','4/4 c','A6',93),(4305,1.40,21,1502,'Softcover','4/4 c','A6',94),(4306,1.53,21,1502,'Softcover','4/4 c','A6',95),(4307,1.67,21,1502,'Softcover','4/4 c','A6',96),(4308,1.81,21,1502,'Softcover','4/4 c','A6',97),(4309,1.98,21,1502,'Softcover','4/4 c','A6',98),(4310,2.14,21,1502,'Softcover','4/4 c','A6',99),(4311,2.27,21,1502,'Softcover','4/4 c','A6',100),(4312,2.38,21,1502,'Softcover','4/4 c','A6',101),(4313,2.54,21,1502,'Softcover','4/4 c','A6',102),(4314,2.67,21,1502,'Softcover','4/4 c','A6',103),(4315,2.89,21,1502,'Softcover','4/4 c','A6',104),(4316,2.99,21,1502,'Softcover','4/4 c','A6',105),(4317,3.18,21,1502,'Softcover','4/4 c','A6',106),(4318,3.32,21,1502,'Softcover','4/4 c','A6',107),(4319,3.45,21,1502,'Softcover','4/4 c','A6',108),(4320,3.59,21,1502,'Softcover','4/4 c','A6',109),(4321,3.77,21,1502,'Softcover','4/4 c','A6',110),(4322,3.96,21,1502,'Softcover','4/4 c','A6',111),(4323,4.10,21,1502,'Softcover','4/4 c','A6',112),(4324,4.23,21,1502,'Softcover','4/4 c','A6',113),(4325,4.41,21,1502,'Softcover','4/4 c','A6',114),(4326,4.51,21,1502,'Softcover','4/4 c','A6',115),(4327,4.69,21,1502,'Softcover','4/4 c','A6',116),(4328,4.78,21,1502,'Softcover','4/4 c','A6',117),(4329,5.02,21,1502,'Softcover','4/4 c','A6',118),(4330,5.20,21,1502,'Softcover','4/4 c','A6',119),(4331,0.00,21,1502,'Softcover','4/4 c','E5PLUS',78),(4332,0.00,21,1502,'Softcover','4/4 c','E5PLUS',79),(4333,0.14,21,1502,'Softcover','4/4 c','E5PLUS',80),(4334,0.18,21,1502,'Softcover','4/4 c','E5PLUS',81),(4335,0.22,21,1502,'Softcover','4/4 c','E5PLUS',82),(4336,0.27,21,1502,'Softcover','4/4 c','E5PLUS',83),(4337,0.33,21,1502,'Softcover','4/4 c','E5PLUS',84),(4338,0.50,21,1502,'Softcover','4/4 c','E5PLUS',85),(4339,0.61,21,1502,'Softcover','4/4 c','E5PLUS',86),(4340,0.74,21,1502,'Softcover','4/4 c','E5PLUS',87),(4341,1.00,21,1502,'Softcover','4/4 c','E5PLUS',88),(4342,1.28,21,1502,'Softcover','4/4 c','E5PLUS',89),(4343,1.52,21,1502,'Softcover','4/4 c','E5PLUS',90),(4344,1.83,21,1502,'Softcover','4/4 c','E5PLUS',91),(4345,2.01,21,1502,'Softcover','4/4 c','E5PLUS',92),(4346,2.34,21,1502,'Softcover','4/4 c','E5PLUS',93),(4347,2.63,21,1502,'Softcover','4/4 c','E5PLUS',94),(4348,2.89,21,1502,'Softcover','4/4 c','E5PLUS',95),(4349,3.14,21,1502,'Softcover','4/4 c','E5PLUS',96),(4350,3.41,21,1502,'Softcover','4/4 c','E5PLUS',97),(4351,3.72,21,1502,'Softcover','4/4 c','E5PLUS',98),(4352,4.02,21,1502,'Softcover','4/4 c','E5PLUS',99),(4353,4.26,21,1502,'Softcover','4/4 c','E5PLUS',100),(4354,4.48,21,1502,'Softcover','4/4 c','E5PLUS',101),(4355,4.78,21,1502,'Softcover','4/4 c','E5PLUS',102),(4356,5.03,21,1502,'Softcover','4/4 c','E5PLUS',103),(4357,5.44,21,1502,'Softcover','4/4 c','E5PLUS',104),(4358,5.62,21,1502,'Softcover','4/4 c','E5PLUS',105),(4359,5.98,21,1502,'Softcover','4/4 c','E5PLUS',106),(4360,6.24,21,1502,'Softcover','4/4 c','E5PLUS',107),(4361,6.49,21,1502,'Softcover','4/4 c','E5PLUS',108),(4362,6.76,21,1502,'Softcover','4/4 c','E5PLUS',109),(4363,7.10,21,1502,'Softcover','4/4 c','E5PLUS',110),(4364,7.44,21,1502,'Softcover','4/4 c','E5PLUS',111),(4365,7.70,21,1502,'Softcover','4/4 c','E5PLUS',112),(4366,7.95,21,1502,'Softcover','4/4 c','E5PLUS',113),(4367,8.30,21,1502,'Softcover','4/4 c','E5PLUS',114),(4368,8.47,21,1502,'Softcover','4/4 c','E5PLUS',115),(4369,8.82,21,1502,'Softcover','4/4 c','E5PLUS',116),(4370,8.99,21,1502,'Softcover','4/4 c','E5PLUS',117),(4371,9.44,21,1502,'Softcover','4/4 c','E5PLUS',118),(4372,9.78,21,1502,'Softcover','4/4 c','E5PLUS',119),(4373,0.00,21,1502,'Softcover','4/4 c','F1926',78),(4374,0.00,21,1502,'Softcover','4/4 c','F1926',79),(4375,0.24,21,1502,'Softcover','4/4 c','F1926',80),(4376,0.29,21,1502,'Softcover','4/4 c','F1926',81),(4377,0.36,21,1502,'Softcover','4/4 c','F1926',82),(4378,0.44,21,1502,'Softcover','4/4 c','F1926',83),(4379,0.52,21,1502,'Softcover','4/4 c','F1926',84),(4380,0.81,21,1502,'Softcover','4/4 c','F1926',85),(4381,0.98,21,1502,'Softcover','4/4 c','F1926',86),(4382,1.20,21,1502,'Softcover','4/4 c','F1926',87),(4383,1.61,21,1502,'Softcover','4/4 c','F1926',88),(4384,2.05,21,1502,'Softcover','4/4 c','F1926',89),(4385,2.44,21,1502,'Softcover','4/4 c','F1926',90),(4386,2.94,21,1502,'Softcover','4/4 c','F1926',91),(4387,3.23,21,1502,'Softcover','4/4 c','F1926',92),(4388,3.76,21,1502,'Softcover','4/4 c','F1926',93),(4389,4.23,21,1502,'Softcover','4/4 c','F1926',94),(4390,4.64,21,1502,'Softcover','4/4 c','F1926',95),(4391,5.05,21,1502,'Softcover','4/4 c','F1926',96),(4392,5.48,21,1502,'Softcover','4/4 c','F1926',97),(4393,5.98,21,1502,'Softcover','4/4 c','F1926',98),(4394,6.47,21,1502,'Softcover','4/4 c','F1926',99),(4395,6.86,21,1502,'Softcover','4/4 c','F1926',100),(4396,7.20,21,1502,'Softcover','4/4 c','F1926',101),(4397,7.68,21,1502,'Softcover','4/4 c','F1926',102),(4398,8.09,21,1502,'Softcover','4/4 c','F1926',103),(4399,8.75,21,1502,'Softcover','4/4 c','F1926',104),(4400,9.04,21,1502,'Softcover','4/4 c','F1926',105),(4401,9.62,21,1502,'Softcover','4/4 c','F1926',106),(4402,10.04,21,1502,'Softcover','4/4 c','F1926',107),(4403,10.44,21,1502,'Softcover','4/4 c','F1926',108),(4404,10.86,21,1502,'Softcover','4/4 c','F1926',109),(4405,11.41,21,1502,'Softcover','4/4 c','F1926',110),(4406,11.96,21,1502,'Softcover','4/4 c','F1926',111),(4407,12.39,21,1502,'Softcover','4/4 c','F1926',112),(4408,12.79,21,1502,'Softcover','4/4 c','F1926',113),(4409,13.34,21,1502,'Softcover','4/4 c','F1926',114),(4410,13.62,21,1502,'Softcover','4/4 c','F1926',115),(4411,14.18,21,1502,'Softcover','4/4 c','F1926',116),(4412,14.46,21,1502,'Softcover','4/4 c','F1926',117),(4413,0.00,21,1502,'Softcover','4/4 c','F1926',118),(4414,0.00,21,1502,'Softcover','4/4 c','F1926',119),(4415,0.00,22,1502,'Softcover','4/4 c','A4',78),(4416,0.00,22,1502,'Softcover','4/4 c','A4',79),(4417,0.24,22,1502,'Softcover','4/4 c','A4',80),(4418,0.29,22,1502,'Softcover','4/4 c','A4',81),(4419,0.35,22,1502,'Softcover','4/4 c','A4',82),(4420,0.42,22,1502,'Softcover','4/4 c','A4',83),(4421,0.49,22,1502,'Softcover','4/4 c','A4',84),(4422,0.76,22,1502,'Softcover','4/4 c','A4',85),(4423,0.92,22,1502,'Softcover','4/4 c','A4',86),(4424,1.12,22,1502,'Softcover','4/4 c','A4',87),(4425,1.52,22,1502,'Softcover','4/4 c','A4',88),(4426,1.93,22,1502,'Softcover','4/4 c','A4',89),(4427,2.29,22,1502,'Softcover','4/4 c','A4',90),(4428,2.76,22,1502,'Softcover','4/4 c','A4',91),(4429,3.05,22,1502,'Softcover','4/4 c','A4',92),(4430,3.53,22,1502,'Softcover','4/4 c','A4',93),(4431,3.99,22,1502,'Softcover','4/4 c','A4',94),(4432,4.37,22,1502,'Softcover','4/4 c','A4',95),(4433,4.75,22,1502,'Softcover','4/4 c','A4',96),(4434,5.16,22,1502,'Softcover','4/4 c','A4',97),(4435,5.63,22,1502,'Softcover','4/4 c','A4',98),(4436,6.10,22,1502,'Softcover','4/4 c','A4',99),(4437,6.46,22,1502,'Softcover','4/4 c','A4',100),(4438,6.77,22,1502,'Softcover','4/4 c','A4',101),(4439,7.22,22,1502,'Softcover','4/4 c','A4',102),(4440,7.61,22,1502,'Softcover','4/4 c','A4',103),(4441,8.24,22,1502,'Softcover','4/4 c','A4',104),(4442,8.52,22,1502,'Softcover','4/4 c','A4',105),(4443,9.05,22,1502,'Softcover','4/4 c','A4',106),(4444,9.45,22,1502,'Softcover','4/4 c','A4',107),(4445,9.83,22,1502,'Softcover','4/4 c','A4',108),(4446,10.22,22,1502,'Softcover','4/4 c','A4',109),(4447,10.75,22,1502,'Softcover','4/4 c','A4',110),(4448,11.27,22,1502,'Softcover','4/4 c','A4',111),(4449,11.66,22,1502,'Softcover','4/4 c','A4',112),(4450,12.03,22,1502,'Softcover','4/4 c','A4',113),(4451,12.57,22,1502,'Softcover','4/4 c','A4',114),(4452,12.83,22,1502,'Softcover','4/4 c','A4',115),(4453,13.36,22,1502,'Softcover','4/4 c','A4',116),(4454,13.61,22,1502,'Softcover','4/4 c','A4',117),(4455,14.29,22,1502,'Softcover','4/4 c','A4',118),(4456,14.83,22,1502,'Softcover','4/4 c','A4',119),(4457,0.09,22,1502,'Softcover','4/4 c','A5',78),(4458,0.18,22,1502,'Softcover','4/4 c','A5',79),(4459,0.13,22,1502,'Softcover','4/4 c','A5',80),(4460,0.17,22,1502,'Softcover','4/4 c','A5',81),(4461,0.21,22,1502,'Softcover','4/4 c','A5',82),(4462,0.26,22,1502,'Softcover','4/4 c','A5',83),(4463,0.31,22,1502,'Softcover','4/4 c','A5',84),(4464,0.49,22,1502,'Softcover','4/4 c','A5',85),(4465,0.59,22,1502,'Softcover','4/4 c','A5',86),(4466,0.72,22,1502,'Softcover','4/4 c','A5',87),(4467,0.97,22,1502,'Softcover','4/4 c','A5',88),(4468,1.23,22,1502,'Softcover','4/4 c','A5',89),(4469,1.46,22,1502,'Softcover','4/4 c','A5',90),(4470,1.76,22,1502,'Softcover','4/4 c','A5',91),(4471,1.95,22,1502,'Softcover','4/4 c','A5',92),(4472,2.26,22,1502,'Softcover','4/4 c','A5',93),(4473,2.55,22,1502,'Softcover','4/4 c','A5',94),(4474,2.80,22,1502,'Softcover','4/4 c','A5',95),(4475,3.04,22,1502,'Softcover','4/4 c','A5',96),(4476,3.30,22,1502,'Softcover','4/4 c','A5',97),(4477,3.60,22,1502,'Softcover','4/4 c','A5',98),(4478,3.90,22,1502,'Softcover','4/4 c','A5',99),(4479,4.13,22,1502,'Softcover','4/4 c','A5',100),(4480,4.33,22,1502,'Softcover','4/4 c','A5',101),(4481,4.62,22,1502,'Softcover','4/4 c','A5',102),(4482,4.87,22,1502,'Softcover','4/4 c','A5',103),(4483,5.28,22,1502,'Softcover','4/4 c','A5',104),(4484,5.45,22,1502,'Softcover','4/4 c','A5',105),(4485,5.79,22,1502,'Softcover','4/4 c','A5',106),(4486,6.05,22,1502,'Softcover','4/4 c','A5',107),(4487,6.29,22,1502,'Softcover','4/4 c','A5',108),(4488,6.54,22,1502,'Softcover','4/4 c','A5',109),(4489,6.88,22,1502,'Softcover','4/4 c','A5',110),(4490,7.21,22,1502,'Softcover','4/4 c','A5',111),(4491,7.46,22,1502,'Softcover','4/4 c','A5',112),(4492,7.70,22,1502,'Softcover','4/4 c','A5',113),(4493,8.04,22,1502,'Softcover','4/4 c','A5',114),(4494,8.21,22,1502,'Softcover','4/4 c','A5',115),(4495,8.55,22,1502,'Softcover','4/4 c','A5',116),(4496,8.71,22,1502,'Softcover','4/4 c','A5',117),(4497,9.15,22,1502,'Softcover','4/4 c','A5',118),(4498,9.49,22,1502,'Softcover','4/4 c','A5',119),(4499,0.06,22,1502,'Softcover','4/4 c','A6',78),(4500,0.13,22,1502,'Softcover','4/4 c','A6',79),(4501,0.07,22,1502,'Softcover','4/4 c','A6',80),(4502,0.09,22,1502,'Softcover','4/4 c','A6',81),(4503,0.11,22,1502,'Softcover','4/4 c','A6',82),(4504,0.14,22,1502,'Softcover','4/4 c','A6',83),(4505,0.17,22,1502,'Softcover','4/4 c','A6',84),(4506,0.26,22,1502,'Softcover','4/4 c','A6',85),(4507,0.32,22,1502,'Softcover','4/4 c','A6',86),(4508,0.39,22,1502,'Softcover','4/4 c','A6',87),(4509,0.52,22,1502,'Softcover','4/4 c','A6',88),(4510,0.67,22,1502,'Softcover','4/4 c','A6',89),(4511,0.79,22,1502,'Softcover','4/4 c','A6',90),(4512,0.95,22,1502,'Softcover','4/4 c','A6',91),(4513,1.05,22,1502,'Softcover','4/4 c','A6',92),(4514,1.22,22,1502,'Softcover','4/4 c','A6',93),(4515,1.38,22,1502,'Softcover','4/4 c','A6',94),(4516,1.51,22,1502,'Softcover','4/4 c','A6',95),(4517,1.64,22,1502,'Softcover','4/4 c','A6',96),(4518,1.78,22,1502,'Softcover','4/4 c','A6',97),(4519,1.95,22,1502,'Softcover','4/4 c','A6',98),(4520,2.11,22,1502,'Softcover','4/4 c','A6',99),(4521,2.23,22,1502,'Softcover','4/4 c','A6',100),(4522,2.34,22,1502,'Softcover','4/4 c','A6',101),(4523,2.50,22,1502,'Softcover','4/4 c','A6',102),(4524,2.63,22,1502,'Softcover','4/4 c','A6',103),(4525,2.85,22,1502,'Softcover','4/4 c','A6',104),(4526,2.94,22,1502,'Softcover','4/4 c','A6',105),(4527,3.13,22,1502,'Softcover','4/4 c','A6',106),(4528,3.26,22,1502,'Softcover','4/4 c','A6',107),(4529,3.40,22,1502,'Softcover','4/4 c','A6',108),(4530,3.53,22,1502,'Softcover','4/4 c','A6',109),(4531,3.71,22,1502,'Softcover','4/4 c','A6',110),(4532,3.89,22,1502,'Softcover','4/4 c','A6',111),(4533,4.03,22,1502,'Softcover','4/4 c','A6',112),(4534,4.16,22,1502,'Softcover','4/4 c','A6',113),(4535,4.34,22,1502,'Softcover','4/4 c','A6',114),(4536,4.44,22,1502,'Softcover','4/4 c','A6',115),(4537,4.62,22,1502,'Softcover','4/4 c','A6',116),(4538,4.70,22,1502,'Softcover','4/4 c','A6',117),(4539,4.94,22,1502,'Softcover','4/4 c','A6',118),(4540,5.13,22,1502,'Softcover','4/4 c','A6',119),(4541,0.00,22,1502,'Softcover','4/4 c','E5PLUS',78),(4542,0.00,22,1502,'Softcover','4/4 c','E5PLUS',79),(4543,0.14,22,1502,'Softcover','4/4 c','E5PLUS',80),(4544,0.17,22,1502,'Softcover','4/4 c','E5PLUS',81),(4545,0.21,22,1502,'Softcover','4/4 c','E5PLUS',82),(4546,0.27,22,1502,'Softcover','4/4 c','E5PLUS',83),(4547,0.32,22,1502,'Softcover','4/4 c','E5PLUS',84),(4548,0.50,22,1502,'Softcover','4/4 c','E5PLUS',85),(4549,0.60,22,1502,'Softcover','4/4 c','E5PLUS',86),(4550,0.73,22,1502,'Softcover','4/4 c','E5PLUS',87),(4551,0.98,22,1502,'Softcover','4/4 c','E5PLUS',88),(4552,1.25,22,1502,'Softcover','4/4 c','E5PLUS',89),(4553,1.49,22,1502,'Softcover','4/4 c','E5PLUS',90),(4554,1.79,22,1502,'Softcover','4/4 c','E5PLUS',91),(4555,1.98,22,1502,'Softcover','4/4 c','E5PLUS',92),(4556,2.29,22,1502,'Softcover','4/4 c','E5PLUS',93),(4557,2.59,22,1502,'Softcover','4/4 c','E5PLUS',94),(4558,2.84,22,1502,'Softcover','4/4 c','E5PLUS',95),(4559,3.09,22,1502,'Softcover','4/4 c','E5PLUS',96),(4560,3.36,22,1502,'Softcover','4/4 c','E5PLUS',97),(4561,3.66,22,1502,'Softcover','4/4 c','E5PLUS',98),(4562,3.96,22,1502,'Softcover','4/4 c','E5PLUS',99),(4563,4.20,22,1502,'Softcover','4/4 c','E5PLUS',100),(4564,4.40,22,1502,'Softcover','4/4 c','E5PLUS',101),(4565,4.70,22,1502,'Softcover','4/4 c','E5PLUS',102),(4566,4.95,22,1502,'Softcover','4/4 c','E5PLUS',103),(4567,5.36,22,1502,'Softcover','4/4 c','E5PLUS',104),(4568,5.54,22,1502,'Softcover','4/4 c','E5PLUS',105),(4569,5.88,22,1502,'Softcover','4/4 c','E5PLUS',106),(4570,6.14,22,1502,'Softcover','4/4 c','E5PLUS',107),(4571,6.39,22,1502,'Softcover','4/4 c','E5PLUS',108),(4572,6.65,22,1502,'Softcover','4/4 c','E5PLUS',109),(4573,6.98,22,1502,'Softcover','4/4 c','E5PLUS',110),(4574,7.32,22,1502,'Softcover','4/4 c','E5PLUS',111),(4575,7.58,22,1502,'Softcover','4/4 c','E5PLUS',112),(4576,7.82,22,1502,'Softcover','4/4 c','E5PLUS',113),(4577,8.17,22,1502,'Softcover','4/4 c','E5PLUS',114),(4578,8.34,22,1502,'Softcover','4/4 c','E5PLUS',115),(4579,8.68,22,1502,'Softcover','4/4 c','E5PLUS',116),(4580,8.85,22,1502,'Softcover','4/4 c','E5PLUS',117),(4581,9.29,22,1502,'Softcover','4/4 c','E5PLUS',118),(4582,9.64,22,1502,'Softcover','4/4 c','E5PLUS',119),(4583,0.00,22,1502,'Softcover','4/4 c','F1926',78),(4584,0.00,22,1502,'Softcover','4/4 c','F1926',79),(4585,0.23,22,1502,'Softcover','4/4 c','F1926',80),(4586,0.29,22,1502,'Softcover','4/4 c','F1926',81),(4587,0.36,22,1502,'Softcover','4/4 c','F1926',82),(4588,0.43,22,1502,'Softcover','4/4 c','F1926',83),(4589,0.51,22,1502,'Softcover','4/4 c','F1926',84),(4590,0.80,22,1502,'Softcover','4/4 c','F1926',85),(4591,0.96,22,1502,'Softcover','4/4 c','F1926',86),(4592,1.17,22,1502,'Softcover','4/4 c','F1926',87),(4593,1.58,22,1502,'Softcover','4/4 c','F1926',88),(4594,2.02,22,1502,'Softcover','4/4 c','F1926',89),(4595,2.39,22,1502,'Softcover','4/4 c','F1926',90),(4596,2.88,22,1502,'Softcover','4/4 c','F1926',91),(4597,3.19,22,1502,'Softcover','4/4 c','F1926',92),(4598,3.69,22,1502,'Softcover','4/4 c','F1926',93),(4599,4.16,22,1502,'Softcover','4/4 c','F1926',94),(4600,4.56,22,1502,'Softcover','4/4 c','F1926',95),(4601,4.96,22,1502,'Softcover','4/4 c','F1926',96),(4602,5.39,22,1502,'Softcover','4/4 c','F1926',97),(4603,5.88,22,1502,'Softcover','4/4 c','F1926',98),(4604,6.37,22,1502,'Softcover','4/4 c','F1926',99),(4605,6.75,22,1502,'Softcover','4/4 c','F1926',100),(4606,7.08,22,1502,'Softcover','4/4 c','F1926',101),(4607,7.55,22,1502,'Softcover','4/4 c','F1926',102),(4608,7.96,22,1502,'Softcover','4/4 c','F1926',103),(4609,8.61,22,1502,'Softcover','4/4 c','F1926',104),(4610,8.90,22,1502,'Softcover','4/4 c','F1926',105),(4611,9.46,22,1502,'Softcover','4/4 c','F1926',106),(4612,9.87,22,1502,'Softcover','4/4 c','F1926',107),(4613,10.27,22,1502,'Softcover','4/4 c','F1926',108),(4614,10.68,22,1502,'Softcover','4/4 c','F1926',109),(4615,11.23,22,1502,'Softcover','4/4 c','F1926',110),(4616,11.77,22,1502,'Softcover','4/4 c','F1926',111),(4617,12.19,22,1502,'Softcover','4/4 c','F1926',112),(4618,12.58,22,1502,'Softcover','4/4 c','F1926',113),(4619,13.13,22,1502,'Softcover','4/4 c','F1926',114),(4620,13.41,22,1502,'Softcover','4/4 c','F1926',115),(4621,13.96,22,1502,'Softcover','4/4 c','F1926',116),(4622,14.22,22,1502,'Softcover','4/4 c','F1926',117),(4623,0.00,22,1502,'Softcover','4/4 c','F1926',118),(4624,0.00,22,1502,'Softcover','4/4 c','F1926',119),(4625,0.00,23,1502,'Softcover','4/4 c','A4',78),(4626,0.00,23,1502,'Softcover','4/4 c','A4',79),(4627,0.23,23,1502,'Softcover','4/4 c','A4',80),(4628,0.28,23,1502,'Softcover','4/4 c','A4',81),(4629,0.34,23,1502,'Softcover','4/4 c','A4',82),(4630,0.41,23,1502,'Softcover','4/4 c','A4',83),(4631,0.48,23,1502,'Softcover','4/4 c','A4',84),(4632,0.74,23,1502,'Softcover','4/4 c','A4',85),(4633,0.90,23,1502,'Softcover','4/4 c','A4',86),(4634,1.10,23,1502,'Softcover','4/4 c','A4',87),(4635,1.48,23,1502,'Softcover','4/4 c','A4',88),(4636,1.90,23,1502,'Softcover','4/4 c','A4',89),(4637,2.26,23,1502,'Softcover','4/4 c','A4',90),(4638,2.73,23,1502,'Softcover','4/4 c','A4',91),(4639,3.00,23,1502,'Softcover','4/4 c','A4',92),(4640,3.48,23,1502,'Softcover','4/4 c','A4',93),(4641,3.92,23,1502,'Softcover','4/4 c','A4',94),(4642,4.30,23,1502,'Softcover','4/4 c','A4',95),(4643,4.67,23,1502,'Softcover','4/4 c','A4',96),(4644,5.09,23,1502,'Softcover','4/4 c','A4',97),(4645,5.54,23,1502,'Softcover','4/4 c','A4',98),(4646,6.01,23,1502,'Softcover','4/4 c','A4',99),(4647,6.36,23,1502,'Softcover','4/4 c','A4',100),(4648,6.68,23,1502,'Softcover','4/4 c','A4',101),(4649,7.12,23,1502,'Softcover','4/4 c','A4',102),(4650,7.50,23,1502,'Softcover','4/4 c','A4',103),(4651,8.12,23,1502,'Softcover','4/4 c','A4',104),(4652,8.40,23,1502,'Softcover','4/4 c','A4',105),(4653,8.92,23,1502,'Softcover','4/4 c','A4',106),(4654,9.32,23,1502,'Softcover','4/4 c','A4',107),(4655,9.69,23,1502,'Softcover','4/4 c','A4',108),(4656,10.09,23,1502,'Softcover','4/4 c','A4',109),(4657,10.60,23,1502,'Softcover','4/4 c','A4',110),(4658,11.11,23,1502,'Softcover','4/4 c','A4',111),(4659,11.49,23,1502,'Softcover','4/4 c','A4',112),(4660,11.87,23,1502,'Softcover','4/4 c','A4',113),(4661,12.39,23,1502,'Softcover','4/4 c','A4',114),(4662,12.65,23,1502,'Softcover','4/4 c','A4',115),(4663,13.16,23,1502,'Softcover','4/4 c','A4',116),(4664,13.42,23,1502,'Softcover','4/4 c','A4',117),(4665,14.09,23,1502,'Softcover','4/4 c','A4',118),(4666,14.62,23,1502,'Softcover','4/4 c','A4',119),(4667,0.09,23,1502,'Softcover','4/4 c','A5',78),(4668,0.18,23,1502,'Softcover','4/4 c','A5',79),(4669,0.13,23,1502,'Softcover','4/4 c','A5',80),(4670,0.16,23,1502,'Softcover','4/4 c','A5',81),(4671,0.20,23,1502,'Softcover','4/4 c','A5',82),(4672,0.25,23,1502,'Softcover','4/4 c','A5',83),(4673,0.31,23,1502,'Softcover','4/4 c','A5',84),(4674,0.47,23,1502,'Softcover','4/4 c','A5',85),(4675,0.58,23,1502,'Softcover','4/4 c','A5',86),(4676,0.70,23,1502,'Softcover','4/4 c','A5',87),(4677,0.95,23,1502,'Softcover','4/4 c','A5',88),(4678,1.21,23,1502,'Softcover','4/4 c','A5',89),(4679,1.44,23,1502,'Softcover','4/4 c','A5',90),(4680,1.74,23,1502,'Softcover','4/4 c','A5',91),(4681,1.92,23,1502,'Softcover','4/4 c','A5',92),(4682,2.23,23,1502,'Softcover','4/4 c','A5',93),(4683,2.51,23,1502,'Softcover','4/4 c','A5',94),(4684,2.75,23,1502,'Softcover','4/4 c','A5',95),(4685,2.99,23,1502,'Softcover','4/4 c','A5',96),(4686,3.26,23,1502,'Softcover','4/4 c','A5',97),(4687,3.55,23,1502,'Softcover','4/4 c','A5',98),(4688,3.85,23,1502,'Softcover','4/4 c','A5',99),(4689,4.07,23,1502,'Softcover','4/4 c','A5',100),(4690,4.27,23,1502,'Softcover','4/4 c','A5',101),(4691,4.56,23,1502,'Softcover','4/4 c','A5',102),(4692,4.80,23,1502,'Softcover','4/4 c','A5',103),(4693,5.19,23,1502,'Softcover','4/4 c','A5',104),(4694,5.38,23,1502,'Softcover','4/4 c','A5',105),(4695,5.71,23,1502,'Softcover','4/4 c','A5',106),(4696,5.96,23,1502,'Softcover','4/4 c','A5',107),(4697,6.20,23,1502,'Softcover','4/4 c','A5',108),(4698,6.45,23,1502,'Softcover','4/4 c','A5',109),(4699,6.78,23,1502,'Softcover','4/4 c','A5',110),(4700,7.11,23,1502,'Softcover','4/4 c','A5',111),(4701,7.35,23,1502,'Softcover','4/4 c','A5',112),(4702,7.60,23,1502,'Softcover','4/4 c','A5',113),(4703,7.93,23,1502,'Softcover','4/4 c','A5',114),(4704,8.10,23,1502,'Softcover','4/4 c','A5',115),(4705,8.42,23,1502,'Softcover','4/4 c','A5',116),(4706,8.59,23,1502,'Softcover','4/4 c','A5',117),(4707,9.02,23,1502,'Softcover','4/4 c','A5',118),(4708,9.36,23,1502,'Softcover','4/4 c','A5',119),(4709,0.06,23,1502,'Softcover','4/4 c','A6',78),(4710,0.13,23,1502,'Softcover','4/4 c','A6',79),(4711,0.07,23,1502,'Softcover','4/4 c','A6',80),(4712,0.08,23,1502,'Softcover','4/4 c','A6',81),(4713,0.11,23,1502,'Softcover','4/4 c','A6',82),(4714,0.14,23,1502,'Softcover','4/4 c','A6',83),(4715,0.17,23,1502,'Softcover','4/4 c','A6',84),(4716,0.26,23,1502,'Softcover','4/4 c','A6',85),(4717,0.31,23,1502,'Softcover','4/4 c','A6',86),(4718,0.38,23,1502,'Softcover','4/4 c','A6',87),(4719,0.51,23,1502,'Softcover','4/4 c','A6',88),(4720,0.66,23,1502,'Softcover','4/4 c','A6',89),(4721,0.78,23,1502,'Softcover','4/4 c','A6',90),(4722,0.94,23,1502,'Softcover','4/4 c','A6',91),(4723,1.04,23,1502,'Softcover','4/4 c','A6',92),(4724,1.20,23,1502,'Softcover','4/4 c','A6',93),(4725,1.36,23,1502,'Softcover','4/4 c','A6',94),(4726,1.49,23,1502,'Softcover','4/4 c','A6',95),(4727,1.62,23,1502,'Softcover','4/4 c','A6',96),(4728,1.76,23,1502,'Softcover','4/4 c','A6',97),(4729,1.92,23,1502,'Softcover','4/4 c','A6',98),(4730,2.08,23,1502,'Softcover','4/4 c','A6',99),(4731,2.20,23,1502,'Softcover','4/4 c','A6',100),(4732,2.31,23,1502,'Softcover','4/4 c','A6',101),(4733,2.46,23,1502,'Softcover','4/4 c','A6',102),(4734,2.59,23,1502,'Softcover','4/4 c','A6',103),(4735,2.81,23,1502,'Softcover','4/4 c','A6',104),(4736,2.90,23,1502,'Softcover','4/4 c','A6',105),(4737,3.08,23,1502,'Softcover','4/4 c','A6',106),(4738,3.22,23,1502,'Softcover','4/4 c','A6',107),(4739,3.35,23,1502,'Softcover','4/4 c','A6',108),(4740,3.49,23,1502,'Softcover','4/4 c','A6',109),(4741,3.66,23,1502,'Softcover','4/4 c','A6',110),(4742,3.84,23,1502,'Softcover','4/4 c','A6',111),(4743,3.97,23,1502,'Softcover','4/4 c','A6',112),(4744,4.10,23,1502,'Softcover','4/4 c','A6',113),(4745,4.28,23,1502,'Softcover','4/4 c','A6',114),(4746,4.37,23,1502,'Softcover','4/4 c','A6',115),(4747,4.55,23,1502,'Softcover','4/4 c','A6',116),(4748,4.64,23,1502,'Softcover','4/4 c','A6',117),(4749,4.87,23,1502,'Softcover','4/4 c','A6',118),(4750,5.05,23,1502,'Softcover','4/4 c','A6',119),(4751,0.00,23,1502,'Softcover','4/4 c','E5PLUS',78),(4752,0.00,23,1502,'Softcover','4/4 c','E5PLUS',79),(4753,0.13,23,1502,'Softcover','4/4 c','E5PLUS',80),(4754,0.17,23,1502,'Softcover','4/4 c','E5PLUS',81),(4755,0.21,23,1502,'Softcover','4/4 c','E5PLUS',82),(4756,0.26,23,1502,'Softcover','4/4 c','E5PLUS',83),(4757,0.31,23,1502,'Softcover','4/4 c','E5PLUS',84),(4758,0.48,23,1502,'Softcover','4/4 c','E5PLUS',85),(4759,0.59,23,1502,'Softcover','4/4 c','E5PLUS',86),(4760,0.72,23,1502,'Softcover','4/4 c','E5PLUS',87),(4761,0.96,23,1502,'Softcover','4/4 c','E5PLUS',88),(4762,1.23,23,1502,'Softcover','4/4 c','E5PLUS',89),(4763,1.47,23,1502,'Softcover','4/4 c','E5PLUS',90),(4764,1.77,23,1502,'Softcover','4/4 c','E5PLUS',91),(4765,1.95,23,1502,'Softcover','4/4 c','E5PLUS',92),(4766,2.26,23,1502,'Softcover','4/4 c','E5PLUS',93),(4767,2.55,23,1502,'Softcover','4/4 c','E5PLUS',94),(4768,2.80,23,1502,'Softcover','4/4 c','E5PLUS',95),(4769,3.04,23,1502,'Softcover','4/4 c','E5PLUS',96),(4770,3.31,23,1502,'Softcover','4/4 c','E5PLUS',97),(4771,3.60,23,1502,'Softcover','4/4 c','E5PLUS',98),(4772,3.91,23,1502,'Softcover','4/4 c','E5PLUS',99),(4773,4.13,23,1502,'Softcover','4/4 c','E5PLUS',100),(4774,4.34,23,1502,'Softcover','4/4 c','E5PLUS',101),(4775,4.63,23,1502,'Softcover','4/4 c','E5PLUS',102),(4776,4.87,23,1502,'Softcover','4/4 c','E5PLUS',103),(4777,5.28,23,1502,'Softcover','4/4 c','E5PLUS',104),(4778,5.46,23,1502,'Softcover','4/4 c','E5PLUS',105),(4779,5.80,23,1502,'Softcover','4/4 c','E5PLUS',106),(4780,6.06,23,1502,'Softcover','4/4 c','E5PLUS',107),(4781,6.30,23,1502,'Softcover','4/4 c','E5PLUS',108),(4782,6.56,23,1502,'Softcover','4/4 c','E5PLUS',109),(4783,6.89,23,1502,'Softcover','4/4 c','E5PLUS',110),(4784,7.22,23,1502,'Softcover','4/4 c','E5PLUS',111),(4785,7.47,23,1502,'Softcover','4/4 c','E5PLUS',112),(4786,7.72,23,1502,'Softcover','4/4 c','E5PLUS',113),(4787,8.05,23,1502,'Softcover','4/4 c','E5PLUS',114),(4788,8.22,23,1502,'Softcover','4/4 c','E5PLUS',115),(4789,8.56,23,1502,'Softcover','4/4 c','E5PLUS',116),(4790,8.72,23,1502,'Softcover','4/4 c','E5PLUS',117),(4791,9.16,23,1502,'Softcover','4/4 c','E5PLUS',118),(4792,9.50,23,1502,'Softcover','4/4 c','E5PLUS',119),(4793,0.00,23,1502,'Softcover','4/4 c','F1926',78),(4794,0.00,23,1502,'Softcover','4/4 c','F1926',79),(4795,0.23,23,1502,'Softcover','4/4 c','F1926',80),(4796,0.28,23,1502,'Softcover','4/4 c','F1926',81),(4797,0.35,23,1502,'Softcover','4/4 c','F1926',82),(4798,0.42,23,1502,'Softcover','4/4 c','F1926',83),(4799,0.50,23,1502,'Softcover','4/4 c','F1926',84),(4800,0.77,23,1502,'Softcover','4/4 c','F1926',85),(4801,0.95,23,1502,'Softcover','4/4 c','F1926',86),(4802,1.15,23,1502,'Softcover','4/4 c','F1926',87),(4803,1.55,23,1502,'Softcover','4/4 c','F1926',88),(4804,1.98,23,1502,'Softcover','4/4 c','F1926',89),(4805,2.36,23,1502,'Softcover','4/4 c','F1926',90),(4806,2.85,23,1502,'Softcover','4/4 c','F1926',91),(4807,3.13,23,1502,'Softcover','4/4 c','F1926',92),(4808,3.63,23,1502,'Softcover','4/4 c','F1926',93),(4809,4.10,23,1502,'Softcover','4/4 c','F1926',94),(4810,4.50,23,1502,'Softcover','4/4 c','F1926',95),(4811,4.88,23,1502,'Softcover','4/4 c','F1926',96),(4812,5.32,23,1502,'Softcover','4/4 c','F1926',97),(4813,5.79,23,1502,'Softcover','4/4 c','F1926',98),(4814,6.28,23,1502,'Softcover','4/4 c','F1926',99),(4815,6.65,23,1502,'Softcover','4/4 c','F1926',100),(4816,6.98,23,1502,'Softcover','4/4 c','F1926',101),(4817,7.44,23,1502,'Softcover','4/4 c','F1926',102),(4818,7.83,23,1502,'Softcover','4/4 c','F1926',103),(4819,8.48,23,1502,'Softcover','4/4 c','F1926',104),(4820,8.78,23,1502,'Softcover','4/4 c','F1926',105),(4821,9.33,23,1502,'Softcover','4/4 c','F1926',106),(4822,9.74,23,1502,'Softcover','4/4 c','F1926',107),(4823,10.13,23,1502,'Softcover','4/4 c','F1926',108),(4824,10.54,23,1502,'Softcover','4/4 c','F1926',109),(4825,11.07,23,1502,'Softcover','4/4 c','F1926',110),(4826,11.61,23,1502,'Softcover','4/4 c','F1926',111),(4827,12.01,23,1502,'Softcover','4/4 c','F1926',112),(4828,12.41,23,1502,'Softcover','4/4 c','F1926',113),(4829,12.94,23,1502,'Softcover','4/4 c','F1926',114),(4830,13.22,23,1502,'Softcover','4/4 c','F1926',115),(4831,13.76,23,1502,'Softcover','4/4 c','F1926',116),(4832,14.02,23,1502,'Softcover','4/4 c','F1926',117),(4833,0.00,23,1502,'Softcover','4/4 c','F1926',118),(4834,0.00,23,1502,'Softcover','4/4 c','F1926',119),(4835,0.00,24,1502,'Softcover','4/4 c','A4',78),(4836,0.00,24,1502,'Softcover','4/4 c','A4',79),(4837,0.22,24,1502,'Softcover','4/4 c','A4',80),(4838,0.28,24,1502,'Softcover','4/4 c','A4',81),(4839,0.34,24,1502,'Softcover','4/4 c','A4',82),(4840,0.40,24,1502,'Softcover','4/4 c','A4',83),(4841,0.47,24,1502,'Softcover','4/4 c','A4',84),(4842,0.73,24,1502,'Softcover','4/4 c','A4',85),(4843,0.89,24,1502,'Softcover','4/4 c','A4',86),(4844,1.08,24,1502,'Softcover','4/4 c','A4',87),(4845,1.46,24,1502,'Softcover','4/4 c','A4',88),(4846,1.87,24,1502,'Softcover','4/4 c','A4',89),(4847,2.22,24,1502,'Softcover','4/4 c','A4',90),(4848,2.68,24,1502,'Softcover','4/4 c','A4',91),(4849,2.96,24,1502,'Softcover','4/4 c','A4',92),(4850,3.43,24,1502,'Softcover','4/4 c','A4',93),(4851,3.88,24,1502,'Softcover','4/4 c','A4',94),(4852,4.24,24,1502,'Softcover','4/4 c','A4',95),(4853,4.62,24,1502,'Softcover','4/4 c','A4',96),(4854,5.02,24,1502,'Softcover','4/4 c','A4',97),(4855,5.47,24,1502,'Softcover','4/4 c','A4',98),(4856,5.94,24,1502,'Softcover','4/4 c','A4',99),(4857,6.29,24,1502,'Softcover','4/4 c','A4',100),(4858,6.59,24,1502,'Softcover','4/4 c','A4',101),(4859,7.04,24,1502,'Softcover','4/4 c','A4',102),(4860,7.40,24,1502,'Softcover','4/4 c','A4',103),(4861,8.02,24,1502,'Softcover','4/4 c','A4',104),(4862,8.28,24,1502,'Softcover','4/4 c','A4',105),(4863,8.81,24,1502,'Softcover','4/4 c','A4',106),(4864,9.20,24,1502,'Softcover','4/4 c','A4',107),(4865,9.57,24,1502,'Softcover','4/4 c','A4',108),(4866,9.96,24,1502,'Softcover','4/4 c','A4',109),(4867,10.46,24,1502,'Softcover','4/4 c','A4',110),(4868,10.97,24,1502,'Softcover','4/4 c','A4',111),(4869,11.35,24,1502,'Softcover','4/4 c','A4',112),(4870,11.77,24,1502,'Softcover','4/4 c','A4',113),(4871,12.23,24,1502,'Softcover','4/4 c','A4',114),(4872,12.49,24,1502,'Softcover','4/4 c','A4',115),(4873,12.99,24,1502,'Softcover','4/4 c','A4',116),(4874,13.25,24,1502,'Softcover','4/4 c','A4',117),(4875,13.91,24,1502,'Softcover','4/4 c','A4',118),(4876,14.41,24,1502,'Softcover','4/4 c','A4',119),(4877,0.09,24,1502,'Softcover','4/4 c','A5',78),(4878,0.18,24,1502,'Softcover','4/4 c','A5',79),(4879,0.12,24,1502,'Softcover','4/4 c','A5',80),(4880,0.16,24,1502,'Softcover','4/4 c','A5',81),(4881,0.20,24,1502,'Softcover','4/4 c','A5',82),(4882,0.25,24,1502,'Softcover','4/4 c','A5',83),(4883,0.30,24,1502,'Softcover','4/4 c','A5',84),(4884,0.47,24,1502,'Softcover','4/4 c','A5',85),(4885,0.57,24,1502,'Softcover','4/4 c','A5',86),(4886,0.69,24,1502,'Softcover','4/4 c','A5',87),(4887,0.93,24,1502,'Softcover','4/4 c','A5',88),(4888,1.20,24,1502,'Softcover','4/4 c','A5',89),(4889,1.42,24,1502,'Softcover','4/4 c','A5',90),(4890,1.72,24,1502,'Softcover','4/4 c','A5',91),(4891,1.90,24,1502,'Softcover','4/4 c','A5',92),(4892,2.20,24,1502,'Softcover','4/4 c','A5',93),(4893,2.48,24,1502,'Softcover','4/4 c','A5',94),(4894,2.71,24,1502,'Softcover','4/4 c','A5',95),(4895,2.96,24,1502,'Softcover','4/4 c','A5',96),(4896,3.22,24,1502,'Softcover','4/4 c','A5',97),(4897,3.50,24,1502,'Softcover','4/4 c','A5',98),(4898,3.80,24,1502,'Softcover','4/4 c','A5',99),(4899,4.02,24,1502,'Softcover','4/4 c','A5',100),(4900,4.22,24,1502,'Softcover','4/4 c','A5',101),(4901,4.50,24,1502,'Softcover','4/4 c','A5',102),(4902,4.74,24,1502,'Softcover','4/4 c','A5',103),(4903,5.13,24,1502,'Softcover','4/4 c','A5',104),(4904,5.30,24,1502,'Softcover','4/4 c','A5',105),(4905,5.64,24,1502,'Softcover','4/4 c','A5',106),(4906,5.89,24,1502,'Softcover','4/4 c','A5',107),(4907,6.13,24,1502,'Softcover','4/4 c','A5',108),(4908,6.37,24,1502,'Softcover','4/4 c','A5',109),(4909,6.69,24,1502,'Softcover','4/4 c','A5',110),(4910,7.02,24,1502,'Softcover','4/4 c','A5',111),(4911,7.27,24,1502,'Softcover','4/4 c','A5',112),(4912,7.53,24,1502,'Softcover','4/4 c','A5',113),(4913,7.82,24,1502,'Softcover','4/4 c','A5',114),(4914,8.00,24,1502,'Softcover','4/4 c','A5',115),(4915,8.32,24,1502,'Softcover','4/4 c','A5',116),(4916,8.48,24,1502,'Softcover','4/4 c','A5',117),(4917,8.90,24,1502,'Softcover','4/4 c','A5',118),(4918,9.22,24,1502,'Softcover','4/4 c','A5',119),(4919,0.06,24,1502,'Softcover','4/4 c','A6',78),(4920,0.13,24,1502,'Softcover','4/4 c','A6',79),(4921,0.06,24,1502,'Softcover','4/4 c','A6',80),(4922,0.08,24,1502,'Softcover','4/4 c','A6',81),(4923,0.11,24,1502,'Softcover','4/4 c','A6',82),(4924,0.13,24,1502,'Softcover','4/4 c','A6',83),(4925,0.16,24,1502,'Softcover','4/4 c','A6',84),(4926,0.25,24,1502,'Softcover','4/4 c','A6',85),(4927,0.31,24,1502,'Softcover','4/4 c','A6',86),(4928,0.37,24,1502,'Softcover','4/4 c','A6',87),(4929,0.50,24,1502,'Softcover','4/4 c','A6',88),(4930,0.65,24,1502,'Softcover','4/4 c','A6',89),(4931,0.77,24,1502,'Softcover','4/4 c','A6',90),(4932,0.93,24,1502,'Softcover','4/4 c','A6',91),(4933,1.02,24,1502,'Softcover','4/4 c','A6',92),(4934,1.19,24,1502,'Softcover','4/4 c','A6',93),(4935,1.34,24,1502,'Softcover','4/4 c','A6',94),(4936,1.47,24,1502,'Softcover','4/4 c','A6',95),(4937,1.60,24,1502,'Softcover','4/4 c','A6',96),(4938,1.74,24,1502,'Softcover','4/4 c','A6',97),(4939,1.89,24,1502,'Softcover','4/4 c','A6',98),(4940,2.05,24,1502,'Softcover','4/4 c','A6',99),(4941,2.17,24,1502,'Softcover','4/4 c','A6',100),(4942,2.28,24,1502,'Softcover','4/4 c','A6',101),(4943,2.43,24,1502,'Softcover','4/4 c','A6',102),(4944,2.56,24,1502,'Softcover','4/4 c','A6',103),(4945,2.77,24,1502,'Softcover','4/4 c','A6',104),(4946,2.86,24,1502,'Softcover','4/4 c','A6',105),(4947,3.04,24,1502,'Softcover','4/4 c','A6',106),(4948,3.18,24,1502,'Softcover','4/4 c','A6',107),(4949,3.31,24,1502,'Softcover','4/4 c','A6',108),(4950,3.44,24,1502,'Softcover','4/4 c','A6',109),(4951,3.61,24,1502,'Softcover','4/4 c','A6',110),(4952,3.79,24,1502,'Softcover','4/4 c','A6',111),(4953,3.92,24,1502,'Softcover','4/4 c','A6',112),(4954,4.07,24,1502,'Softcover','4/4 c','A6',113),(4955,4.23,24,1502,'Softcover','4/4 c','A6',114),(4956,4.32,24,1502,'Softcover','4/4 c','A6',115),(4957,4.49,24,1502,'Softcover','4/4 c','A6',116),(4958,4.58,24,1502,'Softcover','4/4 c','A6',117),(4959,4.81,24,1502,'Softcover','4/4 c','A6',118),(4960,4.98,24,1502,'Softcover','4/4 c','A6',119),(4961,0.00,24,1502,'Softcover','4/4 c','E5PLUS',78),(4962,0.00,24,1502,'Softcover','4/4 c','E5PLUS',79),(4963,0.13,24,1502,'Softcover','4/4 c','E5PLUS',80),(4964,0.16,24,1502,'Softcover','4/4 c','E5PLUS',81),(4965,0.21,24,1502,'Softcover','4/4 c','E5PLUS',82),(4966,0.25,24,1502,'Softcover','4/4 c','E5PLUS',83),(4967,0.30,24,1502,'Softcover','4/4 c','E5PLUS',84),(4968,0.47,24,1502,'Softcover','4/4 c','E5PLUS',85),(4969,0.58,24,1502,'Softcover','4/4 c','E5PLUS',86),(4970,0.70,24,1502,'Softcover','4/4 c','E5PLUS',87),(4971,0.95,24,1502,'Softcover','4/4 c','E5PLUS',88),(4972,1.22,24,1502,'Softcover','4/4 c','E5PLUS',89),(4973,1.45,24,1502,'Softcover','4/4 c','E5PLUS',90),(4974,1.74,24,1502,'Softcover','4/4 c','E5PLUS',91),(4975,1.93,24,1502,'Softcover','4/4 c','E5PLUS',92),(4976,2.23,24,1502,'Softcover','4/4 c','E5PLUS',93),(4977,2.52,24,1502,'Softcover','4/4 c','E5PLUS',94),(4978,2.76,24,1502,'Softcover','4/4 c','E5PLUS',95),(4979,3.00,24,1502,'Softcover','4/4 c','E5PLUS',96),(4980,3.27,24,1502,'Softcover','4/4 c','E5PLUS',97),(4981,3.56,24,1502,'Softcover','4/4 c','E5PLUS',98),(4982,3.86,24,1502,'Softcover','4/4 c','E5PLUS',99),(4983,4.09,24,1502,'Softcover','4/4 c','E5PLUS',100),(4984,4.29,24,1502,'Softcover','4/4 c','E5PLUS',101),(4985,4.57,24,1502,'Softcover','4/4 c','E5PLUS',102),(4986,4.81,24,1502,'Softcover','4/4 c','E5PLUS',103),(4987,5.21,24,1502,'Softcover','4/4 c','E5PLUS',104),(4988,5.38,24,1502,'Softcover','4/4 c','E5PLUS',105),(4989,5.72,24,1502,'Softcover','4/4 c','E5PLUS',106),(4990,5.98,24,1502,'Softcover','4/4 c','E5PLUS',107),(4991,6.22,24,1502,'Softcover','4/4 c','E5PLUS',108),(4992,6.47,24,1502,'Softcover','4/4 c','E5PLUS',109),(4993,6.80,24,1502,'Softcover','4/4 c','E5PLUS',110),(4994,7.13,24,1502,'Softcover','4/4 c','E5PLUS',111),(4995,7.38,24,1502,'Softcover','4/4 c','E5PLUS',112),(4996,7.65,24,1502,'Softcover','4/4 c','E5PLUS',113),(4997,7.95,24,1502,'Softcover','4/4 c','E5PLUS',114),(4998,8.12,24,1502,'Softcover','4/4 c','E5PLUS',115),(4999,8.45,24,1502,'Softcover','4/4 c','E5PLUS',116),(5000,8.61,24,1502,'Softcover','4/4 c','E5PLUS',117),(5001,9.04,24,1502,'Softcover','4/4 c','E5PLUS',118),(5002,9.37,24,1502,'Softcover','4/4 c','E5PLUS',119),(5003,0.00,24,1502,'Softcover','4/4 c','F1926',78),(5004,0.00,24,1502,'Softcover','4/4 c','F1926',79),(5005,0.22,24,1502,'Softcover','4/4 c','F1926',80),(5006,0.27,24,1502,'Softcover','4/4 c','F1926',81),(5007,0.34,24,1502,'Softcover','4/4 c','F1926',82),(5008,0.42,24,1502,'Softcover','4/4 c','F1926',83),(5009,0.49,24,1502,'Softcover','4/4 c','F1926',84),(5010,0.76,24,1502,'Softcover','4/4 c','F1926',85),(5011,0.93,24,1502,'Softcover','4/4 c','F1926',86),(5012,1.13,24,1502,'Softcover','4/4 c','F1926',87),(5013,1.53,24,1502,'Softcover','4/4 c','F1926',88),(5014,1.96,24,1502,'Softcover','4/4 c','F1926',89),(5015,2.32,24,1502,'Softcover','4/4 c','F1926',90),(5016,2.80,24,1502,'Softcover','4/4 c','F1926',91),(5017,3.10,24,1502,'Softcover','4/4 c','F1926',92),(5018,3.59,24,1502,'Softcover','4/4 c','F1926',93),(5019,4.05,24,1502,'Softcover','4/4 c','F1926',94),(5020,4.43,24,1502,'Softcover','4/4 c','F1926',95),(5021,4.83,24,1502,'Softcover','4/4 c','F1926',96),(5022,5.25,24,1502,'Softcover','4/4 c','F1926',97),(5023,5.72,24,1502,'Softcover','4/4 c','F1926',98),(5024,6.20,24,1502,'Softcover','4/4 c','F1926',99),(5025,6.57,24,1502,'Softcover','4/4 c','F1926',100),(5026,6.89,24,1502,'Softcover','4/4 c','F1926',101),(5027,7.35,24,1502,'Softcover','4/4 c','F1926',102),(5028,7.74,24,1502,'Softcover','4/4 c','F1926',103),(5029,8.38,24,1502,'Softcover','4/4 c','F1926',104),(5030,8.66,24,1502,'Softcover','4/4 c','F1926',105),(5031,9.20,24,1502,'Softcover','4/4 c','F1926',106),(5032,9.62,24,1502,'Softcover','4/4 c','F1926',107),(5033,10.01,24,1502,'Softcover','4/4 c','F1926',108),(5034,10.41,24,1502,'Softcover','4/4 c','F1926',109),(5035,10.93,24,1502,'Softcover','4/4 c','F1926',110),(5036,11.46,24,1502,'Softcover','4/4 c','F1926',111),(5037,11.86,24,1502,'Softcover','4/4 c','F1926',112),(5038,12.30,24,1502,'Softcover','4/4 c','F1926',113),(5039,12.78,24,1502,'Softcover','4/4 c','F1926',114),(5040,13.05,24,1502,'Softcover','4/4 c','F1926',115),(5041,13.58,24,1502,'Softcover','4/4 c','F1926',116),(5042,13.84,24,1502,'Softcover','4/4 c','F1926',117),(5043,0.00,24,1502,'Softcover','4/4 c','F1926',118),(5044,0.00,24,1502,'Softcover','4/4 c','F1926',119),(5045,0.00,25,1502,'Softcover','4/4 c','A4',78),(5046,0.00,25,1502,'Softcover','4/4 c','A4',79),(5047,0.22,25,1502,'Softcover','4/4 c','A4',80),(5048,0.27,25,1502,'Softcover','4/4 c','A4',81),(5049,0.33,25,1502,'Softcover','4/4 c','A4',82),(5050,0.39,25,1502,'Softcover','4/4 c','A4',83),(5051,0.46,25,1502,'Softcover','4/4 c','A4',84),(5052,0.72,25,1502,'Softcover','4/4 c','A4',85),(5053,0.88,25,1502,'Softcover','4/4 c','A4',86),(5054,1.07,25,1502,'Softcover','4/4 c','A4',87),(5055,1.44,25,1502,'Softcover','4/4 c','A4',88),(5056,1.85,25,1502,'Softcover','4/4 c','A4',89),(5057,2.19,25,1502,'Softcover','4/4 c','A4',90),(5058,2.65,25,1502,'Softcover','4/4 c','A4',91),(5059,2.92,25,1502,'Softcover','4/4 c','A4',92),(5060,3.39,25,1502,'Softcover','4/4 c','A4',93),(5061,3.83,25,1502,'Softcover','4/4 c','A4',94),(5062,4.20,25,1502,'Softcover','4/4 c','A4',95),(5063,4.57,25,1502,'Softcover','4/4 c','A4',96),(5064,4.96,25,1502,'Softcover','4/4 c','A4',97),(5065,5.42,25,1502,'Softcover','4/4 c','A4',98),(5066,5.86,25,1502,'Softcover','4/4 c','A4',99),(5067,6.21,25,1502,'Softcover','4/4 c','A4',100),(5068,6.52,25,1502,'Softcover','4/4 c','A4',101),(5069,6.95,25,1502,'Softcover','4/4 c','A4',102),(5070,7.32,25,1502,'Softcover','4/4 c','A4',103),(5071,7.93,25,1502,'Softcover','4/4 c','A4',104),(5072,8.19,25,1502,'Softcover','4/4 c','A4',105),(5073,8.72,25,1502,'Softcover','4/4 c','A4',106),(5074,9.10,25,1502,'Softcover','4/4 c','A4',107),(5075,9.47,25,1502,'Softcover','4/4 c','A4',108),(5076,9.84,25,1502,'Softcover','4/4 c','A4',109),(5077,10.33,25,1502,'Softcover','4/4 c','A4',110),(5078,10.84,25,1502,'Softcover','4/4 c','A4',111),(5079,11.23,25,1502,'Softcover','4/4 c','A4',112),(5080,11.71,25,1502,'Softcover','4/4 c','A4',113),(5081,12.10,25,1502,'Softcover','4/4 c','A4',114),(5082,12.35,25,1502,'Softcover','4/4 c','A4',115),(5083,12.85,25,1502,'Softcover','4/4 c','A4',116),(5084,13.10,25,1502,'Softcover','4/4 c','A4',117),(5085,13.75,25,1502,'Softcover','4/4 c','A4',118),(5086,14.31,25,1502,'Softcover','4/4 c','A4',119),(5087,0.09,25,1502,'Softcover','4/4 c','A5',78),(5088,0.18,25,1502,'Softcover','4/4 c','A5',79),(5089,0.12,25,1502,'Softcover','4/4 c','A5',80),(5090,0.15,25,1502,'Softcover','4/4 c','A5',81),(5091,0.19,25,1502,'Softcover','4/4 c','A5',82),(5092,0.24,25,1502,'Softcover','4/4 c','A5',83),(5093,0.29,25,1502,'Softcover','4/4 c','A5',84),(5094,0.46,25,1502,'Softcover','4/4 c','A5',85),(5095,0.57,25,1502,'Softcover','4/4 c','A5',86),(5096,0.68,25,1502,'Softcover','4/4 c','A5',87),(5097,0.92,25,1502,'Softcover','4/4 c','A5',88),(5098,1.19,25,1502,'Softcover','4/4 c','A5',89),(5099,1.40,25,1502,'Softcover','4/4 c','A5',90),(5100,1.70,25,1502,'Softcover','4/4 c','A5',91),(5101,1.87,25,1502,'Softcover','4/4 c','A5',92),(5102,2.17,25,1502,'Softcover','4/4 c','A5',93),(5103,2.45,25,1502,'Softcover','4/4 c','A5',94),(5104,2.69,25,1502,'Softcover','4/4 c','A5',95),(5105,2.92,25,1502,'Softcover','4/4 c','A5',96),(5106,3.17,25,1502,'Softcover','4/4 c','A5',97),(5107,3.47,25,1502,'Softcover','4/4 c','A5',98),(5108,3.75,25,1502,'Softcover','4/4 c','A5',99),(5109,3.98,25,1502,'Softcover','4/4 c','A5',100),(5110,4.17,25,1502,'Softcover','4/4 c','A5',101),(5111,4.45,25,1502,'Softcover','4/4 c','A5',102),(5112,4.68,25,1502,'Softcover','4/4 c','A5',103),(5113,5.07,25,1502,'Softcover','4/4 c','A5',104),(5114,5.24,25,1502,'Softcover','4/4 c','A5',105),(5115,5.58,25,1502,'Softcover','4/4 c','A5',106),(5116,5.82,25,1502,'Softcover','4/4 c','A5',107),(5117,6.06,25,1502,'Softcover','4/4 c','A5',108),(5118,6.30,25,1502,'Softcover','4/4 c','A5',109),(5119,6.61,25,1502,'Softcover','4/4 c','A5',110),(5120,6.94,25,1502,'Softcover','4/4 c','A5',111),(5121,7.18,25,1502,'Softcover','4/4 c','A5',112),(5122,7.50,25,1502,'Softcover','4/4 c','A5',113),(5123,7.74,25,1502,'Softcover','4/4 c','A5',114),(5124,7.91,25,1502,'Softcover','4/4 c','A5',115),(5125,8.23,25,1502,'Softcover','4/4 c','A5',116),(5126,8.38,25,1502,'Softcover','4/4 c','A5',117),(5127,8.80,25,1502,'Softcover','4/4 c','A5',118),(5128,9.16,25,1502,'Softcover','4/4 c','A5',119),(5129,0.06,25,1502,'Softcover','4/4 c','A6',78),(5130,0.13,25,1502,'Softcover','4/4 c','A6',79),(5131,0.06,25,1502,'Softcover','4/4 c','A6',80),(5132,0.08,25,1502,'Softcover','4/4 c','A6',81),(5133,0.10,25,1502,'Softcover','4/4 c','A6',82),(5134,0.13,25,1502,'Softcover','4/4 c','A6',83),(5135,0.16,25,1502,'Softcover','4/4 c','A6',84),(5136,0.25,25,1502,'Softcover','4/4 c','A6',85),(5137,0.31,25,1502,'Softcover','4/4 c','A6',86),(5138,0.37,25,1502,'Softcover','4/4 c','A6',87),(5139,0.50,25,1502,'Softcover','4/4 c','A6',88),(5140,0.64,25,1502,'Softcover','4/4 c','A6',89),(5141,0.76,25,1502,'Softcover','4/4 c','A6',90),(5142,0.92,25,1502,'Softcover','4/4 c','A6',91),(5143,1.01,25,1502,'Softcover','4/4 c','A6',92),(5144,1.17,25,1502,'Softcover','4/4 c','A6',93),(5145,1.32,25,1502,'Softcover','4/4 c','A6',94),(5146,1.45,25,1502,'Softcover','4/4 c','A6',95),(5147,1.58,25,1502,'Softcover','4/4 c','A6',96),(5148,1.71,25,1502,'Softcover','4/4 c','A6',97),(5149,1.87,25,1502,'Softcover','4/4 c','A6',98),(5150,2.03,25,1502,'Softcover','4/4 c','A6',99),(5151,2.15,25,1502,'Softcover','4/4 c','A6',100),(5152,2.25,25,1502,'Softcover','4/4 c','A6',101),(5153,2.40,25,1502,'Softcover','4/4 c','A6',102),(5154,2.53,25,1502,'Softcover','4/4 c','A6',103),(5155,2.74,25,1502,'Softcover','4/4 c','A6',104),(5156,2.83,25,1502,'Softcover','4/4 c','A6',105),(5157,3.01,25,1502,'Softcover','4/4 c','A6',106),(5158,3.14,25,1502,'Softcover','4/4 c','A6',107),(5159,3.27,25,1502,'Softcover','4/4 c','A6',108),(5160,3.40,25,1502,'Softcover','4/4 c','A6',109),(5161,3.57,25,1502,'Softcover','4/4 c','A6',110),(5162,3.75,25,1502,'Softcover','4/4 c','A6',111),(5163,3.88,25,1502,'Softcover','4/4 c','A6',112),(5164,4.05,25,1502,'Softcover','4/4 c','A6',113),(5165,4.18,25,1502,'Softcover','4/4 c','A6',114),(5166,4.27,25,1502,'Softcover','4/4 c','A6',115),(5167,4.44,25,1502,'Softcover','4/4 c','A6',116),(5168,4.53,25,1502,'Softcover','4/4 c','A6',117),(5169,4.75,25,1502,'Softcover','4/4 c','A6',118),(5170,4.94,25,1502,'Softcover','4/4 c','A6',119),(5171,0.00,25,1502,'Softcover','4/4 c','E5PLUS',78),(5172,0.00,25,1502,'Softcover','4/4 c','E5PLUS',79),(5173,0.13,25,1502,'Softcover','4/4 c','E5PLUS',80),(5174,0.16,25,1502,'Softcover','4/4 c','E5PLUS',81),(5175,0.20,25,1502,'Softcover','4/4 c','E5PLUS',82),(5176,0.25,25,1502,'Softcover','4/4 c','E5PLUS',83),(5177,0.30,25,1502,'Softcover','4/4 c','E5PLUS',84),(5178,0.47,25,1502,'Softcover','4/4 c','E5PLUS',85),(5179,0.57,25,1502,'Softcover','4/4 c','E5PLUS',86),(5180,0.69,25,1502,'Softcover','4/4 c','E5PLUS',87),(5181,0.94,25,1502,'Softcover','4/4 c','E5PLUS',88),(5182,1.20,25,1502,'Softcover','4/4 c','E5PLUS',89),(5183,1.42,25,1502,'Softcover','4/4 c','E5PLUS',90),(5184,1.72,25,1502,'Softcover','4/4 c','E5PLUS',91),(5185,1.90,25,1502,'Softcover','4/4 c','E5PLUS',92),(5186,2.20,25,1502,'Softcover','4/4 c','E5PLUS',93),(5187,2.49,25,1502,'Softcover','4/4 c','E5PLUS',94),(5188,2.73,25,1502,'Softcover','4/4 c','E5PLUS',95),(5189,2.97,25,1502,'Softcover','4/4 c','E5PLUS',96),(5190,3.22,25,1502,'Softcover','4/4 c','E5PLUS',97),(5191,3.52,25,1502,'Softcover','4/4 c','E5PLUS',98),(5192,3.81,25,1502,'Softcover','4/4 c','E5PLUS',99),(5193,4.04,25,1502,'Softcover','4/4 c','E5PLUS',100),(5194,4.24,25,1502,'Softcover','4/4 c','E5PLUS',101),(5195,4.52,25,1502,'Softcover','4/4 c','E5PLUS',102),(5196,4.76,25,1502,'Softcover','4/4 c','E5PLUS',103),(5197,5.15,25,1502,'Softcover','4/4 c','E5PLUS',104),(5198,5.32,25,1502,'Softcover','4/4 c','E5PLUS',105),(5199,5.67,25,1502,'Softcover','4/4 c','E5PLUS',106),(5200,5.91,25,1502,'Softcover','4/4 c','E5PLUS',107),(5201,6.15,25,1502,'Softcover','4/4 c','E5PLUS',108),(5202,6.40,25,1502,'Softcover','4/4 c','E5PLUS',109),(5203,6.71,25,1502,'Softcover','4/4 c','E5PLUS',110),(5204,7.05,25,1502,'Softcover','4/4 c','E5PLUS',111),(5205,7.30,25,1502,'Softcover','4/4 c','E5PLUS',112),(5206,7.61,25,1502,'Softcover','4/4 c','E5PLUS',113),(5207,7.86,25,1502,'Softcover','4/4 c','E5PLUS',114),(5208,8.03,25,1502,'Softcover','4/4 c','E5PLUS',115),(5209,8.36,25,1502,'Softcover','4/4 c','E5PLUS',116),(5210,8.51,25,1502,'Softcover','4/4 c','E5PLUS',117),(5211,8.94,25,1502,'Softcover','4/4 c','E5PLUS',118),(5212,9.30,25,1502,'Softcover','4/4 c','E5PLUS',119),(5213,0.00,25,1502,'Softcover','4/4 c','F1926',78),(5214,0.00,25,1502,'Softcover','4/4 c','F1926',79),(5215,0.22,25,1502,'Softcover','4/4 c','F1926',80),(5216,0.27,25,1502,'Softcover','4/4 c','F1926',81),(5217,0.33,25,1502,'Softcover','4/4 c','F1926',82),(5218,0.41,25,1502,'Softcover','4/4 c','F1926',83),(5219,0.48,25,1502,'Softcover','4/4 c','F1926',84),(5220,0.75,25,1502,'Softcover','4/4 c','F1926',85),(5221,0.92,25,1502,'Softcover','4/4 c','F1926',86),(5222,1.12,25,1502,'Softcover','4/4 c','F1926',87),(5223,1.50,25,1502,'Softcover','4/4 c','F1926',88),(5224,1.94,25,1502,'Softcover','4/4 c','F1926',89),(5225,2.29,25,1502,'Softcover','4/4 c','F1926',90),(5226,2.77,25,1502,'Softcover','4/4 c','F1926',91),(5227,3.05,25,1502,'Softcover','4/4 c','F1926',92),(5228,3.54,25,1502,'Softcover','4/4 c','F1926',93),(5229,4.00,25,1502,'Softcover','4/4 c','F1926',94),(5230,4.39,25,1502,'Softcover','4/4 c','F1926',95),(5231,4.77,25,1502,'Softcover','4/4 c','F1926',96),(5232,5.18,25,1502,'Softcover','4/4 c','F1926',97),(5233,5.66,25,1502,'Softcover','4/4 c','F1926',98),(5234,6.13,25,1502,'Softcover','4/4 c','F1926',99),(5235,6.49,25,1502,'Softcover','4/4 c','F1926',100),(5236,6.81,25,1502,'Softcover','4/4 c','F1926',101),(5237,7.26,25,1502,'Softcover','4/4 c','F1926',102),(5238,7.65,25,1502,'Softcover','4/4 c','F1926',103),(5239,8.28,25,1502,'Softcover','4/4 c','F1926',104),(5240,8.56,25,1502,'Softcover','4/4 c','F1926',105),(5241,9.11,25,1502,'Softcover','4/4 c','F1926',106),(5242,9.50,25,1502,'Softcover','4/4 c','F1926',107),(5243,9.89,25,1502,'Softcover','4/4 c','F1926',108),(5244,10.28,25,1502,'Softcover','4/4 c','F1926',109),(5245,10.80,25,1502,'Softcover','4/4 c','F1926',110),(5246,11.33,25,1502,'Softcover','4/4 c','F1926',111),(5247,11.73,25,1502,'Softcover','4/4 c','F1926',112),(5248,12.24,25,1502,'Softcover','4/4 c','F1926',113),(5249,12.64,25,1502,'Softcover','4/4 c','F1926',114),(5250,12.91,25,1502,'Softcover','4/4 c','F1926',115),(5251,13.43,25,1502,'Softcover','4/4 c','F1926',116),(5252,13.69,25,1502,'Softcover','4/4 c','F1926',117),(5253,0.00,25,1502,'Softcover','4/4 c','F1926',118),(5254,0.00,25,1502,'Softcover','4/4 c','F1926',119),(5255,0.00,26,1502,'Softcover','4/4 c','A4',78),(5256,0.00,26,1502,'Softcover','4/4 c','A4',79),(5257,0.21,26,1502,'Softcover','4/4 c','A4',80),(5258,0.26,26,1502,'Softcover','4/4 c','A4',81),(5259,0.32,26,1502,'Softcover','4/4 c','A4',82),(5260,0.39,26,1502,'Softcover','4/4 c','A4',83),(5261,0.45,26,1502,'Softcover','4/4 c','A4',84),(5262,0.71,26,1502,'Softcover','4/4 c','A4',85),(5263,0.87,26,1502,'Softcover','4/4 c','A4',86),(5264,1.06,26,1502,'Softcover','4/4 c','A4',87),(5265,1.43,26,1502,'Softcover','4/4 c','A4',88),(5266,1.83,26,1502,'Softcover','4/4 c','A4',89),(5267,2.17,26,1502,'Softcover','4/4 c','A4',90),(5268,2.63,26,1502,'Softcover','4/4 c','A4',91),(5269,2.89,26,1502,'Softcover','4/4 c','A4',92),(5270,3.36,26,1502,'Softcover','4/4 c','A4',93),(5271,3.78,26,1502,'Softcover','4/4 c','A4',94),(5272,4.14,26,1502,'Softcover','4/4 c','A4',95),(5273,4.52,26,1502,'Softcover','4/4 c','A4',96),(5274,4.91,26,1502,'Softcover','4/4 c','A4',97),(5275,5.35,26,1502,'Softcover','4/4 c','A4',98),(5276,5.80,26,1502,'Softcover','4/4 c','A4',99),(5277,6.15,26,1502,'Softcover','4/4 c','A4',100),(5278,6.46,26,1502,'Softcover','4/4 c','A4',101),(5279,6.88,26,1502,'Softcover','4/4 c','A4',102),(5280,7.25,26,1502,'Softcover','4/4 c','A4',103),(5281,7.84,26,1502,'Softcover','4/4 c','A4',104),(5282,8.11,26,1502,'Softcover','4/4 c','A4',105),(5283,8.63,26,1502,'Softcover','4/4 c','A4',106),(5284,9.00,26,1502,'Softcover','4/4 c','A4',107),(5285,9.37,26,1502,'Softcover','4/4 c','A4',108),(5286,9.74,26,1502,'Softcover','4/4 c','A4',109),(5287,10.23,26,1502,'Softcover','4/4 c','A4',110),(5288,10.74,26,1502,'Softcover','4/4 c','A4',111),(5289,11.11,26,1502,'Softcover','4/4 c','A4',112),(5290,11.59,26,1502,'Softcover','4/4 c','A4',113),(5291,11.97,26,1502,'Softcover','4/4 c','A4',114),(5292,12.23,26,1502,'Softcover','4/4 c','A4',115),(5293,12.72,26,1502,'Softcover','4/4 c','A4',116),(5294,12.96,26,1502,'Softcover','4/4 c','A4',117),(5295,13.61,26,1502,'Softcover','4/4 c','A4',118),(5296,14.10,26,1502,'Softcover','4/4 c','A4',119),(5297,0.09,26,1502,'Softcover','4/4 c','A5',78),(5298,0.18,26,1502,'Softcover','4/4 c','A5',79),(5299,0.12,26,1502,'Softcover','4/4 c','A5',80),(5300,0.15,26,1502,'Softcover','4/4 c','A5',81),(5301,0.19,26,1502,'Softcover','4/4 c','A5',82),(5302,0.24,26,1502,'Softcover','4/4 c','A5',83),(5303,0.29,26,1502,'Softcover','4/4 c','A5',84),(5304,0.45,26,1502,'Softcover','4/4 c','A5',85),(5305,0.56,26,1502,'Softcover','4/4 c','A5',86),(5306,0.68,26,1502,'Softcover','4/4 c','A5',87),(5307,0.91,26,1502,'Softcover','4/4 c','A5',88),(5308,1.17,26,1502,'Softcover','4/4 c','A5',89),(5309,1.39,26,1502,'Softcover','4/4 c','A5',90),(5310,1.68,26,1502,'Softcover','4/4 c','A5',91),(5311,1.85,26,1502,'Softcover','4/4 c','A5',92),(5312,2.15,26,1502,'Softcover','4/4 c','A5',93),(5313,2.42,26,1502,'Softcover','4/4 c','A5',94),(5314,2.65,26,1502,'Softcover','4/4 c','A5',95),(5315,2.89,26,1502,'Softcover','4/4 c','A5',96),(5316,3.14,26,1502,'Softcover','4/4 c','A5',97),(5317,3.43,26,1502,'Softcover','4/4 c','A5',98),(5318,3.71,26,1502,'Softcover','4/4 c','A5',99),(5319,3.93,26,1502,'Softcover','4/4 c','A5',100),(5320,4.13,26,1502,'Softcover','4/4 c','A5',101),(5321,4.40,26,1502,'Softcover','4/4 c','A5',102),(5322,4.64,26,1502,'Softcover','4/4 c','A5',103),(5323,5.02,26,1502,'Softcover','4/4 c','A5',104),(5324,5.19,26,1502,'Softcover','4/4 c','A5',105),(5325,5.52,26,1502,'Softcover','4/4 c','A5',106),(5326,5.76,26,1502,'Softcover','4/4 c','A5',107),(5327,6.00,26,1502,'Softcover','4/4 c','A5',108),(5328,6.24,26,1502,'Softcover','4/4 c','A5',109),(5329,6.55,26,1502,'Softcover','4/4 c','A5',110),(5330,6.87,26,1502,'Softcover','4/4 c','A5',111),(5331,7.11,26,1502,'Softcover','4/4 c','A5',112),(5332,7.42,26,1502,'Softcover','4/4 c','A5',113),(5333,7.66,26,1502,'Softcover','4/4 c','A5',114),(5334,7.82,26,1502,'Softcover','4/4 c','A5',115),(5335,8.14,26,1502,'Softcover','4/4 c','A5',116),(5336,8.30,26,1502,'Softcover','4/4 c','A5',117),(5337,8.71,26,1502,'Softcover','4/4 c','A5',118),(5338,9.02,26,1502,'Softcover','4/4 c','A5',119),(5339,0.06,26,1502,'Softcover','4/4 c','A6',78),(5340,0.13,26,1502,'Softcover','4/4 c','A6',79),(5341,0.06,26,1502,'Softcover','4/4 c','A6',80),(5342,0.08,26,1502,'Softcover','4/4 c','A6',81),(5343,0.10,26,1502,'Softcover','4/4 c','A6',82),(5344,0.13,26,1502,'Softcover','4/4 c','A6',83),(5345,0.15,26,1502,'Softcover','4/4 c','A6',84),(5346,0.24,26,1502,'Softcover','4/4 c','A6',85),(5347,0.30,26,1502,'Softcover','4/4 c','A6',86),(5348,0.37,26,1502,'Softcover','4/4 c','A6',87),(5349,0.49,26,1502,'Softcover','4/4 c','A6',88),(5350,0.63,26,1502,'Softcover','4/4 c','A6',89),(5351,0.75,26,1502,'Softcover','4/4 c','A6',90),(5352,0.91,26,1502,'Softcover','4/4 c','A6',91),(5353,1.00,26,1502,'Softcover','4/4 c','A6',92),(5354,1.16,26,1502,'Softcover','4/4 c','A6',93),(5355,1.31,26,1502,'Softcover','4/4 c','A6',94),(5356,1.43,26,1502,'Softcover','4/4 c','A6',95),(5357,1.56,26,1502,'Softcover','4/4 c','A6',96),(5358,1.70,26,1502,'Softcover','4/4 c','A6',97),(5359,1.85,26,1502,'Softcover','4/4 c','A6',98),(5360,2.00,26,1502,'Softcover','4/4 c','A6',99),(5361,2.12,26,1502,'Softcover','4/4 c','A6',100),(5362,2.23,26,1502,'Softcover','4/4 c','A6',101),(5363,2.38,26,1502,'Softcover','4/4 c','A6',102),(5364,2.50,26,1502,'Softcover','4/4 c','A6',103),(5365,2.71,26,1502,'Softcover','4/4 c','A6',104),(5366,2.80,26,1502,'Softcover','4/4 c','A6',105),(5367,2.98,26,1502,'Softcover','4/4 c','A6',106),(5368,3.11,26,1502,'Softcover','4/4 c','A6',107),(5369,3.24,26,1502,'Softcover','4/4 c','A6',108),(5370,3.37,26,1502,'Softcover','4/4 c','A6',109),(5371,3.54,26,1502,'Softcover','4/4 c','A6',110),(5372,3.71,26,1502,'Softcover','4/4 c','A6',111),(5373,3.84,26,1502,'Softcover','4/4 c','A6',112),(5374,4.00,26,1502,'Softcover','4/4 c','A6',113),(5375,4.14,26,1502,'Softcover','4/4 c','A6',114),(5376,4.23,26,1502,'Softcover','4/4 c','A6',115),(5377,4.39,26,1502,'Softcover','4/4 c','A6',116),(5378,4.48,26,1502,'Softcover','4/4 c','A6',117),(5379,4.70,26,1502,'Softcover','4/4 c','A6',118),(5380,4.87,26,1502,'Softcover','4/4 c','A6',119),(5381,0.00,26,1502,'Softcover','4/4 c','E5PLUS',78),(5382,0.00,26,1502,'Softcover','4/4 c','E5PLUS',79),(5383,0.12,26,1502,'Softcover','4/4 c','E5PLUS',80),(5384,0.16,26,1502,'Softcover','4/4 c','E5PLUS',81),(5385,0.20,26,1502,'Softcover','4/4 c','E5PLUS',82),(5386,0.24,26,1502,'Softcover','4/4 c','E5PLUS',83),(5387,0.29,26,1502,'Softcover','4/4 c','E5PLUS',84),(5388,0.46,26,1502,'Softcover','4/4 c','E5PLUS',85),(5389,0.57,26,1502,'Softcover','4/4 c','E5PLUS',86),(5390,0.69,26,1502,'Softcover','4/4 c','E5PLUS',87),(5391,0.93,26,1502,'Softcover','4/4 c','E5PLUS',88),(5392,1.19,26,1502,'Softcover','4/4 c','E5PLUS',89),(5393,1.41,26,1502,'Softcover','4/4 c','E5PLUS',90),(5394,1.71,26,1502,'Softcover','4/4 c','E5PLUS',91),(5395,1.88,26,1502,'Softcover','4/4 c','E5PLUS',92),(5396,2.18,26,1502,'Softcover','4/4 c','E5PLUS',93),(5397,2.46,26,1502,'Softcover','4/4 c','E5PLUS',94),(5398,2.69,26,1502,'Softcover','4/4 c','E5PLUS',95),(5399,2.94,26,1502,'Softcover','4/4 c','E5PLUS',96),(5400,3.19,26,1502,'Softcover','4/4 c','E5PLUS',97),(5401,3.48,26,1502,'Softcover','4/4 c','E5PLUS',98),(5402,3.77,26,1502,'Softcover','4/4 c','E5PLUS',99),(5403,4.00,26,1502,'Softcover','4/4 c','E5PLUS',100),(5404,4.20,26,1502,'Softcover','4/4 c','E5PLUS',101),(5405,4.47,26,1502,'Softcover','4/4 c','E5PLUS',102),(5406,4.71,26,1502,'Softcover','4/4 c','E5PLUS',103),(5407,5.10,26,1502,'Softcover','4/4 c','E5PLUS',104),(5408,5.27,26,1502,'Softcover','4/4 c','E5PLUS',105),(5409,5.61,26,1502,'Softcover','4/4 c','E5PLUS',106),(5410,5.85,26,1502,'Softcover','4/4 c','E5PLUS',107),(5411,6.09,26,1502,'Softcover','4/4 c','E5PLUS',108),(5412,6.33,26,1502,'Softcover','4/4 c','E5PLUS',109),(5413,6.65,26,1502,'Softcover','4/4 c','E5PLUS',110),(5414,6.98,26,1502,'Softcover','4/4 c','E5PLUS',111),(5415,7.22,26,1502,'Softcover','4/4 c','E5PLUS',112),(5416,7.53,26,1502,'Softcover','4/4 c','E5PLUS',113),(5417,7.78,26,1502,'Softcover','4/4 c','E5PLUS',114),(5418,7.95,26,1502,'Softcover','4/4 c','E5PLUS',115),(5419,8.27,26,1502,'Softcover','4/4 c','E5PLUS',116),(5420,8.42,26,1502,'Softcover','4/4 c','E5PLUS',117),(5421,8.85,26,1502,'Softcover','4/4 c','E5PLUS',118),(5422,9.16,26,1502,'Softcover','4/4 c','E5PLUS',119),(5423,0.00,26,1502,'Softcover','4/4 c','F1926',78),(5424,0.00,26,1502,'Softcover','4/4 c','F1926',79),(5425,0.21,26,1502,'Softcover','4/4 c','F1926',80),(5426,0.26,26,1502,'Softcover','4/4 c','F1926',81),(5427,0.32,26,1502,'Softcover','4/4 c','F1926',82),(5428,0.40,26,1502,'Softcover','4/4 c','F1926',83),(5429,0.47,26,1502,'Softcover','4/4 c','F1926',84),(5430,0.74,26,1502,'Softcover','4/4 c','F1926',85),(5431,0.91,26,1502,'Softcover','4/4 c','F1926',86),(5432,1.10,26,1502,'Softcover','4/4 c','F1926',87),(5433,1.49,26,1502,'Softcover','4/4 c','F1926',88),(5434,1.91,26,1502,'Softcover','4/4 c','F1926',89),(5435,2.27,26,1502,'Softcover','4/4 c','F1926',90),(5436,2.75,26,1502,'Softcover','4/4 c','F1926',91),(5437,3.02,26,1502,'Softcover','4/4 c','F1926',92),(5438,3.51,26,1502,'Softcover','4/4 c','F1926',93),(5439,3.95,26,1502,'Softcover','4/4 c','F1926',94),(5440,4.33,26,1502,'Softcover','4/4 c','F1926',95),(5441,4.72,26,1502,'Softcover','4/4 c','F1926',96),(5442,5.13,26,1502,'Softcover','4/4 c','F1926',97),(5443,5.59,26,1502,'Softcover','4/4 c','F1926',98),(5444,6.06,26,1502,'Softcover','4/4 c','F1926',99),(5445,6.42,26,1502,'Softcover','4/4 c','F1926',100),(5446,6.75,26,1502,'Softcover','4/4 c','F1926',101),(5447,7.19,26,1502,'Softcover','4/4 c','F1926',102),(5448,7.57,26,1502,'Softcover','4/4 c','F1926',103),(5449,8.20,26,1502,'Softcover','4/4 c','F1926',104),(5450,8.47,26,1502,'Softcover','4/4 c','F1926',105),(5451,9.01,26,1502,'Softcover','4/4 c','F1926',106),(5452,9.40,26,1502,'Softcover','4/4 c','F1926',107),(5453,9.79,26,1502,'Softcover','4/4 c','F1926',108),(5454,10.18,26,1502,'Softcover','4/4 c','F1926',109),(5455,10.70,26,1502,'Softcover','4/4 c','F1926',110),(5456,11.22,26,1502,'Softcover','4/4 c','F1926',111),(5457,11.61,26,1502,'Softcover','4/4 c','F1926',112),(5458,12.11,26,1502,'Softcover','4/4 c','F1926',113),(5459,12.51,26,1502,'Softcover','4/4 c','F1926',114),(5460,12.78,26,1502,'Softcover','4/4 c','F1926',115),(5461,13.29,26,1502,'Softcover','4/4 c','F1926',116),(5462,13.54,26,1502,'Softcover','4/4 c','F1926',117),(5463,0.00,26,1502,'Softcover','4/4 c','F1926',118),(5464,0.00,26,1502,'Softcover','4/4 c','F1926',119),(5465,0.00,27,1502,'Softcover','4/4 c','A4',78),(5466,0.00,27,1502,'Softcover','4/4 c','A4',79),(5467,0.21,27,1502,'Softcover','4/4 c','A4',80),(5468,0.26,27,1502,'Softcover','4/4 c','A4',81),(5469,0.31,27,1502,'Softcover','4/4 c','A4',82),(5470,0.38,27,1502,'Softcover','4/4 c','A4',83),(5471,0.44,27,1502,'Softcover','4/4 c','A4',84),(5472,0.70,27,1502,'Softcover','4/4 c','A4',85),(5473,0.86,27,1502,'Softcover','4/4 c','A4',86),(5474,1.04,27,1502,'Softcover','4/4 c','A4',87),(5475,1.40,27,1502,'Softcover','4/4 c','A4',88),(5476,1.80,27,1502,'Softcover','4/4 c','A4',89),(5477,2.13,27,1502,'Softcover','4/4 c','A4',90),(5478,2.57,27,1502,'Softcover','4/4 c','A4',91),(5479,2.83,27,1502,'Softcover','4/4 c','A4',92),(5480,3.30,27,1502,'Softcover','4/4 c','A4',93),(5481,3.72,27,1502,'Softcover','4/4 c','A4',94),(5482,4.07,27,1502,'Softcover','4/4 c','A4',95),(5483,4.43,27,1502,'Softcover','4/4 c','A4',96),(5484,4.82,27,1502,'Softcover','4/4 c','A4',97),(5485,5.26,27,1502,'Softcover','4/4 c','A4',98),(5486,5.69,27,1502,'Softcover','4/4 c','A4',99),(5487,6.03,27,1502,'Softcover','4/4 c','A4',100),(5488,6.33,27,1502,'Softcover','4/4 c','A4',101),(5489,6.75,27,1502,'Softcover','4/4 c','A4',102),(5490,7.11,27,1502,'Softcover','4/4 c','A4',103),(5491,7.70,27,1502,'Softcover','4/4 c','A4',104),(5492,7.96,27,1502,'Softcover','4/4 c','A4',105),(5493,8.47,27,1502,'Softcover','4/4 c','A4',106),(5494,8.84,27,1502,'Softcover','4/4 c','A4',107),(5495,9.19,27,1502,'Softcover','4/4 c','A4',108),(5496,9.55,27,1502,'Softcover','4/4 c','A4',109),(5497,10.04,27,1502,'Softcover','4/4 c','A4',110),(5498,10.50,27,1502,'Softcover','4/4 c','A4',111),(5499,10.89,27,1502,'Softcover','4/4 c','A4',112),(5500,11.47,27,1502,'Softcover','4/4 c','A4',113),(5501,11.75,27,1502,'Softcover','4/4 c','A4',114),(5502,11.99,27,1502,'Softcover','4/4 c','A4',115),(5503,12.48,27,1502,'Softcover','4/4 c','A4',116),(5504,12.72,27,1502,'Softcover','4/4 c','A4',117),(5505,13.35,27,1502,'Softcover','4/4 c','A4',118),(5506,13.78,27,1502,'Softcover','4/4 c','A4',119),(5507,0.09,27,1502,'Softcover','4/4 c','A5',78),(5508,0.18,27,1502,'Softcover','4/4 c','A5',79),(5509,0.12,27,1502,'Softcover','4/4 c','A5',80),(5510,0.15,27,1502,'Softcover','4/4 c','A5',81),(5511,0.18,27,1502,'Softcover','4/4 c','A5',82),(5512,0.23,27,1502,'Softcover','4/4 c','A5',83),(5513,0.28,27,1502,'Softcover','4/4 c','A5',84),(5514,0.45,27,1502,'Softcover','4/4 c','A5',85),(5515,0.55,27,1502,'Softcover','4/4 c','A5',86),(5516,0.66,27,1502,'Softcover','4/4 c','A5',87),(5517,0.89,27,1502,'Softcover','4/4 c','A5',88),(5518,1.15,27,1502,'Softcover','4/4 c','A5',89),(5519,1.36,27,1502,'Softcover','4/4 c','A5',90),(5520,1.65,27,1502,'Softcover','4/4 c','A5',91),(5521,1.81,27,1502,'Softcover','4/4 c','A5',92),(5522,2.11,27,1502,'Softcover','4/4 c','A5',93),(5523,2.38,27,1502,'Softcover','4/4 c','A5',94),(5524,2.61,27,1502,'Softcover','4/4 c','A5',95),(5525,2.84,27,1502,'Softcover','4/4 c','A5',96),(5526,3.09,27,1502,'Softcover','4/4 c','A5',97),(5527,3.36,27,1502,'Softcover','4/4 c','A5',98),(5528,3.64,27,1502,'Softcover','4/4 c','A5',99),(5529,3.86,27,1502,'Softcover','4/4 c','A5',100),(5530,4.05,27,1502,'Softcover','4/4 c','A5',101),(5531,4.32,27,1502,'Softcover','4/4 c','A5',102),(5532,4.55,27,1502,'Softcover','4/4 c','A5',103),(5533,4.93,27,1502,'Softcover','4/4 c','A5',104),(5534,5.09,27,1502,'Softcover','4/4 c','A5',105),(5535,5.42,27,1502,'Softcover','4/4 c','A5',106),(5536,5.66,27,1502,'Softcover','4/4 c','A5',107),(5537,5.88,27,1502,'Softcover','4/4 c','A5',108),(5538,6.11,27,1502,'Softcover','4/4 c','A5',109),(5539,6.43,27,1502,'Softcover','4/4 c','A5',110),(5540,6.72,27,1502,'Softcover','4/4 c','A5',111),(5541,6.97,27,1502,'Softcover','4/4 c','A5',112),(5542,7.34,27,1502,'Softcover','4/4 c','A5',113),(5543,7.52,27,1502,'Softcover','4/4 c','A5',114),(5544,7.67,27,1502,'Softcover','4/4 c','A5',115),(5545,7.99,27,1502,'Softcover','4/4 c','A5',116),(5546,8.14,27,1502,'Softcover','4/4 c','A5',117),(5547,8.55,27,1502,'Softcover','4/4 c','A5',118),(5548,8.82,27,1502,'Softcover','4/4 c','A5',119),(5549,0.06,27,1502,'Softcover','4/4 c','A6',78),(5550,0.13,27,1502,'Softcover','4/4 c','A6',79),(5551,0.06,27,1502,'Softcover','4/4 c','A6',80),(5552,0.08,27,1502,'Softcover','4/4 c','A6',81),(5553,0.10,27,1502,'Softcover','4/4 c','A6',82),(5554,0.12,27,1502,'Softcover','4/4 c','A6',83),(5555,0.15,27,1502,'Softcover','4/4 c','A6',84),(5556,0.24,27,1502,'Softcover','4/4 c','A6',85),(5557,0.30,27,1502,'Softcover','4/4 c','A6',86),(5558,0.36,27,1502,'Softcover','4/4 c','A6',87),(5559,0.48,27,1502,'Softcover','4/4 c','A6',88),(5560,0.62,27,1502,'Softcover','4/4 c','A6',89),(5561,0.73,27,1502,'Softcover','4/4 c','A6',90),(5562,0.89,27,1502,'Softcover','4/4 c','A6',91),(5563,0.98,27,1502,'Softcover','4/4 c','A6',92),(5564,1.14,27,1502,'Softcover','4/4 c','A6',93),(5565,1.29,27,1502,'Softcover','4/4 c','A6',94),(5566,1.41,27,1502,'Softcover','4/4 c','A6',95),(5567,1.53,27,1502,'Softcover','4/4 c','A6',96),(5568,1.67,27,1502,'Softcover','4/4 c','A6',97),(5569,1.82,27,1502,'Softcover','4/4 c','A6',98),(5570,1.97,27,1502,'Softcover','4/4 c','A6',99),(5571,2.08,27,1502,'Softcover','4/4 c','A6',100),(5572,2.19,27,1502,'Softcover','4/4 c','A6',101),(5573,2.33,27,1502,'Softcover','4/4 c','A6',102),(5574,2.46,27,1502,'Softcover','4/4 c','A6',103),(5575,2.66,27,1502,'Softcover','4/4 c','A6',104),(5576,2.75,27,1502,'Softcover','4/4 c','A6',105),(5577,2.93,27,1502,'Softcover','4/4 c','A6',106),(5578,3.05,27,1502,'Softcover','4/4 c','A6',107),(5579,3.18,27,1502,'Softcover','4/4 c','A6',108),(5580,3.30,27,1502,'Softcover','4/4 c','A6',109),(5581,3.47,27,1502,'Softcover','4/4 c','A6',110),(5582,3.63,27,1502,'Softcover','4/4 c','A6',111),(5583,3.77,27,1502,'Softcover','4/4 c','A6',112),(5584,3.96,27,1502,'Softcover','4/4 c','A6',113),(5585,4.06,27,1502,'Softcover','4/4 c','A6',114),(5586,4.14,27,1502,'Softcover','4/4 c','A6',115),(5587,4.31,27,1502,'Softcover','4/4 c','A6',116),(5588,4.39,27,1502,'Softcover','4/4 c','A6',117),(5589,4.61,27,1502,'Softcover','4/4 c','A6',118),(5590,4.76,27,1502,'Softcover','4/4 c','A6',119),(5591,0.00,27,1502,'Softcover','4/4 c','E5PLUS',78),(5592,0.00,27,1502,'Softcover','4/4 c','E5PLUS',79),(5593,0.12,27,1502,'Softcover','4/4 c','E5PLUS',80),(5594,0.15,27,1502,'Softcover','4/4 c','E5PLUS',81),(5595,0.19,27,1502,'Softcover','4/4 c','E5PLUS',82),(5596,0.24,27,1502,'Softcover','4/4 c','E5PLUS',83),(5597,0.28,27,1502,'Softcover','4/4 c','E5PLUS',84),(5598,0.45,27,1502,'Softcover','4/4 c','E5PLUS',85),(5599,0.56,27,1502,'Softcover','4/4 c','E5PLUS',86),(5600,0.67,27,1502,'Softcover','4/4 c','E5PLUS',87),(5601,0.91,27,1502,'Softcover','4/4 c','E5PLUS',88),(5602,1.17,27,1502,'Softcover','4/4 c','E5PLUS',89),(5603,1.38,27,1502,'Softcover','4/4 c','E5PLUS',90),(5604,1.67,27,1502,'Softcover','4/4 c','E5PLUS',91),(5605,1.84,27,1502,'Softcover','4/4 c','E5PLUS',92),(5606,2.14,27,1502,'Softcover','4/4 c','E5PLUS',93),(5607,2.42,27,1502,'Softcover','4/4 c','E5PLUS',94),(5608,2.65,27,1502,'Softcover','4/4 c','E5PLUS',95),(5609,2.88,27,1502,'Softcover','4/4 c','E5PLUS',96),(5610,3.13,27,1502,'Softcover','4/4 c','E5PLUS',97),(5611,3.42,27,1502,'Softcover','4/4 c','E5PLUS',98),(5612,3.70,27,1502,'Softcover','4/4 c','E5PLUS',99),(5613,3.92,27,1502,'Softcover','4/4 c','E5PLUS',100),(5614,4.12,27,1502,'Softcover','4/4 c','E5PLUS',101),(5615,4.39,27,1502,'Softcover','4/4 c','E5PLUS',102),(5616,4.62,27,1502,'Softcover','4/4 c','E5PLUS',103),(5617,5.00,27,1502,'Softcover','4/4 c','E5PLUS',104),(5618,5.17,27,1502,'Softcover','4/4 c','E5PLUS',105),(5619,5.50,27,1502,'Softcover','4/4 c','E5PLUS',106),(5620,5.75,27,1502,'Softcover','4/4 c','E5PLUS',107),(5621,5.97,27,1502,'Softcover','4/4 c','E5PLUS',108),(5622,6.21,27,1502,'Softcover','4/4 c','E5PLUS',109),(5623,6.53,27,1502,'Softcover','4/4 c','E5PLUS',110),(5624,6.83,27,1502,'Softcover','4/4 c','E5PLUS',111),(5625,7.08,27,1502,'Softcover','4/4 c','E5PLUS',112),(5626,7.46,27,1502,'Softcover','4/4 c','E5PLUS',113),(5627,7.64,27,1502,'Softcover','4/4 c','E5PLUS',114),(5628,7.79,27,1502,'Softcover','4/4 c','E5PLUS',115),(5629,8.11,27,1502,'Softcover','4/4 c','E5PLUS',116),(5630,8.27,27,1502,'Softcover','4/4 c','E5PLUS',117),(5631,8.68,27,1502,'Softcover','4/4 c','E5PLUS',118),(5632,8.96,27,1502,'Softcover','4/4 c','E5PLUS',119),(5633,0.00,27,1502,'Softcover','4/4 c','F1926',78),(5634,0.00,27,1502,'Softcover','4/4 c','F1926',79),(5635,0.21,27,1502,'Softcover','4/4 c','F1926',80),(5636,0.26,27,1502,'Softcover','4/4 c','F1926',81),(5637,0.32,27,1502,'Softcover','4/4 c','F1926',82),(5638,0.39,27,1502,'Softcover','4/4 c','F1926',83),(5639,0.46,27,1502,'Softcover','4/4 c','F1926',84),(5640,0.73,27,1502,'Softcover','4/4 c','F1926',85),(5641,0.90,27,1502,'Softcover','4/4 c','F1926',86),(5642,1.08,27,1502,'Softcover','4/4 c','F1926',87),(5643,1.46,27,1502,'Softcover','4/4 c','F1926',88),(5644,1.88,27,1502,'Softcover','4/4 c','F1926',89),(5645,2.22,27,1502,'Softcover','4/4 c','F1926',90),(5646,2.69,27,1502,'Softcover','4/4 c','F1926',91),(5647,2.96,27,1502,'Softcover','4/4 c','F1926',92),(5648,3.44,27,1502,'Softcover','4/4 c','F1926',93),(5649,3.89,27,1502,'Softcover','4/4 c','F1926',94),(5650,4.25,27,1502,'Softcover','4/4 c','F1926',95),(5651,4.63,27,1502,'Softcover','4/4 c','F1926',96),(5652,5.04,27,1502,'Softcover','4/4 c','F1926',97),(5653,5.49,27,1502,'Softcover','4/4 c','F1926',98),(5654,5.95,27,1502,'Softcover','4/4 c','F1926',99),(5655,6.30,27,1502,'Softcover','4/4 c','F1926',100),(5656,6.62,27,1502,'Softcover','4/4 c','F1926',101),(5657,7.06,27,1502,'Softcover','4/4 c','F1926',102),(5658,7.43,27,1502,'Softcover','4/4 c','F1926',103),(5659,8.04,27,1502,'Softcover','4/4 c','F1926',104),(5660,8.32,27,1502,'Softcover','4/4 c','F1926',105),(5661,8.85,27,1502,'Softcover','4/4 c','F1926',106),(5662,9.24,27,1502,'Softcover','4/4 c','F1926',107),(5663,9.60,27,1502,'Softcover','4/4 c','F1926',108),(5664,9.98,27,1502,'Softcover','4/4 c','F1926',109),(5665,10.49,27,1502,'Softcover','4/4 c','F1926',110),(5666,10.97,27,1502,'Softcover','4/4 c','F1926',111),(5667,11.39,27,1502,'Softcover','4/4 c','F1926',112),(5668,11.99,27,1502,'Softcover','4/4 c','F1926',113),(5669,12.28,27,1502,'Softcover','4/4 c','F1926',114),(5670,12.53,27,1502,'Softcover','4/4 c','F1926',115),(5671,13.04,27,1502,'Softcover','4/4 c','F1926',116),(5672,13.29,27,1502,'Softcover','4/4 c','F1926',117),(5673,0.00,27,1502,'Softcover','4/4 c','F1926',118),(5674,0.00,27,1502,'Softcover','4/4 c','F1926',119);
/*!40000 ALTER TABLE `auflageseitencovermatrix` ENABLE KEYS */;
UNLOCK TABLES;

--
-- Table structure for table `ausgabe`
--

DROP TABLE IF EXISTS `ausgabe`;
/*!40101 SET @saved_cs_client     = @@character_set_client */;
/*!40101 SET character_set_client = utf8 */;
CREATE TABLE `ausgabe` (
  `ID` bigint(20) NOT NULL,
  `NAME` varchar(255) DEFAULT NULL,
  `PRICE` decimal(10,2) DEFAULT NULL,
  `VALUEE` decimal(10,2) DEFAULT NULL,
  PRIMARY KEY (`ID`)
) ENGINE=InnoDB DEFAULT CHARSET=utf8;
/*!40101 SET character_set_client = @saved_cs_client */;

--
-- Dumping data for table `ausgabe`
--

LOCK TABLES `ausgabe` WRITE;
/*!40000 ALTER TABLE `ausgabe` DISABLE KEYS */;
INSERT INTO `ausgabe` VALUES (7,'Erstausgabe',NULL,0.50),(8,'Folgeausgabe',NULL,0.20);
/*!40000 ALTER TABLE `ausgabe` ENABLE KEYS */;
UNLOCK TABLES;

--
-- Table structure for table `ausgabepricing`
--

DROP TABLE IF EXISTS `ausgabepricing`;
/*!40101 SET @saved_cs_client     = @@character_set_client */;
/*!40101 SET character_set_client = utf8 */;
CREATE TABLE `ausgabepricing` (
  `ID` bigint(20) NOT NULL,
  `PRICE` decimal(10,2) DEFAULT NULL,
  `AUSGABE_ID` bigint(20) DEFAULT NULL,
  PRIMARY KEY (`ID`),
  KEY `FK_AUSGABEPRICING_AUSGABE_ID` (`AUSGABE_ID`),
  CONSTRAINT `FK_AUSGABEPRICING_AUSGABE_ID` FOREIGN KEY (`AUSGABE_ID`) REFERENCES `ausgabe` (`ID`)
) ENGINE=InnoDB DEFAULT CHARSET=utf8;
/*!40101 SET character_set_client = @saved_cs_client */;

--
-- Dumping data for table `ausgabepricing`
--

LOCK TABLES `ausgabepricing` WRITE;
/*!40000 ALTER TABLE `ausgabepricing` DISABLE KEYS */;
INSERT INTO `ausgabepricing` VALUES (201,1680.00,7),(202,560.00,8);
/*!40000 ALTER TABLE `ausgabepricing` ENABLE KEYS */;
UNLOCK TABLES;

--
-- Table structure for table `backup`
--

DROP TABLE IF EXISTS `backup`;
/*!40101 SET @saved_cs_client     = @@character_set_client */;
/*!40101 SET character_set_client = utf8 */;
CREATE TABLE `backup` (
  `ID` bigint(20) NOT NULL,
  `DATESYSTEME` date DEFAULT NULL,
  `NOM` varchar(255) DEFAULT NULL,
  PRIMARY KEY (`ID`)
) ENGINE=InnoDB DEFAULT CHARSET=utf8;
/*!40101 SET character_set_client = @saved_cs_client */;

--
-- Dumping data for table `backup`
--

LOCK TABLES `backup` WRITE;
/*!40000 ALTER TABLE `backup` DISABLE KEYS */;
INSERT INTO `backup` VALUES (256,'2017-08-02','2017-08-02.sql'),(351,'2017-08-08','2017-08-08.sql'),(401,'2017-08-10','2017-08-10.sql'),(451,'2017-08-10','2017-08-10.sql'),(501,'2017-08-10','2017-08-10.sql'),(502,'2017-08-10','2017-08-10.sql'),(551,'2017-08-10','2017-08-10.sql'),(601,'2017-08-10','2017-08-10.sql'),(651,'2017-08-24','2017-08-24.sql'),(701,'2017-08-25','2017-08-25.sql'),(751,'2017-08-25','2017-08-25.sql'),(801,'2017-08-25','2017-08-25.sql'),(851,'2017-08-25','2017-08-25.sql');
/*!40000 ALTER TABLE `backup` ENABLE KEYS */;
UNLOCK TABLES;

--
-- Table structure for table `baukasten`
--

DROP TABLE IF EXISTS `baukasten`;
/*!40101 SET @saved_cs_client     = @@character_set_client */;
/*!40101 SET character_set_client = utf8 */;
CREATE TABLE `baukasten` (
  `ID` bigint(20) NOT NULL,
  `EXPRESSION` varchar(255) DEFAULT NULL,
  PRIMARY KEY (`ID`)
) ENGINE=InnoDB DEFAULT CHARSET=utf8;
/*!40101 SET character_set_client = @saved_cs_client */;

--
-- Dumping data for table `baukasten`
--

LOCK TABLES `baukasten` WRITE;
/*!40000 ALTER TABLE `baukasten` DISABLE KEYS */;
INSERT INTO `baukasten` VALUES (1502,'4/4-fbg.Skala ');
/*!40000 ALTER TABLE `baukasten` ENABLE KEYS */;
UNLOCK TABLES;

--
-- Table structure for table `baukastenpricing`
--

DROP TABLE IF EXISTS `baukastenpricing`;
/*!40101 SET @saved_cs_client     = @@character_set_client */;
/*!40101 SET character_set_client = utf8 */;
CREATE TABLE `baukastenpricing` (
  `ID` bigint(20) NOT NULL,
  `PRICE` decimal(10,2) DEFAULT NULL,
  `BAUKASTEN_ID` bigint(20) DEFAULT NULL,
  `COVER_ID` varchar(255) DEFAULT NULL,
  PRIMARY KEY (`ID`),
  KEY `FK_BAUKASTENPRICING_BAUKASTEN_ID` (`BAUKASTEN_ID`),
  KEY `FK_BAUKASTENPRICING_COVER_ID` (`COVER_ID`),
  CONSTRAINT `FK_BAUKASTENPRICING_BAUKASTEN_ID` FOREIGN KEY (`BAUKASTEN_ID`) REFERENCES `baukasten` (`ID`),
  CONSTRAINT `FK_BAUKASTENPRICING_COVER_ID` FOREIGN KEY (`COVER_ID`) REFERENCES `cover` (`ID`)
) ENGINE=InnoDB DEFAULT CHARSET=utf8;
/*!40101 SET character_set_client = @saved_cs_client */;

--
-- Dumping data for table `baukastenpricing`
--

LOCK TABLES `baukastenpricing` WRITE;
/*!40000 ALTER TABLE `baukastenpricing` DISABLE KEYS */;
INSERT INTO `baukastenpricing` VALUES (1556,184.84,1502,'Softcover'),(1557,352.79,1502,'Hardcover');
/*!40000 ALTER TABLE `baukastenpricing` ENABLE KEYS */;
UNLOCK TABLES;

--
-- Table structure for table `bindung`
--

DROP TABLE IF EXISTS `bindung`;
/*!40101 SET @saved_cs_client     = @@character_set_client */;
/*!40101 SET character_set_client = utf8 */;
CREATE TABLE `bindung` (
  `ID` varchar(255) NOT NULL,
  `DESCRIPTION` varchar(255) DEFAULT NULL,
  `PRICE` decimal(10,2) DEFAULT NULL,
  PRIMARY KEY (`ID`)
) ENGINE=InnoDB DEFAULT CHARSET=utf8;
/*!40101 SET character_set_client = @saved_cs_client */;

--
-- Dumping data for table `bindung`
--

LOCK TABLES `bindung` WRITE;
/*!40000 ALTER TABLE `bindung` DISABLE KEYS */;
INSERT INTO `bindung` VALUES ('Fadenheftung',NULL,NULL),('PUR-Bindung',NULL,NULL);
/*!40000 ALTER TABLE `bindung` ENABLE KEYS */;
UNLOCK TABLES;

--
-- Table structure for table `category`
--

DROP TABLE IF EXISTS `category`;
/*!40101 SET @saved_cs_client     = @@character_set_client */;
/*!40101 SET character_set_client = utf8 */;
CREATE TABLE `category` (
  `ID` bigint(20) NOT NULL AUTO_INCREMENT,
  `NAME` varchar(255) DEFAULT NULL,
  PRIMARY KEY (`ID`)
) ENGINE=InnoDB AUTO_INCREMENT=6 DEFAULT CHARSET=utf8;
/*!40101 SET character_set_client = @saved_cs_client */;

--
-- Dumping data for table `category`
--

LOCK TABLES `category` WRITE;
/*!40000 ALTER TABLE `category` DISABLE KEYS */;
INSERT INTO `category` VALUES (1,'Catalogue'),(2,'Fleyer'),(5,'Prospekt');
/*!40000 ALTER TABLE `category` ENABLE KEYS */;
UNLOCK TABLES;

--
-- Table structure for table `configuration`
--

DROP TABLE IF EXISTS `configuration`;
/*!40101 SET @saved_cs_client     = @@character_set_client */;
/*!40101 SET character_set_client = utf8 */;
CREATE TABLE `configuration` (
  `ID` bigint(20) NOT NULL AUTO_INCREMENT,
  `DATEAPPLICATION` date DEFAULT NULL,
  PRIMARY KEY (`ID`)
) ENGINE=InnoDB AUTO_INCREMENT=2 DEFAULT CHARSET=utf8;
/*!40101 SET character_set_client = @saved_cs_client */;

--
-- Dumping data for table `configuration`
--

LOCK TABLES `configuration` WRITE;
/*!40000 ALTER TABLE `configuration` DISABLE KEYS */;
INSERT INTO `configuration` VALUES (1,'2012-07-03');
/*!40000 ALTER TABLE `configuration` ENABLE KEYS */;
UNLOCK TABLES;

--
-- Table structure for table `configurationitem`
--

DROP TABLE IF EXISTS `configurationitem`;
/*!40101 SET @saved_cs_client     = @@character_set_client */;
/*!40101 SET character_set_client = utf8 */;
CREATE TABLE `configurationitem` (
  `ID` bigint(20) NOT NULL AUTO_INCREMENT,
  `DEFAULTVALUE` decimal(10,2) DEFAULT NULL,
  `NAME` varchar(255) DEFAULT NULL,
  `CONFIGURATION_ID` bigint(20) DEFAULT NULL,
  PRIMARY KEY (`ID`),
  KEY `FK_CONFIGURATIONITEM_CONFIGURATION_ID` (`CONFIGURATION_ID`),
  CONSTRAINT `FK_CONFIGURATIONITEM_CONFIGURATION_ID` FOREIGN KEY (`CONFIGURATION_ID`) REFERENCES `configuration` (`ID`)
) ENGINE=InnoDB AUTO_INCREMENT=7 DEFAULT CHARSET=utf8;
/*!40101 SET character_set_client = @saved_cs_client */;

--
-- Dumping data for table `configurationitem`
--

LOCK TABLES `configurationitem` WRITE;
/*!40000 ALTER TABLE `configurationitem` DISABLE KEYS */;
INSERT INTO `configurationitem` VALUES (1,56.25,'std_stz',NULL),(2,70.00,'std_stz_dtp',NULL),(3,56.25,'std_stz_pm',NULL),(4,162.50,'std_satz_fotograf',1),(5,75.00,'std_satz_kind_model',1),(6,112.50,'std_satz_erwachsene_model',1);
/*!40000 ALTER TABLE `configurationitem` ENABLE KEYS */;
UNLOCK TABLES;

--
-- Table structure for table `correctionschluessel`
--

DROP TABLE IF EXISTS `correctionschluessel`;
/*!40101 SET @saved_cs_client     = @@character_set_client */;
/*!40101 SET character_set_client = utf8 */;
CREATE TABLE `correctionschluessel` (
  `ID` bigint(20) NOT NULL AUTO_INCREMENT,
  `PERCENT` int(11) DEFAULT NULL,
  `WERT` decimal(10,3) DEFAULT NULL,
  PRIMARY KEY (`ID`)
) ENGINE=InnoDB AUTO_INCREMENT=103 DEFAULT CHARSET=utf8;
/*!40101 SET character_set_client = @saved_cs_client */;

--
-- Dumping data for table `correctionschluessel`
--

LOCK TABLES `correctionschluessel` WRITE;
/*!40000 ALTER TABLE `correctionschluessel` DISABLE KEYS */;
INSERT INTO `correctionschluessel` VALUES (1,0,1.000),(2,1,1.000),(3,2,1.000),(4,3,1.000),(5,4,1.000),(6,5,1.000),(7,6,1.000),(8,7,1.000),(9,8,1.000),(10,9,1.000),(11,10,1.000),(12,11,1.000),(13,12,1.000),(14,13,1.000),(15,14,1.000),(17,15,1.050),(18,16,1.025),(19,17,1.025),(20,18,1.025),(21,19,1.025),(22,20,1.025),(23,21,1.025),(24,22,1.025),(25,23,1.025),(26,24,1.025),(27,25,1.025),(28,26,1.025),(29,27,1.025),(30,28,1.025),(31,29,1.025),(32,30,1.025),(33,31,1.050),(34,32,1.050),(35,33,1.050),(36,34,1.050),(37,35,1.050),(38,36,1.050),(39,37,1.050),(40,38,1.050),(41,39,1.050),(42,40,1.050),(43,41,1.050),(44,42,1.050),(45,43,1.050),(46,44,1.050),(47,45,1.050),(48,46,1.050),(49,47,1.050),(50,48,1.050),(51,49,1.050),(52,50,1.050),(53,51,1.100),(54,52,1.100),(55,53,1.100),(56,54,1.100),(57,55,1.100),(58,56,1.100),(59,57,1.100),(60,58,1.100),(61,59,1.100),(62,60,1.100),(63,61,1.100),(64,62,1.100),(65,63,1.100),(66,64,1.100),(67,65,1.100),(68,66,1.100),(69,67,1.100),(70,68,1.100),(71,69,1.100),(72,70,1.100),(73,71,1.100),(74,72,1.100),(75,73,1.100),(76,74,1.100),(77,75,1.100),(78,76,1.150),(79,77,1.150),(80,78,1.150),(81,79,1.150),(82,80,1.150),(83,81,1.150),(84,82,1.150),(85,83,1.150),(86,84,1.150),(87,85,1.150),(88,86,1.150),(89,87,1.150),(90,88,1.150),(91,89,1.150),(92,90,1.150),(93,91,1.150),(94,92,1.150),(95,93,1.150),(96,94,1.150),(97,95,1.150),(98,96,1.150),(99,97,1.150),(100,98,1.150),(101,99,1.150),(102,100,1.150);
/*!40000 ALTER TABLE `correctionschluessel` ENABLE KEYS */;
UNLOCK TABLES;

--
-- Table structure for table `cover`
--

DROP TABLE IF EXISTS `cover`;
/*!40101 SET @saved_cs_client     = @@character_set_client */;
/*!40101 SET character_set_client = utf8 */;
CREATE TABLE `cover` (
  `ID` varchar(255) NOT NULL,
  `DESCRIPTION` varchar(255) DEFAULT NULL,
  `PRICE` decimal(10,2) DEFAULT NULL,
  PRIMARY KEY (`ID`)
) ENGINE=InnoDB DEFAULT CHARSET=utf8;
/*!40101 SET character_set_client = @saved_cs_client */;

--
-- Dumping data for table `cover`
--

LOCK TABLES `cover` WRITE;
/*!40000 ALTER TABLE `cover` DISABLE KEYS */;
INSERT INTO `cover` VALUES ('Hardcover','Hardcover',1.00),('Softcover','Softcover',0.00);
/*!40000 ALTER TABLE `cover` ENABLE KEYS */;
UNLOCK TABLES;

--
-- Table structure for table `demandcategory`
--

DROP TABLE IF EXISTS `demandcategory`;
/*!40101 SET @saved_cs_client     = @@character_set_client */;
/*!40101 SET character_set_client = utf8 */;
CREATE TABLE `demandcategory` (
  `ID` bigint(20) NOT NULL AUTO_INCREMENT,
  `ANZAHLBESTANDARTIKEL` int(11) DEFAULT NULL,
  `ANZAHLBESTANDPRODUKT` int(11) DEFAULT NULL,
  `ANZAHLBESTELLNRSEITEN` int(11) DEFAULT NULL,
  `ANZAHLBETEILIGTEN` int(11) DEFAULT NULL,
  `ANZAHLGENERIERUNGUPDATESEITEN` int(11) DEFAULT NULL,
  `ANZAHLGESAMTARTIKEL` int(11) DEFAULT NULL,
  `ANZAHLGESAMTPRODUKT` int(11) DEFAULT NULL,
  `ANZAHLGESAMTSEITEN` int(11) DEFAULT NULL,
  `ANZAHLIHVZSEITEN` int(11) DEFAULT NULL,
  `ANZAHLKAPITETEL` int(11) DEFAULT NULL,
  `ANZAHLLIEFERANTGESAMT` int(11) DEFAULT NULL,
  `ANZAHLLIEFERANTNEU` int(11) DEFAULT NULL,
  `ANZAHLMITGLIEDER` int(11) DEFAULT NULL,
  `ANZAHLNEUEARTIKEL` int(11) DEFAULT NULL,
  `ANZAHLNEUEPRODUKT` int(11) DEFAULT NULL,
  `ANZAHLSONDERSEITEN` int(11) DEFAULT NULL,
  `ANZAHLBERNAHMEARTIKEL` int(11) DEFAULT NULL,
  `ARTIKELPERPAGELFAKTOR` decimal(10,2) DEFAULT NULL,
  `AUSGABEPRICING` decimal(10,2) DEFAULT NULL,
  `BAUKASTENPRICING` decimal(10,2) DEFAULT NULL,
  `BEARBEITUNGSZEIT` int(11) DEFAULT NULL,
  `DATEDEMANDCATEGORY` date DEFAULT NULL,
  `DATESYSTEM` date DEFAULT NULL,
  `DRUCK` tinyint(1) DEFAULT '0',
  `LKSCHLUESSELFAKTOR` decimal(10,2) DEFAULT NULL,
  `LIEFERTERMIN` date DEFAULT NULL,
  `MKSCHLUESSELFAKTOR` decimal(10,2) DEFAULT NULL,
  `NACHSATZPRICING` decimal(10,2) DEFAULT NULL,
  `NACHSPANNPRICING` decimal(10,2) DEFAULT NULL,
  `NBRTOTALVALIDATION` int(11) DEFAULT NULL,
  `PERCENTSEITENFAKTOR` int(11) DEFAULT NULL,
  `PRODUCTSCHLUESSELFAKTOR` decimal(10,2) DEFAULT NULL,
  `SEITENANZAHL` int(11) DEFAULT NULL,
  `SUMMDRUCK` decimal(10,2) DEFAULT NULL,
  `SUMMUNITPRICE` decimal(10,2) DEFAULT NULL,
  `SUMMEGLOBAL` decimal(10,2) DEFAULT NULL,
  `TEILNEHMERZAHL` int(11) DEFAULT NULL,
  `TEILNEHMERZAHLPRICING` decimal(10,2) DEFAULT NULL,
  `UMFANG` int(11) DEFAULT NULL,
  `UMSCHLAG` tinyint(1) DEFAULT '0',
  `UMSCHLAGFARBIGKEITELEMENTPRICING` decimal(10,2) DEFAULT NULL,
  `VORSPANNPRICING` decimal(10,2) DEFAULT NULL,
  `SCHLUESSEL_ID` bigint(20) DEFAULT NULL,
  `ARTDERWEITERVERARBEITUNG_ID` bigint(20) DEFAULT NULL,
  `AUFLAGE_ID` int(11) DEFAULT NULL,
  `AUSGABE_ID` bigint(20) DEFAULT NULL,
  `BAUKASTEN_ID` bigint(20) DEFAULT NULL,
  `BINDUNG_ID` varchar(255) DEFAULT NULL,
  `CATEGORY_ID` bigint(20) DEFAULT NULL,
  `CORRECTIONSCHLUESSEL_ID` bigint(20) DEFAULT NULL,
  `COVER_ID` varchar(255) DEFAULT NULL,
  `DEPARTMENT_ID` bigint(20) DEFAULT NULL,
  `DRUCKSEITEN_ID` bigint(20) DEFAULT NULL,
  `FARBIGKEIT_ID` varchar(255) DEFAULT NULL,
  `FORMATAUSWAEHLEN_ID` varchar(255) DEFAULT NULL,
  `KATALOGART_ID` bigint(20) DEFAULT NULL,
  `KONZEPTBEARBEITUNGFAKTOR_ID` bigint(20) DEFAULT NULL,
  `LAYOUT_ID` bigint(20) DEFAULT NULL,
  `MITGLIEDERKORREKTURFAKTOR_ID` bigint(20) DEFAULT NULL,
  `NACHSATZ_ID` bigint(20) DEFAULT NULL,
  `NACHSPANN_ID` bigint(20) DEFAULT NULL,
  `PAPIERMATERIALAUSWAEHLEN_ID` varchar(255) DEFAULT NULL,
  `PARTICIPANTFAKTOR_ID` bigint(20) DEFAULT NULL,
  `PRODUCT_ID` bigint(20) DEFAULT NULL,
  `PROZESS_ID` bigint(20) DEFAULT NULL,
  `REGISTER_ID` bigint(20) DEFAULT NULL,
  `UMSCHLAGFARBIGKEIT_ID` bigint(20) DEFAULT NULL,
  `UMSCHLAGFARBIGKEITELEMENT_ID` bigint(20) DEFAULT NULL,
  `UMSCHLAGPAPIERAUSWAEHLEN_ID` varchar(255) DEFAULT NULL,
  `USER_LOGIN` varchar(255) DEFAULT NULL,
  `VEREDLUNG_ID` varchar(255) DEFAULT NULL,
  `VORSPANN_ID` bigint(20) DEFAULT NULL,
  `WECHSELFASSUNGVARIANTFAKTOR_ID` bigint(20) DEFAULT NULL,
  PRIMARY KEY (`ID`),
  KEY `FK_DEMANDCATEGORY_PROZESS_ID` (`PROZESS_ID`),
  KEY `FK_DEMANDCATEGORY_REGISTER_ID` (`REGISTER_ID`),
  KEY `FK_DEMANDCATEGORY_CORRECTIONSCHLUESSEL_ID` (`CORRECTIONSCHLUESSEL_ID`),
  KEY `FK_DEMANDCATEGORY_PRODUCT_ID` (`PRODUCT_ID`),
  KEY `FK_DEMANDCATEGORY_CATEGORY_ID` (`CATEGORY_ID`),
  KEY `FK_DEMANDCATEGORY_UMSCHLAGFARBIGKEITELEMENT_ID` (`UMSCHLAGFARBIGKEITELEMENT_ID`),
  KEY `FK_DEMANDCATEGORY_DEPARTMENT_ID` (`DEPARTMENT_ID`),
  KEY `FK_DEMANDCATEGORY_KONZEPTBEARBEITUNGFAKTOR_ID` (`KONZEPTBEARBEITUNGFAKTOR_ID`),
  KEY `FK_DEMANDCATEGORY_VEREDLUNG_ID` (`VEREDLUNG_ID`),
  KEY `FK_DEMANDCATEGORY_COVER_ID` (`COVER_ID`),
  KEY `FK_DEMANDCATEGORY_PARTICIPANTFAKTOR_ID` (`PARTICIPANTFAKTOR_ID`),
  KEY `FK_DEMANDCATEGORY_LAYOUT_ID` (`LAYOUT_ID`),
  KEY `FK_DEMANDCATEGORY_DRUCKSEITEN_ID` (`DRUCKSEITEN_ID`),
  KEY `FK_DEMANDCATEGORY_NACHSPANN_ID` (`NACHSPANN_ID`),
  KEY `FK_DEMANDCATEGORY_MITGLIEDERKORREKTURFAKTOR_ID` (`MITGLIEDERKORREKTURFAKTOR_ID`),
  KEY `FK_DEMANDCATEGORY_USER_LOGIN` (`USER_LOGIN`),
  KEY `FK_DEMANDCATEGORY_BAUKASTEN_ID` (`BAUKASTEN_ID`),
  KEY `FK_DEMANDCATEGORY_KATALOGART_ID` (`KATALOGART_ID`),
  KEY `FK_DEMANDCATEGORY_FORMATAUSWAEHLEN_ID` (`FORMATAUSWAEHLEN_ID`),
  KEY `FK_DEMANDCATEGORY_SCHLUESSEL_ID` (`SCHLUESSEL_ID`),
  KEY `FK_DEMANDCATEGORY_ARTDERWEITERVERARBEITUNG_ID` (`ARTDERWEITERVERARBEITUNG_ID`),
  KEY `FK_DEMANDCATEGORY_AUFLAGE_ID` (`AUFLAGE_ID`),
  KEY `FK_DEMANDCATEGORY_NACHSATZ_ID` (`NACHSATZ_ID`),
  KEY `FK_DEMANDCATEGORY_UMSCHLAGPAPIERAUSWAEHLEN_ID` (`UMSCHLAGPAPIERAUSWAEHLEN_ID`),
  KEY `FK_DEMANDCATEGORY_BINDUNG_ID` (`BINDUNG_ID`),
  KEY `FK_DEMANDCATEGORY_PAPIERMATERIALAUSWAEHLEN_ID` (`PAPIERMATERIALAUSWAEHLEN_ID`),
  KEY `FK_DEMANDCATEGORY_UMSCHLAGFARBIGKEIT_ID` (`UMSCHLAGFARBIGKEIT_ID`),
  KEY `FK_DEMANDCATEGORY_VORSPANN_ID` (`VORSPANN_ID`),
  KEY `FK_DEMANDCATEGORY_WECHSELFASSUNGVARIANTFAKTOR_ID` (`WECHSELFASSUNGVARIANTFAKTOR_ID`),
  KEY `FK_DEMANDCATEGORY_AUSGABE_ID` (`AUSGABE_ID`),
  KEY `FK_DEMANDCATEGORY_FARBIGKEIT_ID` (`FARBIGKEIT_ID`),
  CONSTRAINT `FK_DEMANDCATEGORY_ARTDERWEITERVERARBEITUNG_ID` FOREIGN KEY (`ARTDERWEITERVERARBEITUNG_ID`) REFERENCES `artderweiterverarbeitung` (`ID`),
  CONSTRAINT `FK_DEMANDCATEGORY_AUFLAGE_ID` FOREIGN KEY (`AUFLAGE_ID`) REFERENCES `auflage` (`ID`),
  CONSTRAINT `FK_DEMANDCATEGORY_AUSGABE_ID` FOREIGN KEY (`AUSGABE_ID`) REFERENCES `ausgabe` (`ID`),
  CONSTRAINT `FK_DEMANDCATEGORY_BAUKASTEN_ID` FOREIGN KEY (`BAUKASTEN_ID`) REFERENCES `baukasten` (`ID`),
  CONSTRAINT `FK_DEMANDCATEGORY_BINDUNG_ID` FOREIGN KEY (`BINDUNG_ID`) REFERENCES `bindung` (`ID`),
  CONSTRAINT `FK_DEMANDCATEGORY_CATEGORY_ID` FOREIGN KEY (`CATEGORY_ID`) REFERENCES `category` (`ID`),
  CONSTRAINT `FK_DEMANDCATEGORY_CORRECTIONSCHLUESSEL_ID` FOREIGN KEY (`CORRECTIONSCHLUESSEL_ID`) REFERENCES `correctionschluessel` (`ID`),
  CONSTRAINT `FK_DEMANDCATEGORY_COVER_ID` FOREIGN KEY (`COVER_ID`) REFERENCES `cover` (`ID`),
  CONSTRAINT `FK_DEMANDCATEGORY_DEPARTMENT_ID` FOREIGN KEY (`DEPARTMENT_ID`) REFERENCES `departement` (`ID`),
  CONSTRAINT `FK_DEMANDCATEGORY_DRUCKSEITEN_ID` FOREIGN KEY (`DRUCKSEITEN_ID`) REFERENCES `seiten` (`ID`),
  CONSTRAINT `FK_DEMANDCATEGORY_FARBIGKEIT_ID` FOREIGN KEY (`FARBIGKEIT_ID`) REFERENCES `farbigkeit` (`ID`),
  CONSTRAINT `FK_DEMANDCATEGORY_FORMATAUSWAEHLEN_ID` FOREIGN KEY (`FORMATAUSWAEHLEN_ID`) REFERENCES `formatauswaehlen` (`ID`),
  CONSTRAINT `FK_DEMANDCATEGORY_KATALOGART_ID` FOREIGN KEY (`KATALOGART_ID`) REFERENCES `katalogart` (`ID`),
  CONSTRAINT `FK_DEMANDCATEGORY_KONZEPTBEARBEITUNGFAKTOR_ID` FOREIGN KEY (`KONZEPTBEARBEITUNGFAKTOR_ID`) REFERENCES `konzeptbearbeitungfaktor` (`ID`),
  CONSTRAINT `FK_DEMANDCATEGORY_LAYOUT_ID` FOREIGN KEY (`LAYOUT_ID`) REFERENCES `layout` (`ID`),
  CONSTRAINT `FK_DEMANDCATEGORY_MITGLIEDERKORREKTURFAKTOR_ID` FOREIGN KEY (`MITGLIEDERKORREKTURFAKTOR_ID`) REFERENCES `mitgliederkorrekturfaktor` (`ID`),
  CONSTRAINT `FK_DEMANDCATEGORY_NACHSATZ_ID` FOREIGN KEY (`NACHSATZ_ID`) REFERENCES `nachsatz` (`ID`),
  CONSTRAINT `FK_DEMANDCATEGORY_NACHSPANN_ID` FOREIGN KEY (`NACHSPANN_ID`) REFERENCES `nachspann` (`ID`),
  CONSTRAINT `FK_DEMANDCATEGORY_PAPIERMATERIALAUSWAEHLEN_ID` FOREIGN KEY (`PAPIERMATERIALAUSWAEHLEN_ID`) REFERENCES `papiermaterialauswaehlen` (`ID`),
  CONSTRAINT `FK_DEMANDCATEGORY_PARTICIPANTFAKTOR_ID` FOREIGN KEY (`PARTICIPANTFAKTOR_ID`) REFERENCES `participantfaktor` (`ID`),
  CONSTRAINT `FK_DEMANDCATEGORY_PRODUCT_ID` FOREIGN KEY (`PRODUCT_ID`) REFERENCES `product` (`ID`),
  CONSTRAINT `FK_DEMANDCATEGORY_PROZESS_ID` FOREIGN KEY (`PROZESS_ID`) REFERENCES `prozess` (`ID`),
  CONSTRAINT `FK_DEMANDCATEGORY_REGISTER_ID` FOREIGN KEY (`REGISTER_ID`) REFERENCES `register` (`ID`),
  CONSTRAINT `FK_DEMANDCATEGORY_SCHLUESSEL_ID` FOREIGN KEY (`SCHLUESSEL_ID`) REFERENCES `schluessel` (`ID`),
  CONSTRAINT `FK_DEMANDCATEGORY_UMSCHLAGFARBIGKEITELEMENT_ID` FOREIGN KEY (`UMSCHLAGFARBIGKEITELEMENT_ID`) REFERENCES `umschlagfarbigkeitelement` (`ID`),
  CONSTRAINT `FK_DEMANDCATEGORY_UMSCHLAGFARBIGKEIT_ID` FOREIGN KEY (`UMSCHLAGFARBIGKEIT_ID`) REFERENCES `umschlagfarbigkeit` (`ID`),
  CONSTRAINT `FK_DEMANDCATEGORY_UMSCHLAGPAPIERAUSWAEHLEN_ID` FOREIGN KEY (`UMSCHLAGPAPIERAUSWAEHLEN_ID`) REFERENCES `umschlagpapierauswaehlen` (`ID`),
  CONSTRAINT `FK_DEMANDCATEGORY_USER_LOGIN` FOREIGN KEY (`USER_LOGIN`) REFERENCES `user` (`LOGIN`),
  CONSTRAINT `FK_DEMANDCATEGORY_VEREDLUNG_ID` FOREIGN KEY (`VEREDLUNG_ID`) REFERENCES `veredlung` (`ID`),
  CONSTRAINT `FK_DEMANDCATEGORY_VORSPANN_ID` FOREIGN KEY (`VORSPANN_ID`) REFERENCES `vorspann` (`ID`),
  CONSTRAINT `FK_DEMANDCATEGORY_WECHSELFASSUNGVARIANTFAKTOR_ID` FOREIGN KEY (`WECHSELFASSUNGVARIANTFAKTOR_ID`) REFERENCES `wechselfassungvariantfaktor` (`ID`)
) ENGINE=InnoDB AUTO_INCREMENT=81 DEFAULT CHARSET=utf8;
/*!40101 SET character_set_client = @saved_cs_client */;

--
-- Dumping data for table `demandcategory`
--

LOCK TABLES `demandcategory` WRITE;
/*!40000 ALTER TABLE `demandcategory` DISABLE KEYS */;
INSERT INTO `demandcategory` VALUES (65,1244,778,5,5,404,1266,791,0,5,7,8,3,5,22,13,45,0,5.38,1650.00,352.79,5,'2017-09-08','2017-09-08',1,1.15,'2017-09-08',1.08,99.70,199.40,2,10,1.60,0,55670.00,14312.80,158637.58,5,1.00,459,0,92.03,199.40,NULL,NULL,1,7,1502,'Fadenheftung',1,1,'Hardcover',NULL,95,'4/4 c','A4',2,1,2,2,1903,1907,'65 g/qm',NULL,2,5,51,NULL,38,NULL,'admin',NULL,1,1),(66,500,63,7,4,695,555,69,0,7,3,5,3,6,55,6,78,0,26.90,1650.00,352.79,3,'2017-09-08','2017-09-08',1,1.00,'2017-09-08',1.00,99.70,199.40,2,10,8.00,0,3814640.00,14422.11,184607.13,6,1.00,787,0,92.03,199.40,NULL,NULL,15,7,1502,'Fadenheftung',1,1,'Hardcover',NULL,101,'4/4 c','A4',2,1,2,2,1903,1907,'65 g/qm',NULL,3,5,51,NULL,38,NULL,'admin',NULL,1,1),(72,200,100,2,2,196,222,111,0,2,2,2,1,2,22,11,22,0,5.70,1650.00,352.79,2,'2017-09-11','2017-09-11',1,1.00,'2017-09-11',1.00,99.70,199.40,2,10,2.00,0,51842.00,663.94,3657.72,2,1.00,222,0,92.03,199.40,NULL,NULL,6,7,1502,'Fadenheftung',1,1,'Hardcover',4,90,'4/4 c','A4',2,1,2,2,1903,1907,'65 g/qm',NULL,2,5,51,20,38,NULL,'rneumann',NULL,1,1),(73,180,50,3,5,145,200,55,0,23,4,8,4,5,20,5,19,0,12.10,1650.00,352.79,5,'2017-09-11','2017-09-11',1,1.10,'2017-09-11',1.05,99.70,199.40,2,10,3.60,0,51165.50,718.76,3855.38,5,1.00,190,0,92.03,199.40,NULL,NULL,1,7,1502,'Fadenheftung',1,1,'Hardcover',4,89,'4/4 c','A4',1,1,2,2,1903,1907,'65 g/qm',NULL,1,5,51,NULL,38,NULL,'rneumann',NULL,1,1),(76,600,125,6,5,588,666,138,0,6,4,6,4,5,66,13,66,0,16.10,1650.00,352.79,5,'2017-09-11','2017-09-11',1,1.00,'2017-09-11',1.00,99.70,199.40,2,10,4.80,0,58471.00,15094.79,214689.40,5,1.00,666,0,92.03,199.40,NULL,NULL,1,7,1502,'Fadenheftung',1,1,'Hardcover',4,99,'4/4 c','A4',2,1,2,2,1903,1907,'65 g/qm',NULL,1,5,51,NULL,38,NULL,'rneumann',NULL,1,1),(77,90,11,9,3,81,99,12,0,0,2,9,2,6,9,1,9,0,26.90,1650.00,352.79,3,'2017-09-11','2017-09-11',1,1.00,'2017-09-11',1.00,99.70,199.40,3,10,8.00,0,49504.50,14367.44,54426.08,6,1.00,99,0,92.03,199.40,NULL,NULL,1,7,1502,'Fadenheftung',1,1,'Hardcover',4,87,'4/4 c','A4',1,1,1,2,1903,1907,'65 g/qm',NULL,1,5,51,NULL,38,NULL,'rneumann',NULL,1,1),(79,800,222,8,5,784,888,246,0,8,6,8,6,0,88,24,88,0,12.10,560.00,352.79,5,'2017-09-14','2017-09-14',1,1.10,'2017-09-14',1.05,99.70,199.40,2,10,3.60,0,727245.00,13400.89,213625.54,6,1.00,888,0,92.03,199.40,NULL,NULL,6,8,1502,'Fadenheftung',1,1,'Hardcover',NULL,103,'4/4 c','A4',1,1,2,2,1903,1907,'65 g/qm',NULL,2,6,51,NULL,38,NULL,'admin',NULL,1,1),(80,90,11,10,3,880,100,12,0,10,3,6,3,0,10,1,100,0,26.90,1680.00,352.79,3,'2017-09-14','2017-09-14',1,1.00,'2017-09-14',1.00,199.40,199.40,1,10,8.00,0,976627.50,56.25,450.00,4,1.00,1000,0,322.00,199.40,NULL,NULL,6,7,1502,'Fadenheftung',1,1,'Hardcover',4,105,'4/4 c','A4',2,1,2,2,1904,1907,'65 g/qm',NULL,8,5,51,NULL,21,NULL,'rneumann',NULL,1,1);
/*!40000 ALTER TABLE `demandcategory` ENABLE KEYS */;
UNLOCK TABLES;

--
-- Table structure for table `demandcategorycalculation`
--

DROP TABLE IF EXISTS `demandcategorycalculation`;
/*!40101 SET @saved_cs_client     = @@character_set_client */;
/*!40101 SET character_set_client = utf8 */;
CREATE TABLE `demandcategorycalculation` (
  `ID` bigint(20) NOT NULL AUTO_INCREMENT,
  `SUMME` decimal(10,2) DEFAULT NULL,
  `SUMMEGLOBAL` decimal(10,2) DEFAULT NULL,
  `VALIDE` tinyint(1) DEFAULT '0',
  `DEMANDCATEGORYDEPARTEMENTCALCULATION_ID` bigint(20) DEFAULT NULL,
  `DEPARTEMENTCRITERIA_ID` bigint(20) DEFAULT NULL,
  PRIMARY KEY (`ID`),
  KEY `DMNDCTGRYCLCULATIONDMNDCTGRYDPRTEMENTCALCULATIONID` (`DEMANDCATEGORYDEPARTEMENTCALCULATION_ID`),
  KEY `DEMANDCATEGORYCALCULATION_DEPARTEMENTCRITERIA_ID` (`DEPARTEMENTCRITERIA_ID`),
  CONSTRAINT `DEMANDCATEGORYCALCULATION_DEPARTEMENTCRITERIA_ID` FOREIGN KEY (`DEPARTEMENTCRITERIA_ID`) REFERENCES `departementcriteria` (`ID`),
  CONSTRAINT `DMNDCTGRYCLCULATIONDMNDCTGRYDPRTEMENTCALCULATIONID` FOREIGN KEY (`DEMANDCATEGORYDEPARTEMENTCALCULATION_ID`) REFERENCES `demandcategorydepartementcalculation` (`ID`)
) ENGINE=InnoDB AUTO_INCREMENT=2000 DEFAULT CHARSET=utf8;
/*!40101 SET character_set_client = @saved_cs_client */;

--
-- Dumping data for table `demandcategorycalculation`
--

LOCK TABLES `demandcategorycalculation` WRITE;
/*!40000 ALTER TABLE `demandcategorycalculation` DISABLE KEYS */;
INSERT INTO `demandcategorycalculation` VALUES (1822,225.00,1406.25,0,442,1),(1823,333.01,7176.94,0,442,2),(1824,56.53,1256.06,0,442,3),(1825,25.00,8005.90,0,442,4),(1826,60.93,23868.45,0,442,5),(1827,142.51,3358.13,0,442,6),(1828,115.74,2706.35,0,442,7),(1829,45.00,382.50,0,442,8),(1830,56.25,562.50,0,443,9),(1831,28.64,93.62,0,443,10),(1832,149.63,606.38,0,443,11),(1833,0.28,356.06,0,443,12),(1834,33.60,8071.20,0,443,13),(1835,0.06,71.21,0,443,14),(1836,6201.90,17169.60,0,444,15),(1837,169.50,25960.50,0,444,16),(1838,31.50,13798.50,0,444,17),(1839,31.50,7005.50,0,444,18),(1840,114.10,23267.90,0,444,19),(1841,0.00,0.00,0,444,20),(1842,739.87,4725.40,0,445,28),(1843,0.00,0.00,0,446,21),(1844,0.00,0.00,0,446,22),(1845,0.00,0.00,0,446,23),(1846,0.00,0.00,0,446,29),(1847,21.00,273.00,0,446,31),(1848,0.00,0.00,0,447,24),(1849,5000.00,5000.00,0,447,25),(1850,731.25,3515.63,0,448,27),(1851,689.25,5449.85,0,449,28),(1852,0.06,31.22,0,450,14),(1853,56.25,562.50,0,450,9),(1854,30.00,4320.00,0,450,13),(1855,0.28,156.09,0,450,12),(1856,149.63,579.38,0,450,11),(1857,28.64,101.26,0,450,10),(1858,30.00,180.00,0,451,31),(1859,0.00,0.00,0,451,29),(1860,0.00,0.00,0,451,23),(1861,0.00,0.00,0,451,21),(1862,112.50,900.00,0,451,22),(1863,0.00,0.00,0,452,20),(1864,6201.90,17792.80,0,452,15),(1865,114.10,39859.20,0,452,19),(1866,31.50,23686.50,0,452,17),(1867,31.50,12045.00,0,452,18),(1868,169.50,44737.50,0,452,16),(1869,590.63,2320.32,0,453,27),(1870,59.08,9534.40,0,454,5),(1871,225.00,1406.25,0,454,1),(1872,517.51,4098.94,0,454,2),(1873,115.74,3474.34,0,454,7),(1874,25.00,5560.48,0,454,4),(1875,142.51,1462.51,0,454,6),(1876,56.53,1056.09,0,454,3),(1877,45.00,292.50,0,454,8),(1878,5000.00,5000.00,0,455,25),(1910,663.94,3657.72,0,466,28),(1911,718.76,3855.38,0,467,28),(1913,739.87,5284.30,0,469,28),(1914,225.00,1406.25,0,470,1),(1915,449.45,4068.01,0,470,2),(1916,142.51,1811.25,0,470,6),(1917,115.74,3135.52,0,470,7),(1918,56.53,1087.31,0,470,3),(1919,45.00,315.00,0,470,8),(1920,59.08,11421.56,0,470,5),(1921,25.00,5296.19,0,470,4),(1922,0.06,37.46,0,471,14),(1923,56.25,562.50,0,471,9),(1924,0.28,187.31,0,471,12),(1925,30.00,5184.00,0,471,13),(1926,149.63,616.50,0,471,11),(1927,28.64,134.11,0,471,10),(1928,731.25,3515.63,0,472,27),(1929,198.00,27324.00,0,473,29),(1930,350.00,2800.00,0,473,22),(1931,114.00,15732.00,0,473,21),(1932,30.00,390.00,0,473,31),(1933,0.00,0.00,0,473,23),(1934,31.50,20043.00,0,474,17),(1935,169.50,37851.00,0,474,16),(1936,31.50,10191.00,0,474,18),(1937,114.10,33732.60,0,474,19),(1938,0.00,0.00,0,474,20),(1939,6201.90,17562.90,0,474,15),(1940,5000.00,5000.00,0,475,25),(1941,5.63,67.50,0,476,4),(1942,59.08,1811.27,0,476,5),(1943,0.00,0.00,0,476,8),(1944,112.50,618.75,0,476,1),(1945,142.51,466.88,0,476,6),(1946,56.53,927.84,0,476,3),(1947,115.74,1421.47,0,476,7),(1948,128.82,580.50,0,476,2),(1949,668.14,3445.44,0,477,28),(1950,28.64,59.01,0,478,10),(1951,0.06,5.57,0,478,14),(1952,0.28,27.84,0,478,12),(1953,56.25,562.50,0,478,9),(1954,149.63,587.25,0,478,11),(1955,30.00,756.00,0,478,13),(1956,590.63,1856.26,0,479,27),(1957,0.00,0.00,0,480,23),(1958,350.00,2800.00,0,480,22),(1959,198.00,2376.00,0,480,29),(1960,114.00,1368.00,0,480,21),(1961,30.00,30.00,0,480,31),(1962,27.50,1260.00,0,481,18),(1963,111.60,4734.90,0,481,19),(1964,162.50,4635.00,0,481,16),(1965,27.50,2542.50,0,481,17),(1966,6201.90,16485.60,0,481,15),(1967,0.00,0.00,0,481,20),(1968,5000.00,5000.00,0,482,25),(1970,225.00,1406.25,0,484,1),(1971,572.63,5706.00,0,484,2),(1972,56.53,1149.75,0,484,3),(1973,23.31,7362.32,0,484,4),(1974,60.30,16320.38,0,484,5),(1975,142.51,2508.75,0,484,6),(1976,115.74,3823.14,0,484,7),(1977,45.00,360.00,0,484,8),(1978,56.25,562.50,0,485,9),(1979,28.64,199.13,0,485,10),(1980,149.63,690.75,0,485,11),(1981,0.28,249.75,0,485,12),(1982,27.00,5936.00,0,485,13),(1983,0.06,49.95,0,485,14),(1984,5111.90,16894.70,0,486,15),(1985,169.50,50468.00,0,486,16),(1986,31.50,26724.00,0,486,17),(1987,31.50,13588.00,0,486,18),(1988,114.10,44976.80,0,486,19),(1989,0.00,0.00,0,486,20),(1990,678.26,5413.74,0,487,28),(1991,0.00,0.00,0,488,21),(1992,0.00,0.00,0,488,22),(1993,0.00,0.00,0,488,23),(1994,0.00,0.00,0,488,29),(1995,30.00,720.00,0,488,31),(1996,0.00,0.00,0,489,24),(1997,5000.00,5000.00,0,489,25),(1998,731.25,3515.63,0,490,27),(1999,56.25,450.00,0,491,28);
/*!40000 ALTER TABLE `demandcategorycalculation` ENABLE KEYS */;
UNLOCK TABLES;

--
-- Table structure for table `demandcategorycalculationitem`
--

DROP TABLE IF EXISTS `demandcategorycalculationitem`;
/*!40101 SET @saved_cs_client     = @@character_set_client */;
/*!40101 SET character_set_client = utf8 */;
CREATE TABLE `demandcategorycalculationitem` (
  `ID` bigint(20) NOT NULL AUTO_INCREMENT,
  `CALCULTAED` tinyint(1) DEFAULT '0',
  `PRICE` decimal(10,2) DEFAULT NULL,
  `PRICEGLOBAL` decimal(10,2) DEFAULT NULL,
  `PRICEGLOBALUPDATE` decimal(10,2) DEFAULT NULL,
  `PRICEUPDATE` decimal(10,2) DEFAULT NULL,
  `DEMANDCATEGORYCALCULATION_ID` bigint(20) DEFAULT NULL,
  `DEPARTEMENTCRITERIAITEM_ID` bigint(20) DEFAULT NULL,
  PRIMARY KEY (`ID`),
  KEY `DMNDCATEGORYCALCULATIONITEMDPRTEMENTCRITERIAITEMID` (`DEPARTEMENTCRITERIAITEM_ID`),
  KEY `DMNDCTEGORYCALCULATIONITEMDMNDCTEGORYCALCULATIONID` (`DEMANDCATEGORYCALCULATION_ID`),
  CONSTRAINT `DMNDCATEGORYCALCULATIONITEMDPRTEMENTCRITERIAITEMID` FOREIGN KEY (`DEPARTEMENTCRITERIAITEM_ID`) REFERENCES `departementcriteriaitem` (`ID`),
  CONSTRAINT `DMNDCTEGORYCALCULATIONITEMDMNDCTEGORYCALCULATIONID` FOREIGN KEY (`DEMANDCATEGORYCALCULATION_ID`) REFERENCES `demandcategorycalculation` (`ID`)
) ENGINE=InnoDB AUTO_INCREMENT=8188 DEFAULT CHARSET=utf8;
/*!40101 SET character_set_client = @saved_cs_client */;

--
-- Dumping data for table `demandcategorycalculationitem`
--

LOCK TABLES `demandcategorycalculationitem` WRITE;
/*!40000 ALTER TABLE `demandcategorycalculationitem` DISABLE KEYS */;
INSERT INTO `demandcategorycalculationitem` VALUES (7366,1,56.25,450.00,450.00,56.25,1822,1),(7367,1,56.25,337.50,337.50,56.25,1822,2),(7368,1,56.25,168.75,168.75,56.25,1822,7),(7369,1,56.25,450.00,450.00,56.25,1822,8),(7370,1,56.25,56.25,56.25,56.25,1823,3),(7371,1,258.19,2065.50,2065.50,258.19,1823,4),(7372,1,6.19,4894.31,4894.31,6.19,1823,16),(7373,1,12.38,160.88,160.88,12.38,1823,17),(7374,1,0.28,356.06,356.06,0.28,1824,11),(7375,1,56.25,900.00,900.00,56.25,1824,12),(7376,1,6.43,2950.71,2950.71,6.43,1825,13),(7377,1,12.38,160.88,160.88,12.38,1825,19),(7378,1,6.19,4894.31,4894.31,6.19,1825,20),(7379,1,28.13,84.38,84.38,28.13,1826,14),(7380,1,14.06,70.31,70.31,14.06,1826,15),(7381,1,6.47,8189.44,8189.44,6.47,1826,21),(7382,1,1.88,2373.75,2373.75,1.88,1826,22),(7383,1,6.08,7690.95,7690.95,6.08,1826,23),(7384,1,4.31,5459.62,5459.62,4.31,1826,24),(7385,1,1.88,2373.75,2373.75,1.88,1827,25),(7386,1,140.63,984.38,984.38,140.63,1827,26),(7387,1,0.28,222.47,222.47,0.28,1828,27),(7388,1,56.25,675.00,675.00,56.25,1828,28),(7389,1,56.25,450.00,450.00,56.25,1828,29),(7390,1,2.96,1358.88,1358.88,2.96,1828,30),(7391,1,22.50,157.50,157.50,22.50,1829,31),(7392,1,22.50,225.00,225.00,22.50,1829,32),(7393,1,56.25,562.50,562.50,56.25,1830,5),(7394,1,0.23,3.05,3.05,0.23,1831,33),(7395,1,0.28,6.19,6.19,0.28,1831,34),(7396,1,28.13,84.38,84.38,28.13,1831,35),(7397,1,56.25,225.00,225.00,56.25,1832,36),(7398,1,28.13,84.38,84.38,28.13,1832,37),(7399,1,9.00,72.00,72.00,9.00,1832,38),(7400,1,56.25,225.00,225.00,56.25,1832,39),(7401,1,0.28,356.06,356.06,0.28,1833,40),(7402,1,6.90,151.80,151.80,6.90,1834,6),(7403,1,20.70,455.40,455.40,20.70,1834,65),(7404,1,6.00,7464.00,7464.00,6.00,1834,66),(7405,1,0.06,71.21,71.21,0.06,1835,41),(7406,1,70.00,140.00,140.00,70.00,1836,67),(7407,1,70.00,1680.00,1680.00,70.00,1836,68),(7408,1,70.00,560.00,560.00,70.00,1836,69),(7409,1,70.00,1120.00,1120.00,70.00,1836,70),(7410,1,70.00,280.00,280.00,70.00,1836,71),(7411,1,70.00,840.00,840.00,70.00,1836,72),(7412,1,70.00,17.50,17.50,70.00,1836,73),(7413,1,1650.00,1650.00,1650.00,1650.00,1836,74),(7414,1,0.00,0.00,0.00,0.00,1836,75),(7415,1,70.00,280.00,280.00,70.00,1836,76),(7416,1,70.00,280.00,280.00,70.00,1836,77),(7417,1,750.00,750.00,750.00,750.00,1836,78),(7418,1,70.00,5600.00,5600.00,70.00,1836,79),(7419,1,0.00,0.00,0.00,0.00,1836,80),(7420,1,1.90,872.10,872.10,1.90,1836,81),(7421,1,1500.00,1500.00,1500.00,1500.00,1836,82),(7422,1,1600.00,1600.00,1600.00,1600.00,1836,83),(7423,1,12.00,4848.00,4848.00,12.00,1837,84),(7424,1,120.00,5400.00,5400.00,120.00,1837,85),(7425,1,25.00,10100.00,10100.00,25.00,1837,86),(7426,1,1.00,449.00,449.00,1.00,1837,87),(7427,1,11.50,5163.50,5163.50,11.50,1837,88),(7428,1,12.00,4848.00,4848.00,12.00,1838,89),(7429,1,17.00,7803.00,7803.00,17.00,1838,90),(7430,1,2.50,1147.50,1147.50,2.50,1838,91),(7431,1,12.00,2424.00,2424.00,12.00,1839,92),(7432,1,17.00,3434.00,3434.00,17.00,1839,93),(7433,1,2.50,1147.50,1147.50,2.50,1839,94),(7434,1,15.00,688.50,688.50,15.00,1840,95),(7435,1,3.50,1606.50,1606.50,3.50,1840,96),(7436,1,1.50,606.00,606.00,1.50,1840,97),(7437,1,25.00,125.00,125.00,25.00,1840,98),(7438,1,25.00,0.00,0.00,25.00,1840,99),(7439,1,5.60,2570.40,2570.40,5.60,1840,100),(7440,1,6.50,2983.50,2983.50,6.50,1840,101),(7441,1,6.50,2983.50,2983.50,6.50,1840,102),(7442,1,6.50,2983.50,2983.50,6.50,1840,103),(7443,1,6.50,2983.50,2983.50,6.50,1840,104),(7444,1,12.50,5737.50,5737.50,12.50,1840,105),(7445,1,0.00,0.00,0.00,0.00,1841,106),(7446,1,0.00,0.00,0.00,0.00,1841,107),(7447,1,37.13,445.50,445.50,37.13,1842,48),(7448,1,37.13,222.75,222.75,37.13,1842,49),(7449,1,67.50,243.00,243.00,67.50,1842,50),(7450,1,61.88,495.00,495.00,61.88,1842,51),(7451,1,56.25,168.75,168.75,56.25,1842,52),(7452,1,61.88,247.50,247.50,61.88,1842,53),(7453,1,34.03,170.16,170.16,34.03,1842,54),(7454,1,126.56,506.25,506.25,126.56,1842,55),(7455,1,2.25,1032.75,1032.75,2.25,1842,58),(7456,1,0.45,206.55,206.55,0.45,1842,59),(7457,1,67.50,303.75,303.75,67.50,1842,60),(7458,1,67.50,337.50,337.50,67.50,1842,61),(7459,1,7.31,36.56,36.56,7.31,1842,62),(7460,1,56.25,168.75,168.75,56.25,1842,63),(7461,1,56.25,140.63,140.63,56.25,1842,64),(7462,0,57.00,45087.00,0.00,0.00,1843,108),(7463,0,57.00,45087.00,0.00,0.00,1843,109),(7464,0,162.50,1300.00,0.00,0.00,1844,110),(7465,0,75.00,600.00,0.00,0.00,1844,111),(7466,0,112.50,900.00,0.00,0.00,1844,112),(7467,0,0.00,0.00,0.00,0.00,1845,113),(7468,0,125.00,98875.00,0.00,0.00,1846,114),(7469,0,50.00,39550.00,0.00,0.00,1846,115),(7470,0,23.00,18193.00,0.00,0.00,1846,116),(7471,1,10.00,130.00,130.00,10.00,1847,117),(7472,1,9.00,117.00,117.00,9.00,1847,118),(7473,0,9.00,117.00,0.00,0.00,1847,119),(7474,1,2.00,26.00,26.00,2.00,1847,120),(7475,0,0.00,0.00,0.00,0.00,1847,121),(7476,1,5000.00,5000.00,5000.00,5000.00,1849,122),(7477,1,253.13,1265.63,1265.63,253.13,1850,42),(7478,1,281.25,1406.25,1406.25,281.25,1850,43),(7479,1,70.31,351.56,351.56,70.31,1850,44),(7480,1,14.06,70.31,70.31,14.06,1850,45),(7481,1,56.25,337.50,337.50,56.25,1850,46),(7482,1,56.25,84.38,84.38,56.25,1850,47),(7483,1,7.31,43.88,43.88,7.31,1851,62),(7484,1,75.94,303.75,303.75,75.94,1851,55),(7485,1,67.50,303.75,303.75,67.50,1851,60),(7486,1,37.13,445.50,445.50,37.13,1851,48),(7487,1,2.25,1770.75,1770.75,2.25,1851,58),(7488,1,0.45,354.15,354.15,0.45,1851,59),(7489,1,56.25,140.63,140.63,56.25,1851,64),(7490,1,34.03,204.19,204.19,34.03,1851,54),(7491,1,56.25,168.75,168.75,56.25,1851,63),(7492,1,37.13,222.75,222.75,37.13,1851,49),(7493,1,56.25,168.75,168.75,56.25,1851,52),(7494,1,67.50,243.00,243.00,67.50,1851,50),(7495,1,61.88,247.50,247.50,61.88,1851,53),(7496,1,61.88,495.00,495.00,61.88,1851,51),(7497,1,67.50,337.50,337.50,67.50,1851,61),(7498,1,6.00,330.00,330.00,6.00,1854,6),(7499,1,56.25,562.50,562.50,56.25,1853,5),(7500,1,18.00,990.00,990.00,18.00,1854,65),(7501,1,28.13,84.38,84.38,28.13,1856,37),(7502,1,9.00,45.00,45.00,9.00,1856,38),(7503,1,0.28,15.47,15.47,0.28,1857,34),(7504,1,56.25,225.00,225.00,56.25,1856,39),(7505,1,0.06,31.22,31.22,0.06,1852,41),(7506,1,28.13,84.38,84.38,28.13,1857,35),(7507,1,0.28,156.09,156.09,0.28,1855,40),(7508,1,6.00,3000.00,3000.00,6.00,1854,66),(7509,1,0.23,1.41,1.41,0.23,1857,33),(7510,1,56.25,225.00,225.00,56.25,1856,36),(7511,0,50.00,3450.00,0.00,0.00,1859,115),(7512,1,2.00,12.00,12.00,2.00,1858,120),(7513,1,9.00,54.00,54.00,9.00,1858,118),(7514,0,125.00,8625.00,0.00,0.00,1859,114),(7515,1,0.00,0.00,0.00,0.00,1860,113),(7516,1,0.00,0.00,0.00,0.00,1858,121),(7517,1,112.50,900.00,900.00,112.50,1862,112),(7518,0,23.00,1587.00,0.00,0.00,1859,116),(7519,1,10.00,60.00,60.00,10.00,1858,117),(7520,0,57.00,3933.00,0.00,0.00,1861,109),(7521,0,75.00,600.00,0.00,0.00,1862,111),(7522,0,162.50,1300.00,0.00,0.00,1862,110),(7523,1,9.00,54.00,54.00,9.00,1858,119),(7524,0,57.00,3933.00,0.00,0.00,1861,108),(7525,1,25.00,175.00,175.00,25.00,1865,98),(7526,1,1500.00,1500.00,1500.00,1500.00,1864,82),(7527,1,1.90,1495.30,1495.30,1.90,1864,81),(7528,1,70.00,1120.00,1120.00,70.00,1864,70),(7529,1,12.50,9837.50,9837.50,12.50,1865,105),(7530,1,6.50,5115.50,5115.50,6.50,1865,102),(7531,1,70.00,1680.00,1680.00,70.00,1864,68),(7532,1,70.00,140.00,140.00,70.00,1864,67),(7533,1,15.00,1180.50,1180.50,15.00,1865,95),(7534,1,1.50,1042.50,1042.50,1.50,1865,97),(7535,1,5.60,4407.20,4407.20,5.60,1865,100),(7536,1,70.00,560.00,560.00,70.00,1864,69),(7537,1,70.00,280.00,280.00,70.00,1864,71),(7538,1,750.00,750.00,750.00,750.00,1864,78),(7539,1,17.00,5907.50,5907.50,17.00,1867,93),(7540,1,6.50,5115.50,5115.50,6.50,1865,103),(7541,1,70.00,280.00,280.00,70.00,1864,77),(7542,1,70.00,17.50,17.50,70.00,1864,73),(7543,1,1.00,773.00,773.00,1.00,1868,87),(7544,1,1600.00,1600.00,1600.00,1600.00,1864,83),(7545,1,12.00,8340.00,8340.00,12.00,1868,84),(7546,1,0.00,0.00,0.00,0.00,1863,107),(7547,1,120.00,9360.00,9360.00,120.00,1868,85),(7548,1,1650.00,1650.00,1650.00,1650.00,1864,74),(7549,1,12.00,8340.00,8340.00,12.00,1866,89),(7550,1,70.00,280.00,280.00,70.00,1864,76),(7551,1,6.50,5115.50,5115.50,6.50,1865,101),(7552,1,70.00,5600.00,5600.00,70.00,1864,79),(7553,1,3.50,2754.50,2754.50,3.50,1865,96),(7554,1,0.00,0.00,0.00,0.00,1863,106),(7555,1,70.00,840.00,840.00,70.00,1864,72),(7556,1,6.50,5115.50,5115.50,6.50,1865,104),(7557,1,2.50,1967.50,1967.50,2.50,1866,91),(7558,1,0.00,0.00,0.00,0.00,1864,80),(7559,1,17.00,13379.00,13379.00,17.00,1866,90),(7560,1,25.00,17375.00,17375.00,25.00,1868,86),(7561,1,2.50,1967.50,1967.50,2.50,1867,94),(7562,1,11.50,8889.50,8889.50,11.50,1868,88),(7563,1,12.00,4170.00,4170.00,12.00,1867,92),(7564,1,0.00,0.00,0.00,0.00,1864,75),(7565,1,25.00,0.00,0.00,25.00,1865,99),(7566,1,56.25,84.38,84.38,56.25,1869,47),(7567,1,168.75,675.00,675.00,168.75,1869,43),(7568,1,42.19,168.75,168.75,42.19,1869,44),(7569,1,56.25,337.50,337.50,56.25,1869,46),(7570,1,253.13,1012.50,1012.50,253.13,1869,42),(7571,1,14.06,42.19,42.19,14.06,1869,45),(7572,1,5.63,3121.88,3121.88,5.63,1870,23),(7573,1,56.25,450.00,450.00,56.25,1871,8),(7574,1,0.28,19.41,19.41,0.28,1873,27),(7575,1,2.96,2329.93,2329.93,2.96,1873,30),(7576,1,28.13,84.38,84.38,28.13,1870,14),(7577,1,0.28,156.09,156.09,0.28,1876,11),(7578,1,22.50,67.50,67.50,22.50,1877,31),(7579,1,56.25,168.75,168.75,56.25,1871,7),(7580,1,56.25,450.00,450.00,56.25,1871,1),(7581,1,140.63,421.88,421.88,140.63,1875,26),(7582,1,1.88,1040.63,1040.63,1.88,1870,22),(7583,1,56.25,337.50,337.50,56.25,1871,2),(7584,1,12.38,74.25,74.25,12.38,1872,17),(7585,1,22.50,225.00,225.00,22.50,1877,32),(7586,1,14.06,84.38,84.38,14.06,1870,15),(7587,1,56.25,450.00,450.00,56.25,1873,29),(7588,1,5.63,3121.88,3121.88,5.63,1870,21),(7589,1,56.25,56.25,56.25,56.25,1872,3),(7590,1,1.88,1040.63,1040.63,1.88,1875,25),(7591,1,3.75,2081.25,2081.25,3.75,1870,24),(7592,1,442.69,3541.50,3541.50,442.69,1872,4),(7593,1,56.25,675.00,675.00,56.25,1873,28),(7594,1,56.25,900.00,900.00,56.25,1876,12),(7595,1,12.38,74.25,74.25,12.38,1874,19),(7596,1,6.19,426.94,426.94,6.19,1874,20),(7597,1,6.43,5059.29,5059.29,6.43,1874,13),(7598,1,6.19,426.94,426.94,6.19,1872,16),(7599,1,5000.00,5000.00,5000.00,5000.00,1878,122),(7762,1,37.13,445.50,445.50,37.13,1910,48),(7763,1,37.13,222.75,222.75,37.13,1910,49),(7764,1,67.50,243.00,243.00,67.50,1910,50),(7765,1,61.88,495.00,495.00,61.88,1910,51),(7766,1,56.25,168.75,168.75,56.25,1910,52),(7767,1,61.88,247.50,247.50,61.88,1910,53),(7768,1,34.03,68.06,68.06,34.03,1910,54),(7769,1,50.63,202.50,202.50,50.63,1910,55),(7770,1,2.25,499.50,499.50,2.25,1910,58),(7771,1,0.45,99.90,99.90,0.45,1910,59),(7772,1,67.50,303.75,303.75,67.50,1910,60),(7773,1,67.50,337.50,337.50,67.50,1910,61),(7774,1,7.31,14.63,14.63,7.31,1910,62),(7775,1,56.25,168.75,168.75,56.25,1910,63),(7776,1,56.25,140.63,140.63,56.25,1910,64),(7777,1,33.75,405.00,405.00,33.75,1911,48),(7778,1,33.75,202.50,202.50,33.75,1911,49),(7779,1,67.50,243.00,243.00,67.50,1911,50),(7780,1,56.25,450.00,450.00,56.25,1911,51),(7781,1,56.25,168.75,168.75,56.25,1911,52),(7782,1,56.25,225.00,225.00,56.25,1911,53),(7783,1,30.94,154.69,154.69,30.94,1911,54),(7784,1,126.56,506.25,506.25,126.56,1911,55),(7785,1,2.25,427.50,427.50,2.25,1911,58),(7786,1,0.45,85.50,85.50,0.45,1911,59),(7787,1,67.50,303.75,303.75,67.50,1911,60),(7788,1,67.50,337.50,337.50,67.50,1911,61),(7789,1,7.31,36.56,36.56,7.31,1911,62),(7790,1,56.25,168.75,168.75,56.25,1911,63),(7791,1,56.25,140.63,140.63,56.25,1911,64),(7806,1,61.88,495.00,495.00,61.88,1913,51),(7807,1,34.03,170.16,170.16,34.03,1913,54),(7808,1,67.50,243.00,243.00,67.50,1913,50),(7809,1,56.25,168.75,168.75,56.25,1913,63),(7810,1,0.45,299.70,299.70,0.45,1913,59),(7811,1,56.25,168.75,168.75,56.25,1913,52),(7812,1,67.50,303.75,303.75,67.50,1913,60),(7813,1,37.13,445.50,445.50,37.13,1913,48),(7814,1,61.88,247.50,247.50,61.88,1913,53),(7815,1,37.13,222.75,222.75,37.13,1913,49),(7816,1,67.50,337.50,337.50,67.50,1913,61),(7817,1,2.25,1498.50,1498.50,2.25,1913,58),(7818,1,126.56,506.25,506.25,126.56,1913,55),(7819,1,56.25,140.63,140.63,56.25,1913,64),(7820,1,7.31,36.56,36.56,7.31,1913,62),(7821,1,56.25,337.50,337.50,56.25,1914,2),(7822,1,56.25,56.25,56.25,56.25,1915,3),(7823,1,56.25,675.00,675.00,56.25,1917,28),(7824,1,0.28,187.31,187.31,0.28,1918,11),(7825,1,22.50,90.00,90.00,22.50,1919,31),(7826,1,6.43,4281.43,4281.43,6.43,1921,13),(7827,1,6.19,853.88,853.88,6.19,1921,20),(7828,1,1.88,1248.75,1248.75,1.88,1916,25),(7829,1,56.25,450.00,450.00,56.25,1914,1),(7830,1,6.19,853.88,853.88,6.19,1915,16),(7831,1,140.63,562.50,562.50,140.63,1916,26),(7832,1,374.63,2997.00,2997.00,374.63,1915,4),(7833,1,3.75,2497.50,2497.50,3.75,1920,24),(7834,1,2.96,1971.71,1971.71,2.96,1917,30),(7835,1,56.25,900.00,900.00,56.25,1918,12),(7836,1,56.25,168.75,168.75,56.25,1914,7),(7837,1,56.25,450.00,450.00,56.25,1917,29),(7838,1,22.50,225.00,225.00,22.50,1919,32),(7839,1,0.28,38.81,38.81,0.28,1917,27),(7840,1,5.63,3746.25,3746.25,5.63,1920,23),(7841,1,12.38,160.88,160.88,12.38,1921,19),(7842,1,56.25,450.00,450.00,56.25,1914,8),(7843,1,5.63,3746.25,3746.25,5.63,1920,21),(7844,1,1.88,1248.75,1248.75,1.88,1920,22),(7845,1,12.38,160.88,160.88,12.38,1915,17),(7846,1,28.13,112.50,112.50,28.13,1920,14),(7847,1,14.06,70.31,70.31,14.06,1920,15),(7848,1,0.28,18.56,18.56,0.28,1927,34),(7849,1,6.00,3600.00,3600.00,6.00,1925,66),(7850,1,18.00,1188.00,1188.00,18.00,1925,65),(7851,1,0.23,3.05,3.05,0.23,1927,33),(7852,1,56.25,562.50,562.50,56.25,1923,5),(7853,1,56.25,225.00,225.00,56.25,1926,36),(7854,1,6.00,396.00,396.00,6.00,1925,6),(7855,1,9.00,54.00,54.00,9.00,1926,38),(7856,1,0.28,187.31,187.31,0.28,1924,40),(7857,1,0.06,37.46,37.46,0.06,1922,41),(7858,1,28.13,112.50,112.50,28.13,1926,37),(7859,1,28.13,112.50,112.50,28.13,1927,35),(7860,1,56.25,225.00,225.00,56.25,1926,39),(7861,1,14.06,70.31,70.31,14.06,1928,45),(7862,1,281.25,1406.25,1406.25,281.25,1928,43),(7863,1,70.31,351.56,351.56,70.31,1928,44),(7864,1,253.13,1265.63,1265.63,253.13,1928,42),(7865,1,56.25,84.38,84.38,56.25,1928,47),(7866,1,56.25,337.50,337.50,56.25,1928,46),(7867,1,2.00,26.00,26.00,2.00,1932,120),(7868,1,162.50,1300.00,1300.00,162.50,1930,110),(7869,1,9.00,117.00,117.00,9.00,1932,119),(7870,1,50.00,6900.00,6900.00,50.00,1929,115),(7871,1,75.00,600.00,600.00,75.00,1930,111),(7872,1,0.00,0.00,0.00,0.00,1932,121),(7873,1,10.00,130.00,130.00,10.00,1932,117),(7874,1,0.00,0.00,0.00,0.00,1933,113),(7875,1,112.50,900.00,900.00,112.50,1930,112),(7876,1,23.00,3174.00,3174.00,23.00,1929,116),(7877,1,9.00,117.00,117.00,9.00,1932,118),(7878,1,57.00,7866.00,7866.00,57.00,1931,108),(7879,1,125.00,17250.00,17250.00,125.00,1929,114),(7880,1,57.00,7866.00,7866.00,57.00,1931,109),(7881,1,70.00,280.00,280.00,70.00,1939,76),(7882,1,6.50,4329.00,4329.00,6.50,1937,104),(7883,1,17.00,11322.00,11322.00,17.00,1934,90),(7884,1,6.50,4329.00,4329.00,6.50,1937,101),(7885,1,2.50,1665.00,1665.00,2.50,1934,91),(7886,1,1600.00,1600.00,1600.00,1600.00,1939,83),(7887,1,0.00,0.00,0.00,0.00,1939,80),(7888,1,5.60,3729.60,3729.60,5.60,1937,100),(7889,1,12.50,8325.00,8325.00,12.50,1937,105),(7890,1,15.00,999.00,999.00,15.00,1937,95),(7891,1,6.50,4329.00,4329.00,6.50,1937,103),(7892,1,12.00,3528.00,3528.00,12.00,1936,92),(7893,1,70.00,560.00,560.00,70.00,1939,69),(7894,1,70.00,280.00,280.00,70.00,1939,77),(7895,1,25.00,150.00,150.00,25.00,1937,98),(7896,1,1.00,654.00,654.00,1.00,1935,87),(7897,1,70.00,840.00,840.00,70.00,1939,72),(7898,1,1650.00,1650.00,1650.00,1650.00,1939,74),(7899,1,1.90,1265.40,1265.40,1.90,1939,81),(7900,1,120.00,7920.00,7920.00,120.00,1935,85),(7901,1,0.00,0.00,0.00,0.00,1938,107),(7902,1,1.50,882.00,882.00,1.50,1937,97),(7903,1,70.00,1680.00,1680.00,70.00,1939,68),(7904,1,6.50,4329.00,4329.00,6.50,1937,102),(7905,1,0.00,0.00,0.00,0.00,1938,106),(7906,1,0.00,0.00,0.00,0.00,1939,75),(7907,1,70.00,140.00,140.00,70.00,1939,67),(7908,1,25.00,14700.00,14700.00,25.00,1935,86),(7909,1,25.00,0.00,0.00,25.00,1937,99),(7910,1,70.00,5600.00,5600.00,70.00,1939,79),(7911,1,12.00,7056.00,7056.00,12.00,1934,89),(7912,1,70.00,1120.00,1120.00,70.00,1939,70),(7913,1,3.50,2331.00,2331.00,3.50,1937,96),(7914,1,70.00,280.00,280.00,70.00,1939,71),(7915,1,12.00,7056.00,7056.00,12.00,1935,84),(7916,1,70.00,17.50,17.50,70.00,1939,73),(7917,1,1500.00,1500.00,1500.00,1500.00,1939,82),(7918,1,17.00,4998.00,4998.00,17.00,1936,93),(7919,1,2.50,1665.00,1665.00,2.50,1936,94),(7920,1,11.50,7521.00,7521.00,11.50,1935,88),(7921,1,750.00,750.00,750.00,750.00,1939,78),(7922,1,5000.00,5000.00,5000.00,5000.00,1940,122),(7923,1,3.75,371.25,371.25,3.75,1942,24),(7924,1,2.96,293.09,293.09,2.96,1947,30),(7925,1,5.63,556.88,556.88,5.63,1942,21),(7926,1,5.63,556.88,556.88,5.63,1942,23),(7927,1,140.63,281.25,281.25,140.63,1945,26),(7928,0,6.43,636.43,0.00,0.00,1941,13),(7929,0,11.25,11.25,0.00,0.00,1941,19),(7930,0,22.50,45.00,0.00,0.00,1943,31),(7931,1,0.28,3.38,3.38,0.28,1947,27),(7932,0,56.25,337.50,0.00,0.00,1944,2),(7933,1,55.69,445.50,445.50,55.69,1948,4),(7934,1,56.25,450.00,450.00,56.25,1944,1),(7935,1,56.25,900.00,900.00,56.25,1946,12),(7936,1,56.25,675.00,675.00,56.25,1947,28),(7937,1,5.63,67.50,67.50,5.63,1948,16),(7938,1,1.88,185.63,185.63,1.88,1945,25),(7939,1,1.88,185.63,185.63,1.88,1942,22),(7940,1,56.25,450.00,450.00,56.25,1947,29),(7941,1,56.25,56.25,56.25,56.25,1948,3),(7942,1,14.06,84.38,84.38,14.06,1942,15),(7943,1,5.63,67.50,67.50,5.63,1941,20),(7944,1,56.25,168.75,168.75,56.25,1944,7),(7945,1,0.28,27.84,27.84,0.28,1946,11),(7946,1,28.13,56.25,56.25,28.13,1942,14),(7947,0,56.25,450.00,0.00,0.00,1944,8),(7948,0,22.50,225.00,0.00,0.00,1943,32),(7949,1,11.25,11.25,11.25,11.25,1948,17),(7950,1,30.94,185.63,185.63,30.94,1949,54),(7951,1,67.50,303.75,303.75,67.50,1949,60),(7952,1,56.25,140.63,140.63,56.25,1949,64),(7953,1,67.50,337.50,337.50,67.50,1949,61),(7954,1,75.94,303.75,303.75,75.94,1949,55),(7955,1,2.25,222.75,222.75,2.25,1949,58),(7956,1,56.25,168.75,168.75,56.25,1949,52),(7957,1,56.25,450.00,450.00,56.25,1949,51),(7958,1,0.45,44.55,44.55,0.45,1949,59),(7959,1,33.75,202.50,202.50,33.75,1949,49),(7960,1,67.50,243.00,243.00,67.50,1949,50),(7961,1,56.25,168.75,168.75,56.25,1949,63),(7962,1,33.75,405.00,405.00,33.75,1949,48),(7963,1,56.25,225.00,225.00,56.25,1949,53),(7964,1,7.31,43.88,43.88,7.31,1949,62),(7965,1,0.06,5.57,5.57,0.06,1951,41),(7966,1,0.28,2.53,2.53,0.28,1950,34),(7967,1,18.00,162.00,162.00,18.00,1955,65),(7968,1,6.00,54.00,54.00,6.00,1955,6),(7969,1,6.00,540.00,540.00,6.00,1955,66),(7970,1,9.00,81.00,81.00,9.00,1954,38),(7971,1,56.25,225.00,225.00,56.25,1954,39),(7972,1,56.25,562.50,562.50,56.25,1953,5),(7973,1,0.23,0.23,0.23,0.23,1950,33),(7974,1,28.13,56.25,56.25,28.13,1950,35),(7975,1,0.28,27.84,27.84,0.28,1952,40),(7976,1,56.25,225.00,225.00,56.25,1954,36),(7977,1,28.13,56.25,56.25,28.13,1954,37),(7978,1,56.25,337.50,337.50,56.25,1956,46),(7979,1,56.25,84.38,84.38,56.25,1956,47),(7980,1,14.06,42.19,42.19,14.06,1956,45),(7981,1,253.13,759.38,759.38,253.13,1956,42),(7982,1,168.75,506.25,506.25,168.75,1956,43),(7983,1,42.19,126.56,126.56,42.19,1956,44),(7984,1,162.50,1300.00,1300.00,162.50,1958,110),(7985,1,23.00,276.00,276.00,23.00,1959,116),(7986,1,9.00,9.00,9.00,9.00,1961,118),(7987,1,0.00,0.00,0.00,0.00,1957,113),(7988,1,9.00,9.00,9.00,9.00,1961,119),(7989,1,0.00,0.00,0.00,0.00,1961,121),(7990,1,10.00,10.00,10.00,10.00,1961,117),(7991,1,125.00,1500.00,1500.00,125.00,1959,114),(7992,1,112.50,900.00,900.00,112.50,1958,112),(7993,1,57.00,684.00,684.00,57.00,1960,109),(7994,1,50.00,600.00,600.00,50.00,1959,115),(7995,1,57.00,684.00,684.00,57.00,1960,108),(7996,1,75.00,600.00,600.00,75.00,1958,111),(7997,1,2.00,2.00,2.00,2.00,1961,120),(7998,1,10.00,810.00,810.00,10.00,1965,89),(7999,1,1500.00,1500.00,1500.00,1500.00,1966,82),(8000,1,120.00,1080.00,1080.00,120.00,1964,85),(8001,1,3.50,346.50,346.50,3.50,1963,96),(8002,1,6.50,643.50,643.50,6.50,1963,103),(8003,1,0.00,0.00,0.00,0.00,1967,107),(8004,1,2.50,247.50,247.50,2.50,1962,94),(8005,1,70.00,1680.00,1680.00,70.00,1966,68),(8006,1,70.00,1120.00,1120.00,70.00,1966,70),(8007,1,25.00,0.00,0.00,25.00,1963,99),(8008,1,5.60,554.40,554.40,5.60,1963,100),(8009,1,6.50,643.50,643.50,6.50,1963,102),(8010,1,6.50,643.50,643.50,6.50,1963,104),(8011,1,0.00,0.00,0.00,0.00,1967,106),(8012,1,1.00,90.00,90.00,1.00,1964,87),(8013,1,70.00,280.00,280.00,70.00,1966,71),(8014,1,1.50,121.50,121.50,1.50,1963,97),(8015,1,70.00,280.00,280.00,70.00,1966,76),(8016,1,1650.00,1650.00,1650.00,1650.00,1966,74),(8017,1,20.00,1620.00,1620.00,20.00,1964,86),(8018,1,15.00,607.50,607.50,15.00,1962,93),(8019,1,0.00,0.00,0.00,0.00,1966,75),(8020,1,1600.00,1600.00,1600.00,1600.00,1966,83),(8021,1,15.00,1485.00,1485.00,15.00,1965,90),(8022,1,70.00,280.00,280.00,70.00,1966,77),(8023,1,0.00,0.00,0.00,0.00,1966,80),(8024,1,70.00,840.00,840.00,70.00,1966,72),(8025,1,10.00,990.00,990.00,10.00,1963,105),(8026,1,25.00,0.00,0.00,25.00,1963,98),(8027,1,70.00,17.50,17.50,70.00,1966,73),(8028,1,11.50,1035.00,1035.00,11.50,1964,88),(8029,1,2.50,247.50,247.50,2.50,1965,91),(8030,1,10.00,810.00,810.00,10.00,1964,84),(8031,1,750.00,750.00,750.00,750.00,1966,78),(8032,1,1.90,188.10,188.10,1.90,1966,81),(8033,1,10.00,405.00,405.00,10.00,1962,92),(8034,1,15.00,148.50,148.50,15.00,1963,95),(8035,1,6.50,643.50,643.50,6.50,1963,101),(8036,1,70.00,560.00,560.00,70.00,1966,69),(8037,1,70.00,5600.00,5600.00,70.00,1966,79),(8038,1,70.00,140.00,140.00,70.00,1966,67),(8039,1,5000.00,5000.00,5000.00,5000.00,1968,122),(8055,1,56.25,450.00,450.00,56.25,1970,1),(8056,1,56.25,337.50,337.50,56.25,1970,2),(8057,1,56.25,168.75,168.75,56.25,1970,7),(8058,1,56.25,450.00,450.00,56.25,1970,8),(8059,1,56.25,56.25,56.25,56.25,1971,3),(8060,1,499.50,3996.00,3996.00,499.50,1971,4),(8061,1,5.63,1383.75,1383.75,5.63,1971,16),(8062,1,11.25,270.00,270.00,11.25,1971,17),(8063,1,0.28,249.75,249.75,0.28,1972,11),(8064,1,56.25,900.00,900.00,56.25,1972,12),(8065,1,6.43,5708.57,5708.57,6.43,1973,13),(8066,1,11.25,270.00,270.00,11.25,1973,19),(8067,1,5.63,1383.75,1383.75,5.63,1973,20),(8068,1,28.13,168.75,168.75,28.13,1974,14),(8069,1,14.06,84.38,84.38,14.06,1974,15),(8070,1,6.19,5494.50,5494.50,6.19,1974,21),(8071,1,1.88,1665.00,1665.00,1.88,1974,22),(8072,1,5.91,5244.75,5244.75,5.91,1974,23),(8073,1,4.13,3663.00,3663.00,4.13,1974,24),(8074,1,1.88,1665.00,1665.00,1.88,1975,25),(8075,1,140.63,843.75,843.75,140.63,1975,26),(8076,1,0.28,69.19,69.19,0.28,1976,27),(8077,1,56.25,675.00,675.00,56.25,1976,28),(8078,1,56.25,450.00,450.00,56.25,1976,29),(8079,1,2.96,2628.95,2628.95,2.96,1976,30),(8080,1,22.50,135.00,135.00,22.50,1977,31),(8081,1,22.50,225.00,225.00,22.50,1977,32),(8082,1,56.25,562.50,562.50,56.25,1978,5),(8083,1,0.23,5.63,5.63,0.23,1979,33),(8084,1,0.28,24.75,24.75,0.28,1979,34),(8085,1,28.13,168.75,168.75,28.13,1979,35),(8086,1,56.25,225.00,225.00,56.25,1980,36),(8087,1,28.13,168.75,168.75,28.13,1980,37),(8088,1,9.00,72.00,72.00,9.00,1980,38),(8089,1,56.25,225.00,225.00,56.25,1980,39),(8090,1,0.28,249.75,249.75,0.28,1981,40),(8091,1,5.50,484.00,484.00,5.50,1982,6),(8092,1,16.50,1452.00,1452.00,16.50,1982,65),(8093,1,5.00,4000.00,4000.00,5.00,1982,66),(8094,1,0.06,49.95,49.95,0.06,1983,41),(8095,1,70.00,140.00,140.00,70.00,1984,67),(8096,1,70.00,1680.00,1680.00,70.00,1984,68),(8097,1,70.00,560.00,560.00,70.00,1984,69),(8098,1,70.00,1120.00,1120.00,70.00,1984,70),(8099,1,70.00,280.00,280.00,70.00,1984,71),(8100,1,70.00,840.00,840.00,70.00,1984,72),(8101,1,70.00,17.50,17.50,70.00,1984,73),(8102,1,560.00,560.00,560.00,560.00,1984,74),(8103,1,0.00,0.00,0.00,0.00,1984,75),(8104,1,70.00,280.00,280.00,70.00,1984,76),(8105,1,70.00,280.00,280.00,70.00,1984,77),(8106,1,750.00,750.00,750.00,750.00,1984,78),(8107,1,70.00,5600.00,5600.00,70.00,1984,79),(8108,1,0.00,0.00,0.00,0.00,1984,80),(8109,1,1.90,1687.20,1687.20,1.90,1984,81),(8110,1,1500.00,1500.00,1500.00,1500.00,1984,82),(8111,1,1600.00,1600.00,1600.00,1600.00,1984,83),(8112,1,12.00,9408.00,9408.00,12.00,1985,84),(8113,1,120.00,10560.00,10560.00,120.00,1985,85),(8114,1,25.00,19600.00,19600.00,25.00,1985,86),(8115,1,1.00,872.00,872.00,1.00,1985,87),(8116,1,11.50,10028.00,10028.00,11.50,1985,88),(8117,1,12.00,9408.00,9408.00,12.00,1986,89),(8118,1,17.00,15096.00,15096.00,17.00,1986,90),(8119,1,2.50,2220.00,2220.00,2.50,1986,91),(8120,1,12.00,4704.00,4704.00,12.00,1987,92),(8121,1,17.00,6664.00,6664.00,17.00,1987,93),(8122,1,2.50,2220.00,2220.00,2.50,1987,94),(8123,1,15.00,1332.00,1332.00,15.00,1988,95),(8124,1,3.50,3108.00,3108.00,3.50,1988,96),(8125,1,1.50,1176.00,1176.00,1.50,1988,97),(8126,1,25.00,200.00,200.00,25.00,1988,98),(8127,1,25.00,0.00,0.00,25.00,1988,99),(8128,1,5.60,4972.80,4972.80,5.60,1988,100),(8129,1,6.50,5772.00,5772.00,6.50,1988,101),(8130,1,6.50,5772.00,5772.00,6.50,1988,102),(8131,1,6.50,5772.00,5772.00,6.50,1988,103),(8132,1,6.50,5772.00,5772.00,6.50,1988,104),(8133,1,12.50,11100.00,11100.00,12.50,1988,105),(8134,1,0.00,0.00,0.00,0.00,1989,106),(8135,1,0.00,0.00,0.00,0.00,1989,107),(8136,1,13.50,162.00,162.00,13.50,1990,48),(8137,1,13.50,81.00,81.00,13.50,1990,49),(8138,1,67.50,243.00,243.00,67.50,1990,50),(8139,1,56.25,450.00,450.00,56.25,1990,51),(8140,1,56.25,168.75,168.75,56.25,1990,52),(8141,1,56.25,225.00,225.00,56.25,1990,53),(8142,1,30.94,185.63,185.63,30.94,1990,54),(8143,1,126.56,506.25,506.25,126.56,1990,55),(8144,1,2.25,1998.00,1998.00,2.25,1990,58),(8145,1,0.45,399.60,399.60,0.45,1990,59),(8146,1,67.50,303.75,303.75,67.50,1990,60),(8147,1,67.50,337.50,337.50,67.50,1990,61),(8148,1,7.31,43.88,43.88,7.31,1990,62),(8149,1,56.25,168.75,168.75,56.25,1990,63),(8150,1,56.25,140.63,140.63,56.25,1990,64),(8151,0,57.00,14022.00,0.00,0.00,1991,108),(8152,0,57.00,14022.00,0.00,0.00,1991,109),(8153,0,162.50,1300.00,0.00,0.00,1992,110),(8154,0,75.00,600.00,0.00,0.00,1992,111),(8155,0,112.50,900.00,0.00,0.00,1992,112),(8156,1,0.00,0.00,0.00,0.00,1993,113),(8157,0,125.00,30750.00,0.00,0.00,1994,114),(8158,0,50.00,12300.00,0.00,0.00,1994,115),(8159,0,23.00,5658.00,0.00,0.00,1994,116),(8160,1,10.00,240.00,240.00,10.00,1995,117),(8161,1,9.00,216.00,216.00,9.00,1995,118),(8162,1,9.00,216.00,216.00,9.00,1995,119),(8163,1,2.00,48.00,48.00,2.00,1995,120),(8164,1,0.00,0.00,0.00,0.00,1995,121),(8165,1,5000.00,5000.00,5000.00,5000.00,1997,122),(8166,1,253.13,1265.63,1265.63,253.13,1998,42),(8167,1,281.25,1406.25,1406.25,281.25,1998,43),(8168,1,70.31,351.56,351.56,70.31,1998,44),(8169,1,14.06,70.31,70.31,14.06,1998,45),(8170,1,56.25,337.50,337.50,56.25,1998,46),(8171,1,56.25,84.38,84.38,56.25,1998,47),(8172,0,37.13,445.50,0.00,0.00,1999,48),(8173,0,37.13,222.75,0.00,0.00,1999,49),(8174,0,67.50,243.00,0.00,0.00,1999,50),(8175,0,61.88,495.00,0.00,0.00,1999,51),(8176,0,56.25,168.75,0.00,0.00,1999,52),(8177,0,61.88,247.50,0.00,0.00,1999,53),(8178,0,34.03,136.13,0.00,0.00,1999,54),(8179,0,75.94,303.75,0.00,0.00,1999,55),(8180,0,2.25,2250.00,0.00,0.00,1999,58),(8181,0,0.45,450.00,0.00,0.00,1999,59),(8182,0,67.50,303.75,0.00,0.00,1999,60),(8183,0,67.50,337.50,0.00,0.00,1999,61),(8184,0,7.31,29.25,0.00,0.00,1999,62),(8185,0,56.25,168.75,0.00,0.00,1999,63),(8186,0,56.25,140.63,0.00,0.00,1999,64),(8187,1,56.25,450.00,450.00,56.25,1999,123);
/*!40000 ALTER TABLE `demandcategorycalculationitem` ENABLE KEYS */;
UNLOCK TABLES;

--
-- Table structure for table `demandcategorydepartementcalculation`
--

DROP TABLE IF EXISTS `demandcategorydepartementcalculation`;
/*!40101 SET @saved_cs_client     = @@character_set_client */;
/*!40101 SET character_set_client = utf8 */;
CREATE TABLE `demandcategorydepartementcalculation` (
  `ID` bigint(20) NOT NULL AUTO_INCREMENT,
  `SUMME` decimal(10,2) DEFAULT NULL,
  `SUMMEGLOBAL` decimal(10,2) DEFAULT NULL,
  `DEMANDCATEGORY_ID` bigint(20) DEFAULT NULL,
  `DEPARTEMENT_ID` bigint(20) DEFAULT NULL,
  PRIMARY KEY (`ID`),
  KEY `DMANDCATEGORYDEPARTEMENTCALCULATIONDMANDCATEGORYID` (`DEMANDCATEGORY_ID`),
  KEY `DEMANDCATEGORYDEPARTEMENTCALCULATIONDEPARTEMENT_ID` (`DEPARTEMENT_ID`),
  CONSTRAINT `DEMANDCATEGORYDEPARTEMENTCALCULATIONDEPARTEMENT_ID` FOREIGN KEY (`DEPARTEMENT_ID`) REFERENCES `departement` (`ID`),
  CONSTRAINT `DMANDCATEGORYDEPARTEMENTCALCULATIONDMANDCATEGORYID` FOREIGN KEY (`DEMANDCATEGORY_ID`) REFERENCES `demandcategory` (`ID`)
) ENGINE=InnoDB AUTO_INCREMENT=492 DEFAULT CHARSET=utf8;
/*!40101 SET character_set_client = @saved_cs_client */;

--
-- Dumping data for table `demandcategorydepartementcalculation`
--

LOCK TABLES `demandcategorydepartementcalculation` WRITE;
/*!40000 ALTER TABLE `demandcategorydepartementcalculation` DISABLE KEYS */;
INSERT INTO `demandcategorydepartementcalculation` VALUES (442,1003.72,48160.58,65,1),(443,268.46,9760.97,65,2),(444,6548.50,87202.00,65,3),(445,739.87,4725.40,65,4),(446,21.00,273.00,65,5),(447,5000.00,5000.00,65,6),(448,731.25,3515.63,65,8),(449,689.25,5449.85,66,4),(450,264.86,5750.45,66,2),(451,142.50,1080.00,66,5),(452,6548.50,138121.00,66,3),(453,590.63,2320.32,66,8),(454,1186.37,26885.51,66,1),(455,5000.00,5000.00,66,6),(466,663.94,3657.72,72,4),(467,718.76,3855.38,73,4),(469,739.87,5284.30,76,4),(470,1118.31,28541.09,76,1),(471,264.86,6721.88,76,2),(472,731.25,3515.63,76,8),(473,692.00,46246.00,76,5),(474,6548.50,119380.50,76,3),(475,5000.00,5000.00,76,6),(476,620.81,5894.21,77,1),(477,668.14,3445.44,77,4),(478,264.86,1998.17,77,2),(479,590.63,1856.26,77,8),(480,692.00,6574.00,77,5),(481,6531.00,29658.00,77,3),(482,5000.00,5000.00,77,6),(484,1241.02,38636.59,79,1),(485,261.86,7688.08,79,2),(486,5458.50,152651.50,79,3),(487,678.26,5413.74,79,4),(488,30.00,720.00,79,5),(489,5000.00,5000.00,79,6),(490,731.25,3515.63,79,8),(491,56.25,450.00,80,4);
/*!40000 ALTER TABLE `demandcategorydepartementcalculation` ENABLE KEYS */;
UNLOCK TABLES;

--
-- Table structure for table `demandcategoryvalidation`
--

DROP TABLE IF EXISTS `demandcategoryvalidation`;
/*!40101 SET @saved_cs_client     = @@character_set_client */;
/*!40101 SET character_set_client = utf8 */;
CREATE TABLE `demandcategoryvalidation` (
  `ID` int(11) NOT NULL AUTO_INCREMENT,
  `SYSDATE` time DEFAULT NULL,
  `DEMANDCATEGORY_ID` bigint(20) DEFAULT NULL,
  `DEPARTEMENT_ID` bigint(20) DEFAULT NULL,
  `USER_LOGIN` varchar(255) DEFAULT NULL,
  PRIMARY KEY (`ID`),
  KEY `FK_DEMANDCATEGORYVALIDATION_DEPARTEMENT_ID` (`DEPARTEMENT_ID`),
  KEY `FK_DEMANDCATEGORYVALIDATION_USER_LOGIN` (`USER_LOGIN`),
  KEY `FK_DEMANDCATEGORYVALIDATION_DEMANDCATEGORY_ID` (`DEMANDCATEGORY_ID`),
  CONSTRAINT `FK_DEMANDCATEGORYVALIDATION_DEMANDCATEGORY_ID` FOREIGN KEY (`DEMANDCATEGORY_ID`) REFERENCES `demandcategory` (`ID`),
  CONSTRAINT `FK_DEMANDCATEGORYVALIDATION_DEPARTEMENT_ID` FOREIGN KEY (`DEPARTEMENT_ID`) REFERENCES `departement` (`ID`),
  CONSTRAINT `FK_DEMANDCATEGORYVALIDATION_USER_LOGIN` FOREIGN KEY (`USER_LOGIN`) REFERENCES `user` (`LOGIN`)
) ENGINE=InnoDB AUTO_INCREMENT=89 DEFAULT CHARSET=utf8;
/*!40101 SET character_set_client = @saved_cs_client */;

--
-- Dumping data for table `demandcategoryvalidation`
--

LOCK TABLES `demandcategoryvalidation` WRITE;
/*!40000 ALTER TABLE `demandcategoryvalidation` DISABLE KEYS */;
INSERT INTO `demandcategoryvalidation` VALUES (63,'10:14:18',65,NULL,'admin'),(64,'13:43:08',66,NULL,'admin'),(70,'11:58:50',72,4,'rneumann'),(71,'12:02:59',73,4,'rneumann'),(72,'12:04:45',76,4,'rneumann'),(73,'12:07:20',77,4,'rneumann'),(74,'12:08:43',77,1,'ana'),(76,'10:53:17',72,NULL,'admin'),(77,'10:53:18',73,NULL,'admin'),(78,'10:53:21',76,NULL,'admin'),(80,'10:53:23',77,NULL,'admin'),(81,'10:56:09',79,NULL,'admin'),(83,'11:07:48',79,5,'tenzmann'),(84,'11:08:15',65,5,'tenzmann'),(85,'11:08:39',66,5,'tenzmann'),(88,'12:05:02',80,NULL,'admin');
/*!40000 ALTER TABLE `demandcategoryvalidation` ENABLE KEYS */;
UNLOCK TABLES;

--
-- Table structure for table `departement`
--

DROP TABLE IF EXISTS `departement`;
/*!40101 SET @saved_cs_client     = @@character_set_client */;
/*!40101 SET character_set_client = utf8 */;
CREATE TABLE `departement` (
  `ID` bigint(20) NOT NULL AUTO_INCREMENT,
  `NAME` varchar(255) DEFAULT NULL,
  PRIMARY KEY (`ID`)
) ENGINE=InnoDB AUTO_INCREMENT=9 DEFAULT CHARSET=utf8;
/*!40101 SET character_set_client = @saved_cs_client */;

--
-- Dumping data for table `departement`
--

LOCK TABLES `departement` WRITE;
/*!40000 ALTER TABLE `departement` DISABLE KEYS */;
INSERT INTO `departement` VALUES (1,'Content Management'),(2,'Daten Management'),(3,'Database Publishing '),(4,'Project Management'),(5,'Asset Management'),(6,'Media IT'),(8,'Initial costs');
/*!40000 ALTER TABLE `departement` ENABLE KEYS */;
UNLOCK TABLES;

--
-- Table structure for table `departementcriteria`
--

DROP TABLE IF EXISTS `departementcriteria`;
/*!40101 SET @saved_cs_client     = @@character_set_client */;
/*!40101 SET character_set_client = utf8 */;
CREATE TABLE `departementcriteria` (
  `ID` bigint(20) NOT NULL AUTO_INCREMENT,
  `NAME` varchar(255) DEFAULT NULL,
  `DEPARTEMENT_ID` bigint(20) DEFAULT NULL,
  PRIMARY KEY (`ID`),
  KEY `FK_DEPARTEMENTCRITERIA_DEPARTEMENT_ID` (`DEPARTEMENT_ID`),
  CONSTRAINT `FK_DEPARTEMENTCRITERIA_DEPARTEMENT_ID` FOREIGN KEY (`DEPARTEMENT_ID`) REFERENCES `departement` (`ID`)
) ENGINE=InnoDB AUTO_INCREMENT=32 DEFAULT CHARSET=utf8;
/*!40101 SET character_set_client = @saved_cs_client */;

--
-- Dumping data for table `departementcriteria`
--

LOCK TABLES `departementcriteria` WRITE;
/*!40000 ALTER TABLE `departementcriteria` DISABLE KEYS */;
INSERT INTO `departementcriteria` VALUES (1,'Allgemein',1),(2,'Reda',1),(3,'Reda Online',1),(4,'Informatica',1),(5,'LK MG Korrektur',1),(6,'Pruefungen',1),(7,'Sonstiges',1),(8,'Fremdsprachen',1),(9,'Masterlist',2),(10,'Datenbeschaffung',2),(11,'Preisbeschaffung',2),(12,'ASD',2),(13,'Informatica',2),(14,'Sprache',2),(15,'Fixkosten',3),(16,'1.Datenimport',3),(17,'2. Datenimport',3),(18,'Druckdatenerstellung',3),(19,'Sonstiges',3),(20,'ECC',3),(21,'Produktaufnahme einer Produktgruppe',5),(22,'Fotoshootings',5),(23,'Lizenz',5),(24,'Konzeption',6),(25,'Programmierung',6),(27,'Initial Kosten, diesen fallen unabhngig vom Endprodukt immer an',8),(28,'Projektmanagement Leistungen',4),(29,'Abbildung',5),(31,'Bildbearbeitung',5);
/*!40000 ALTER TABLE `departementcriteria` ENABLE KEYS */;
UNLOCK TABLES;

--
-- Table structure for table `departementcriteriaitem`
--

DROP TABLE IF EXISTS `departementcriteriaitem`;
/*!40101 SET @saved_cs_client     = @@character_set_client */;
/*!40101 SET character_set_client = utf8 */;
CREATE TABLE `departementcriteriaitem` (
  `ID` bigint(20) NOT NULL AUTO_INCREMENT,
  `ARITHMITIQUEEXPRESIONFORGLOBALPRICE` varchar(255) DEFAULT NULL,
  `ARITHMITIQUEEXPRESIONFORUNITEPRICE` varchar(255) DEFAULT NULL,
  `DESCRIPTION` varchar(255) DEFAULT NULL,
  `DESCRIPTIONGLOBAL` varchar(255) DEFAULT NULL,
  `DEPARTEMENTCRITERIA_ID` bigint(20) DEFAULT NULL,
  PRIMARY KEY (`ID`),
  KEY `FK_DEPARTEMENTCRITERIAITEM_DEPARTEMENTCRITERIA_ID` (`DEPARTEMENTCRITERIA_ID`),
  CONSTRAINT `FK_DEPARTEMENTCRITERIAITEM_DEPARTEMENTCRITERIA_ID` FOREIGN KEY (`DEPARTEMENTCRITERIA_ID`) REFERENCES `departementcriteria` (`ID`)
) ENGINE=InnoDB AUTO_INCREMENT=124 DEFAULT CHARSET=utf8;
/*!40101 SET character_set_client = @saved_cs_client */;

--
-- Dumping data for table `departementcriteriaitem`
--

LOCK TABLES `departementcriteriaitem` WRITE;
/*!40000 ALTER TABLE `departementcriteriaitem` DISABLE KEYS */;
INSERT INTO `departementcriteriaitem` VALUES (1,'8*configurationItemFacade.findByName(\'std_stz\').getDefaultValue()','configurationItemFacade.findByName(\'std_stz\').getDefaultValue()','Erstellung Datenpflegeguide','8*Std_Satz',1),(2,'6*configurationItemFacade.findByName(\'std_stz\').getDefaultValue()','configurationItemFacade.findByName(\'std_stz\').getDefaultValue()','Erstellung Redaktionsguide','6*Std_Satz',1),(3,'1*configurationItemFacade.findByName(\'std_stz\').getDefaultValue()','1*configurationItemFacade.findByName(\'std_stz\').getDefaultValue()','Katalog Reda_Vorausgabe kopieren','1*Std_Satz',2),(4,'8*demandCategory.getUmfang()*configurationItemFacade.findByName(\'std_stz\').getDefaultValue()/100','demandCategory.getUmfang()*configurationItemFacade.findByName(\'std_stz\').getDefaultValue()/100','PDF-Generator Reda','8*AnzahlGesamtSeiten*Std_Satz/100 (100Seiten/Tag)',2),(5,'10*configurationItemFacade.findByName(\'std_stz\').getDefaultValue()','configurationItemFacade.findByName(\'std_stz\').getDefaultValue()','Pauschale 8std Prfung, 2 Std Redaktion Abstimmung','10*Std_Satz',9),(6,'8*demandCategory.getAnzahlNeueArtikel()*demandCategory.getlKSchluesselFaktor()*demandCategory.getCorrectionSchluessel().getValue()*demandCategory.getProzess().getValuee()*configurationItemFacade.findByName(\'std_stz\').getDefaultValue()/90','8*demandCategory.getlKSchluesselFaktor()*demandCategory.getCorrectionSchluessel().getValue()*demandCategory.getProzess().getValuee()*configurationItemFacade.findByName(\'std_stz\').getDefaultValue()/90','Klassifizierung Neuheiten Information ','8*Anzahl_Artikel_Neu* LK_Schlssel*Korrekturschlssel*Prozessschlssel*std_satz/90',13),(7,'3*configurationItemFacade.findByName(\'std_stz\').getDefaultValue()','configurationItemFacade.findByName(\'std_stz\').getDefaultValue()','Masterlisten Prfung','3*Std_Satz',1),(8,'8*configurationItemFacade.findByName(\'std_stz\').getDefaultValue()','configurationItemFacade.findByName(\'std_stz\').getDefaultValue()','Testdaten bereitstellen','8*Std_Satz',1),(11,'demandCategory.getAnzahlGesamtArtikel()*0.3*configurationItemFacade.findByName(\'std_stz\').getDefaultValue()/60','0.3*configurationItemFacade.findByName(\'std_stz\').getDefaultValue()/60','Preis Artikel Reda-Online Pflege','0.3*AnzahlGesamtArtikel*Std_Satz/60 (0.3Min/Art)',3),(12,'16*configurationItemFacade.findByName(\'std_stz\').getDefaultValue()','configurationItemFacade.findByName(\'std_stz\').getDefaultValue()','Pauschale Online Pflege(2 Tage)','16*Std_Satz ',3),(13,'demandCategory.getUmfang()*8*configurationItemFacade.findByName(\'std_stz\').getDefaultValue()/70','8*configurationItemFacade.findByName(\'std_stz\').getDefaultValue()/70','PDF Generator Informatica ','8*AnzahlGesamtSeiten*Std_Satz/70 (70 Seiten/Tag)',4),(14,'0.5*demandCategory.getAnzahlLieferantNeu()*configurationItemFacade.findByName(\'std_stz\').getDefaultValue()','0.5*configurationItemFacade.findByName(\'std_stz\').getDefaultValue()','Lieferantenkorrektur Versand','0.5*AnzahlNeueLieferante*Std_Satz',5),(15,'0.25*(demandCategory.getTeilnehmerZahl())*(configurationItemFacade.findByName(\'std_stz\').getDefaultValue())','0.25*configurationItemFacade.findByName(\'std_stz\').getDefaultValue()','Mitgliederkorrektur Versand','0.25*AnzahlMitglieder*Std_Satz',5),(16,'(demandCategory.getAnzahlGesamtProdukt())*(demandCategory.getKatalogart().getValuee())*(demandCategory.getCorrectionSchluessel().getValue())*(configurationItemFacade.findByName(\'std_stz\').getDefaultValue()/10)','(demandCategory.getKatalogart().getValuee())*(demandCategory.getCorrectionSchluessel().getValue())*(configurationItemFacade.findByName(\'std_stz\').getDefaultValue()/10)','Redaktionelle Text Veredlung der Basis Text fr Gesamt Produkte','AnzahlGesamtProdukt*KatalogartSchluessel*CorrectionSchluessel*Std_Satz/10',2),(17,'(demandCategory.getAnzahlNeueProdukt())*(demandCategory.getKatalogart().getValuee())*(demandCategory.getCorrectionSchluessel().getValue())*(configurationItemFacade.findByName(\'std_stz\').getDefaultValue()/5)','(demandCategory.getKatalogart().getValuee())*(demandCategory.getCorrectionSchluessel().getValue())*(configurationItemFacade.findByName(\'std_stz\').getDefaultValue()/5)','Redaktionelle Textveredlung der Basistext fr neue Produkte ','AnzahlNeueProdukte*KatalogartSchluessel*CorrectionSchluessel*Std_Satz/10',2),(19,'(demandCategory.getAnzahlNeueProdukt())*(demandCategory.getKatalogart().getValuee())*(demandCategory.getCorrectionSchluessel().getValue())*(configurationItemFacade.findByName(\'std_stz\').getDefaultValue()/5)','(demandCategory.getKatalogart().getValuee())*(demandCategory.getCorrectionSchluessel().getValue())*(configurationItemFacade.findByName(\'std_stz\').getDefaultValue()/5)','Redaktionelle Textveredlung der Basistext neue Produkte','AnzahlNeueProdukte*KatalogartSchluessel*CorrectionSchluessel*Std_Satz/5',4),(20,'(demandCategory.getAnzahlGesamtProdukt())*(demandCategory.getKatalogart().getValuee())*(demandCategory.getCorrectionSchluessel().getValue())*(configurationItemFacade.findByName(\'std_stz\').getDefaultValue()/10)','(demandCategory.getKatalogart().getValuee())*(demandCategory.getCorrectionSchluessel().getValue())*(configurationItemFacade.findByName(\'std_stz\').getDefaultValue()/10)','Redaktionelle Textveredlung der Basistext Gesamtanzahl Produkte','AnzahlGesamtProdukt*KatalogartSchluessel*CorrectionSchluessel*Std_Satz/10',4),(21,'demandCategory.getAnzahlGesamtArtikel()*demandCategory.getlKSchluesselFaktor()*demandCategory.getCorrectionSchluessel().getValue()*configurationItemFacade.findByName(\'std_stz\').getDefaultValue()/10','demandCategory.getlKSchluesselFaktor()*demandCategory.getCorrectionSchluessel().getValue()*configurationItemFacade.findByName(\'std_stz\').getDefaultValue()/10','redaktionelle Korrektur inkl. Einarbeitung LK','(AnzahlGesamtArtikel*LK_Faktor*CorrectionSchluessel)/(10*AnzahlArtikelPerPageFaktor)',5),(22,'(demandCategory.getAnzahlGesamtArtikel()*configurationItemFacade.findByName(\'std_stz\').getDefaultValue())/30','(configurationItemFacade.findByName(\'std_stz\').getDefaultValue())/30','Korrekturlesen mit Kunden','AnzahlGesamtArtikel*Std_Satz/AnzahlArtikelPerPageFaktor*30',5),(23,'(demandCategory.getAnzahlGesamtArtikel()*demandCategory.getmKSchluesselFaktor()*demandCategory.getCorrectionSchluessel().getValue()*configurationItemFacade.findByName(\'std_stz\').getDefaultValue())/10','(demandCategory.getmKSchluesselFaktor()*demandCategory.getCorrectionSchluessel().getValue()*configurationItemFacade.findByName(\'std_stz\').getDefaultValue())/10','Redaktionelle Korrekturlesen inkl. MK','AnzahlGesamtArtikel*MK_Faktor*CorrectionSchluesse*Std_Satzl/(AnzahlArtikelPerPageFaktor*10)',5),(24,'(demandCategory.getAnzahlGesamtArtikel()*demandCategory.getlKSchluesselFaktor()*demandCategory.getCorrectionSchluessel().getValue()*configurationItemFacade.findByName(\'std_stz\').getDefaultValue())/15','(demandCategory.getlKSchluesselFaktor()*demandCategory.getCorrectionSchluessel().getValue()*configurationItemFacade.findByName(\'std_stz\').getDefaultValue())/15','Redaktionelle Korrekturlesen Digiphase','AnzahlGesamtArtikel*LK_Faktor*CorrectionSchluesse*Std_Satzl/(AnzahlArtikelPerPageFaktor*15)',5),(25,'(demandCategory.getAnzahlGesamtArtikel()*configurationItemFacade.findByName(\'std_stz\').getDefaultValue())/30','configurationItemFacade.findByName(\'std_stz\').getDefaultValue()/30','Groplott Prfung','AnzahlGesamtArtikel*Std_Satz/(30*ArtikelperPageFaktor)',6),(26,'demandCategory.getAnzahlKapitetel ()*2.5*configurationItemFacade.findByName(\'std_stz\').getDefaultValue()','2.5*configurationItemFacade.findByName(\'std_stz\').getDefaultValue()','Preisprfung aus Satz, KG-Nummer, etc','2.5*AnzahlKapitel*Std_Satz',6),(27,'demandCategory.getAnzahlGesamtProdukt ()*0.005*configurationItemFacade.findByName(\'std_stz\').getDefaultValue()','0.005*configurationItemFacade.findByName(\'std_stz\').getDefaultValue()','Erstellung IVZ/Synonympflege','0,005*AnzahlGesamtProdukt*Std_Satz',7),(28,'1.5*8*configurationItemFacade.findByName(\'std_stz\').getDefaultValue()','configurationItemFacade.findByName(\'std_stz\').getDefaultValue()','Pauschale ECC Publikationskonfigurator bei LL','1.5*8*Std_Satz',7),(29,'8*configurationItemFacade.findByName(\'std_stz\').getDefaultValue()','configurationItemFacade.findByName(\'std_stz\').getDefaultValue()','Pauschale Fotoshootings Teilnahme Redakteur (1 Tag)','8*Std_Satz',7),(30,'demandCategory.getUmfang()*configurationItemFacade.findByName(\'std_stz\').getDefaultValue()/19','configurationItemFacade.findByName(\'std_stz\').getDefaultValue()/19','Korrektorat (P. Mensch extern)','(AnzahlGesamtseiten*Std_Satz)/19',7),(31,'demandCategory.getAnzahlKapitetel()*configurationItemFacade.findByName(\'std_stz\').getDefaultValue()/2.5','configurationItemFacade.findByName(\'std_stz\').getDefaultValue()/2.5','bersetzungsmanagement Marketingdaten','AnzahKapitel*STd_Satz/2,5',8),(32,'4*configurationItemFacade.findByName(\'std_stz\').getDefaultValue()','configurationItemFacade.findByName(\'std_stz\').getDefaultValue()/2.5','Pauschale bersetzunsmanagement ','4*Std_Satz',8),(33,'0.25*demandCategory.getAnzahlNeueProdukt()*configurationItemFacade.findByName(\'std_stz\').getDefaultValue()/60','0.25*configurationItemFacade.findByName(\'std_stz\').getDefaultValue()/60','Datenbeschaffung pro Produkt Neuheit','0.25*AnzahlGesamtProdukte*Std_Satz/60',10),(34,'demandCategory.getAnzahlNeueArtikel()*configurationItemFacade.findByName(\'std_stz\').getDefaultValue()/200','configurationItemFacade.findByName(\'std_stz\').getDefaultValue()/200','Datenbeschaffung pro Artikel Neuheit','AnzahNeueArtikel*Std_Satz/200',10),(35,'0.5*demandCategory.getAnzahlLieferantNeu()*configurationItemFacade.findByName(\'std_stz\').getDefaultValue()','0.5*configurationItemFacade.findByName(\'std_stz\').getDefaultValue()','Datenbeschaffung pro Lieferanten Neuheit ','0.5*AnzahlNeueLieferanten*Std_Satz',10),(36,'4*configurationItemFacade.findByName(\'std_stz\').getDefaultValue()','configurationItemFacade.findByName(\'std_stz\').getDefaultValue()','Pauschale Preisbeschaffung (1/2 Tag)','4*std_Satz',11),(37,'0.5*demandCategory.getAnzahlLieferantNeu()*configurationItemFacade.findByName(\'std_stz\').getDefaultValue()','0.5*configurationItemFacade.findByName(\'std_stz\').getDefaultValue()','Preisbechaffung pro Lieferanten Neuheit ','0.5*AnzahlNeueLieferante*Std_Satz',11),(38,'demandCategory.getAnzahlLieferantGesamt()*configurationItemFacade.findByName(\'std_stz\').getDefaultValue()/6.25','configurationItemFacade.findByName(\'std_stz\').getDefaultValue()/6.25','Preisbeschaffung Lieferanten Gesamt (6,25 lf/std)','AnzahlLieferantGesamt*Std_Satz/6.25',11),(39,'4*configurationItemFacade.findByName(\'std_stz\').getDefaultValue()','configurationItemFacade.findByName(\'std_stz\').getDefaultValue()','Pauschale Preisprfung (1/2 Tag)','4*STd_Satz',11),(40,'demandCategory.getAnzahlGesamtArtikel()*demandCategory.getCorrectionSchluessel().getValue()*configurationItemFacade.findByName(\'std_stz\').getDefaultValue()/200','demandCategory.getCorrectionSchluessel().getValue()*configurationItemFacade.findByName(\'std_stz\').getDefaultValue()/200','Stammdatenpflege (ASD, Modul)','AnzahlGesamtArtikel*KorrekturSchlessel*Std_Satz/200',12),(41,'demandCategory.getAnzahlGesamtArtikel()*configurationItemFacade.findByName(\'std_stz\').getDefaultValue()/1000','configurationItemFacade.findByName(\'std_stz\').getDefaultValue()/1000','bersetzungsmanagement Stammdaten (1000 Art/std)','AnzahlGesamtArtikel*std_Satz/1000',14),(42,'demandCategory.getAnzahlBeteiligten()*4.5*configurationItemFacade.findByName(\'std_stz\').getDefaultValue()','4.5*configurationItemFacade.findByName(\'std_stz\').getDefaultValue()','Abstimmungsgesprche','4.5*AnzahlBeteiligten*Std_Satz',27),(43,'demandCategory.getAnzahlBeteiligten()*demandCategory.getBearbeitungszeit()*configurationItemFacade.findByName(\'std_stz\').getDefaultValue()','demandCategory.getBearbeitungszeit()*configurationItemFacade.findByName(\'std_stz\').getDefaultValue()','Termin berwachung: Festsatz/Laufzeit in Monaten / Stunde pro Monat (1h)  ','Bearbeitungszeit*Anzahl_Beteiligten*Szd_Satz',27),(44,'demandCategory.getAnzahlBeteiligten()*demandCategory.getBearbeitungszeit()*configurationItemFacade.findByName(\'std_stz\').getDefaultValue()/4','demandCategory.getBearbeitungszeit()*configurationItemFacade.findByName(\'std_stz\').getDefaultValue()/4','Budget berwachung: Festsatz/Laufzeit in Monaten / Stunde pro Monat (15min)  ','AnzahlBeteiligten*Bearbeitungszeit*Std_Satz/4',27),(45,'0.25*demandCategory.getBearbeitungszeit()*configurationItemFacade.findByName(\'std_stz\').getDefaultValue()','0.25*configurationItemFacade.findByName(\'std_stz\').getDefaultValue()','Berichtswesen: Festsatz/Laufzeit in Monaten / Stunde pro Monat (0,25 h)  ','0.25*Bearbeitungszeit*Std_Satz',27),(46,'6*configurationItemFacade.findByName(\'std_stz\').getDefaultValue()','configurationItemFacade.findByName(\'std_stz\').getDefaultValue()','Pauschale Projektplanung = 6 std','6*Std_Satz',27),(47,'1.5*configurationItemFacade.findByName(\'std_stz\').getDefaultValue()','configurationItemFacade.findByName(\'std_stz\').getDefaultValue()','Pauschale Projektvorbereitung = 1,5 std','1.5*Std_Satz',27),(48,'12*configurationItemFacade.findByName(\'std_stz\').getDefaultValue()*demandCategory.getKatalogart().getValuee()*demandCategory.getAusgabe().getValuee()*demandCategory.getWechselfassungVariantFaktor().getValue()','configurationItemFacade.findByName(\'std_stz\').getDefaultValue()*demandCategory.getKatalogart().getValuee()*demandCategory.getAusgabe().getValuee()*demandCategory.getWechselfassungVariantFaktor().getValue()','Pauschale Kalkulation inkl. Prfschleife und Abstimmung GF','12*std_Satz*KatalogartFakt*WechselfssungFaktor*AusgabeFaktor',28),(49,'6*configurationItemFacade.findByName(\'std_stz\').getDefaultValue()*demandCategory.getKatalogart().getValuee()*demandCategory.getAusgabe().getValuee()*demandCategory.getWechselfassungVariantFaktor().getValue()','configurationItemFacade.findByName(\'std_stz\').getDefaultValue()*demandCategory.getKatalogart().getValuee()*demandCategory.getAusgabe().getValuee()*demandCategory.getWechselfassungVariantFaktor().getValue()','Nachkalkulation zur Druckvergabe','6*std_Satz*KatalogartFakt*WechselfssungFaktor*AusgabeFaktor',28),(50,'3.6*configurationItemFacade.findByName(\'std_stz\').getDefaultValue()*demandCategory.getWechselfassungVariantFaktor().getValue()','configurationItemFacade.findByName(\'std_stz\').getDefaultValue()*demandCategory.getWechselfassungVariantFaktor().getValue()','Bestellformular inkl. Baukastenanhang erstellen und prfen','3,6*Std_Satz*Wechselfassung_Faktor',28),(51,'8*configurationItemFacade.findByName(\'std_stz\').getDefaultValue()*demandCategory.getKatalogart().getValuee()','configurationItemFacade.findByName(\'std_stz\').getDefaultValue()*demandCategory.getKatalogart().getValuee()','Planung inkl. Prfschleifen und Freigaben',' 8*Std_Satz *KatalogartFaktor',28),(52,'3*configurationItemFacade.findByName(\'std_stz\').getDefaultValue()','configurationItemFacade.findByName(\'std_stz\').getDefaultValue()','Hndlerabwicklung',' 3*StdSatz',28),(53,'4*configurationItemFacade.findByName(\'std_stz\').getDefaultValue()*demandCategory.getKatalogart().getValuee()','configurationItemFacade.findByName(\'std_stz\').getDefaultValue()*demandCategory.getKatalogart().getValuee()','Prsentationserstellung','4*Std_Satz*KatalogartFaktor',28),(54,'0.55*demandCategory.getTeilnehmerZahl()* demandCategory.getTeilnehmerZahlPricing()*configurationItemFacade.findByName(\'std_stz\').getDefaultValue()*demandCategory.getKatalogart().getValuee()','0.55*demandCategory.getTeilnehmerZahlPricing()*configurationItemFacade.findByName(\'std_stz\').getDefaultValue()*demandCategory.getKatalogart().getValuee()','Hndlerabwicklung','0.55*TeilnehmerAnzahl * KataloartFaktor* TeilnehmerzahlFaktor * PreisproTeilnehmer (da 0,55std/Teilnehmer)',28),(55,'4*0.45*configurationItemFacade.findByName(\'std_stz\').getDefaultValue()*demandCategory.getBearbeitungszeit()','0.45*configurationItemFacade.findByName(\'std_stz\').getDefaultValue()*demandCategory.getBearbeitungszeit()','Dokumentation',' 4* (0,45*Std_Satz * Produktionszeit)',28),(58,'0.04*configurationItemFacade.findByName(\'std_stz\').getDefaultValue()*demandCategory.getUmfang()','0.04*configurationItemFacade.findByName(\'std_stz\').getDefaultValue()','Digitales Archiv','0,04*Std_Satz* Anzahl_Seiten_Gesamt',28),(59,'0.008*configurationItemFacade.findByName(\'std_stz\').getDefaultValue()*demandCategory.getUmfang()','0.008*configurationItemFacade.findByName(\'std_stz\').getDefaultValue()','Druckformschreibung','0,008*Std_Satz*Anzahl_Seiten_Gesamt',28),(60,'4.5*configurationItemFacade.findByName(\'std_stz\').getDefaultValue()*demandCategory.getWechselfassungVariantFaktor().getValue()','configurationItemFacade.findByName(\'std_stz\').getDefaultValue()*demandCategory.getWechselfassungVariantFaktor().getValue()','Druckabnahme','4,5*Std_Satz * Wechselfassung_Faktor',28),(61,'5*configurationItemFacade.findByName(\'std_stz\').getDefaultValue()*demandCategory.getWechselfassungVariantFaktor().getValue()','configurationItemFacade.findByName(\'std_stz\').getDefaultValue()*demandCategory.getWechselfassungVariantFaktor().getValue()','Verarbeitungsberwachung','5*Std_Satz*WechselfassungVarianteaktor',28),(62,'0.13*demandCategory.getTeilnehmerZahl()*configurationItemFacade.findByName(\'std_stz\').getDefaultValue()*demandCategory.getTeilnehmerZahlPricing()','0.13*configurationItemFacade.findByName(\'std_stz\').getDefaultValue()*demandCategory.getTeilnehmerZahlPricing()','Weiterberchnung (Vorbereitung und Durchfhrung)','Anzahl_Teilnehmer * PricePerTeilnehmer(ist 0.13*std_Satz)* Teilnhemerzahl_faktor',28),(63,'3*configurationItemFacade.findByName(\'std_stz\').getDefaultValue()','configurationItemFacade.findByName(\'std_stz\').getDefaultValue()','Endabrechnung (Pauschal)','3*Std_Satz',28),(64,'2.5*configurationItemFacade.findByName(\'std_stz\').getDefaultValue()*demandCategory.getTeilnehmerZahlPricing()','configurationItemFacade.findByName(\'std_stz\').getDefaultValue()*demandCategory.getTeilnehmerZahlPricing()','Erstellung und Auswertung von Befragungen (Pauschal)','2,5* Std_Satz*TeilnehmerFaktor',28),(65,'8*demandCategory.getAnzahlNeueArtikel()*demandCategory.getlKSchluesselFaktor()*demandCategory.getCorrectionSchluessel().getValue()*demandCategory.getProzess().getValuee()*configurationItemFacade.findByName(\'std_stz\').getDefaultValue()/30','8*demandCategory.getlKSchluesselFaktor()*demandCategory.getCorrectionSchluessel().getValue()*demandCategory.getProzess().getValuee()*configurationItemFacade.findByName(\'std_stz\').getDefaultValue()/30','Basisdatenpflege Neuheiten Information','8*Anzahl_Artikel_Neu* LK_Schlssel*Korrekturschlssel*Prozessschlssel*std_satz/30',13),(66,'8*demandCategory.getAnzahlBestandArtikel()*demandCategory.getCorrectionSchluessel().getValue()*demandCategory.getProzess().getValuee()*configurationItemFacade.findByName(\'std_stz\').getDefaultValue()/90','8*demandCategory.getCorrectionSchluessel().getValue()*demandCategory.getProzess().getValuee()*configurationItemFacade.findByName(\'std_stz\').getDefaultValue()/90','Basis Datenpflege Bestand Artikel','8*AzahlBestandArtikel*Korrektuschluessek*Prozessschluessel*Std_Satz/90',13),(67,'2*configurationItemFacade.findByName(\'std_stz_dtp\').getDefaultValue()','configurationItemFacade.findByName(\'std_stz_dtp\').getDefaultValue()','Ermittlung des Seitenumfanges','2*Std_Stz_dtp',15),(68,'24*configurationItemFacade.findByName(\'std_stz_dtp\').getDefaultValue()','configurationItemFacade.findByName(\'std_stz_dtp\').getDefaultValue()','Katalog-Check inkl. Expertise ','24*Std_Stz_dtp',15),(69,'8*configurationItemFacade.findByName(\'std_stz_dtp\').getDefaultValue()','configurationItemFacade.findByName(\'std_stz_dtp\').getDefaultValue()','Interner Kick-Off','8*Std_Stz_dtp',15),(70,'16*configurationItemFacade.findByName(\'std_stz_dtp\').getDefaultValue()','configurationItemFacade.findByName(\'std_stz_dtp\').getDefaultValue()','Statussitzungen','16*Std_Stz_dtp',15),(71,'4*configurationItemFacade.findByName(\'std_stz_dtp\').getDefaultValue()','configurationItemFacade.findByName(\'std_stz_dtp\').getDefaultValue()','Bildpflege und Verwaltung Fotolia','4*Std_Stz_dtp',15),(72,'12*configurationItemFacade.findByName(\'std_stz_dtp\').getDefaultValue()','configurationItemFacade.findByName(\'std_stz_dtp\').getDefaultValue()','Bildkonzeption und -shootbegleitung','12*Std_Stz_dtp',15),(73,'0.25*configurationItemFacade.findByName(\'std_stz_dtp\').getDefaultValue()','configurationItemFacade.findByName(\'std_stz_dtp\').getDefaultValue()','CD-Verwaltung/Datenrckfhrung','0.25*Std_Stz_dtp (15 min)',15),(74,'demandCategory.getAusgabePricing()','demandCategory.getAusgabePricing()','Styleguide','Erstausgabe = 1680// Folgeausgabe = 560',15),(75,'','','Vorstufenbriefing','Erstausgabe = 560 // Folgeausgabe = 112',15),(76,'4*configurationItemFacade.findByName(\'std_stz_dtp\').getDefaultValue()','configurationItemFacade.findByName(\'std_stz_dtp\').getDefaultValue()','Vorstufenbetreuung','4*Std_Stz_dtp',15),(77,'4*configurationItemFacade.findByName(\'std_stz_dtp\').getDefaultValue()','configurationItemFacade.findByName(\'std_stz_dtp\').getDefaultValue()','Vorspann- und Baukasten','4*Std_Stz_dtp',15),(78,'750','750','Umschlagerstellung (Grundumschlag)','Konstante = 750',15),(79,'80*configurationItemFacade.findByName(\'std_stz_dtp\').getDefaultValue()','configurationItemFacade.findByName(\'std_stz_dtp\').getDefaultValue()','Programmierung','80*Std_Stz_dtp',15),(80,'','','Konzeptertellung','Auf Anfrage',15),(81,'1.90*demandCategory.getUmfang()','1.90','Konzeptpauschale',' Anzahl Gesamt Seiten * PreisPerSeite',15),(82,'1500','1500','bernahme Layoutprogrammierung/Testarbeiten','Pauschale 1500.00',15),(83,'1600','1600','Layoutfreigabe','Pauschale 1600.00',15),(84,'layoutPricingFacade.findByCriteriaAndLayout(\'Seitengenerierung\', demandCategory)*demandCategory.getAnzahlGenerierungUpdateSeiten()','layoutPricingFacade.findByCriteriaAndLayout(\'Seitengenerierung\', demandCategory)','Seitengenerierung',' Anzahl_Seiten_Genrierung * PreisPerSeite',16),(85,'120*demandCategory.getAnzahlSonderSeiten()','120','Sonderseitenerstellung (manueller Aufbau)','AnzahlSonderseiten * PreisPerSeite',16),(86,'layoutPricingFacade.findByCriteriaAndLayout(\'Seitennachbearbeitung\', demandCategory)*demandCategory.getAnzahlGenerierungUpdateSeiten()','layoutPricingFacade.findByCriteriaAndLayout(\'Seitennachbearbeitung\', demandCategory)','Seitennachbearbeitung','Anzahl_Seiten_Genrierung * PricePerSeite',16),(87,'1*(demandCategory.getAnzahlSonderSeiten()+demandCategory.getAnzahlGenerierungUpdateSeiten())','1','Screen PDFs 150 dpi (bei Comet 4 automatisiert ber Server','( Anzahl_SeitenGenerierung + Anzahl_Sonderseiten) * PricePerSeite',16),(88,'layoutPricingFacade.findByCriteriaAndLayout(\'Korrekturlauf inkl. Korrektor\', demandCategory)*(demandCategory.getAnzahlGenerierungUpdateSeiten()+demandCategory.getAnzahlSonderSeiten())','layoutPricingFacade.findByCriteriaAndLayout(\'Korrekturlauf inkl. Korrektor\', demandCategory)','Korrekturlauf inkl. Korrektor','( Anzahl_SeitenGenerierung + Anzahl_Sonderseiten) * PricePerSeite',16),(89,'layoutPricingFacade.findByCriteriaAndLayout(\'Aktualisierung per Datenbernahme (bei Comet 4 ber Redaktion) \', demandCategory)*demandCategory.getAnzahlGenerierungUpdateSeiten()','layoutPricingFacade.findByCriteriaAndLayout(\'Aktualisierung per Datenbernahme (bei Comet 4 ber Redaktion) \', demandCategory)','Aktualisierung per Datenbernahme (bei Comet 4 ber Redaktion) ','Anzahl_SeitenGenerierung_Update * PricePerseite',17),(90,'layoutPricingFacade.findByCriteriaAndLayout(\'Seitennachbearbeitung/ Korrekturen ausfhren\', demandCategory)*demandCategory.getUmfang()','layoutPricingFacade.findByCriteriaAndLayout(\'Seitennachbearbeitung/ Korrekturen ausfhren\', demandCategory)','Seitennachbearbeitung/ Korrekturen ausfhren','Anzahl_GesamtSeiten * PricePerSeite',17),(91,'2.50*demandCategory.getUmfang()','2.50','Erstellen Print PDFs fr Digitalandruck (bei Comet 4 automatisiert ber Server) ','Anzahl_GesamtSeiten * PricePerSeite',17),(92,'layoutPricingFacade.findByCriteriaAndLayout(\'Aktualisierung per Datenbernahme (Teilupdate auf Seitenbasis) (bei Comet 4 ber Redaktion) \', demandCategory)*demandCategory.getAnzahlGenerierungUpdateSeiten()/2','layoutPricingFacade.findByCriteriaAndLayout(\'Aktualisierung per Datenbernahme (Teilupdate auf Seitenbasis) (bei Comet 4 ber Redaktion) \', demandCategory)','Aktualisierung per Datenbernahme (Teilupdate auf Seitenbasis) (bei Comet 4 ber Redaktion) ','(Anzahl_SeitenGenerierung_Update/2) * PricePerseite',18),(93,'layoutPricingFacade.findByCriteriaAndLayout(\'Seitennachbearbeitung/ Korrekturen ausfhren \', demandCategory)*demandCategory.getAnzahlGenerierungUpdateSeiten()/2','layoutPricingFacade.findByCriteriaAndLayout(\'Seitennachbearbeitung/ Korrekturen ausfhren \', demandCategory)','Seitennachbearbeitung/ Korrekturen ausfhren','(Anzahl_SeitenGenerierung_Update/2) * PricePerseite',18),(94,'2.50*demandCategory.getUmfang()','2.50','Datenbereitstellung fr CTP (Print-PDF) (bei Comet 4 automatisiert ber Server) ','(Anzahl_SeitenGesamt) * PricePerseite',18),(95,'layoutPricingFacade.findByCriteriaAndLayout(\'Groplott-Korrekturen\', demandCategory)*demandCategory.getUmfang()*0.1','layoutPricingFacade.findByCriteriaAndLayout(\'Groplott-Korrekturen\', demandCategory)','Groplott-Korrekturen ','10%_Anzahl_Gesamtseiten * PricePerSeite',19),(96,'3.50*demandCategory.getUmfang()','3.50','Datenbereitstellung nach Projektende ','Anzahl_GesamtSeiten * PricePerSeite',19),(97,'1.50* demandCategory.getAnzahlGenerierungUpdateSeiten()','1.50','Bereitstellung einer Excel-Liste (ArtikelNr && Seitenzahl)','Anzahl_SeitenGenerierung * PricePerSeite',19),(98,'25*demandCategory.getAnzahlIHVZSeiten()','25.00','Erstellung/Generierung Inhaltsverzeichnis','Anzahl_IhV * PricePerSeite',19),(99,'','25.00','Erstellung/Generierung ArtikelNrverzeichnis','Anzahl_ArtikelNrVer (10???)* PricePerSeite',19),(100,'5.60*demandCategory.getUmfang()','5.60','Seitenrahmenlayout wechseln','Anzahl_GesamtSeiten * PricePerSeite',19),(101,'6.50*demandCategory.getUmfang()','6.50','Update von Preisen','Anzahl_GesamtSeiten * PricePerSeite',19),(102,'6.50*demandCategory.getUmfang()','6.50','Update von BestellNr','Anzahl_GesamtSeiten * PricePerSeite',19),(103,'6.50*demandCategory.getUmfang()','6.50','Update von KG-Nummer ','Anzahl_GesamtSeiten * PricePerSeite',19),(104,'6.50*demandCategory.getUmfang()','6.50','Update von Lieferkennzeichen','Anzahl_GesamtSeiten * PricePerSeite',19),(105,'layoutPricingFacade.findByCriteriaAndLayout(\'Nachbearbeitung nach Fremdsprachenupdate ohne Sortimentsvernderungen\', demandCategory)*demandCategory.getUmfang()','layoutPricingFacade.findByCriteriaAndLayout(\'Nachbearbeitung nach Fremdsprachenupdate ohne Sortimentsvernderungen\', demandCategory)','Nachbearbeitung nach Fremdsprachenupdate ohne Sortimentsvernderungen ','Anzahl_GesamtSeiten * PricePerSeite',19),(106,'','','ECC Aufbereitung','',20),(107,'','','ECC Administration','',20),(108,'57*demandCategory.getAnzahlGesamtProdukt()','57.00','Bilder',' Preis/Bild * Anzahl Bilder(Produkte)',21),(109,'57*demandCategory.getAnzahlGesamtProdukt()','57.00','Animation',' Preis/Animation * Anzahl Bilder(Produkte)',21),(110,'8*configurationItemFacade.findByName(\'std_satz_fotograf\').getDefaultValue()','configurationItemFacade.findByName(\'std_satz_fotograf\').getDefaultValue()','Fotograf inkl. Assistenz (8Std)','Anzah_Std * Std_Satz_Fotograf',22),(111,'8*configurationItemFacade.findByName(\'std_satz_kind_model\').getDefaultValue()','configurationItemFacade.findByName(\'std_satz_kind_model\').getDefaultValue()','Mit Kind als Model(8Std)','Anzah_Std * Std_Satz_Kind_Model',22),(112,'8*configurationItemFacade.findByName(\'std_satz_erwachsene_model\').getDefaultValue()','configurationItemFacade.findByName(\'std_satz_erwachsene_model\').getDefaultValue()','Mit Erwachsene als Model(8Std)','Anzah_Std * Std_Satz_Erwachsene_Model',22),(113,'','','Cover','Auf Anfrage',23),(114,'125*demandCategory.getAnzahlGesamtProdukt()','125.00','Tif, Vollformat, 300 dpi','PreisPerBild * Anzahl_Bilder',29),(115,'50*demandCategory.getAnzahlGesamtProdukt()','50.00','jpg, lange Seite 10 cm, 300 dpi','PreisPerBild * Anzahl_Bilder',29),(116,'23*demandCategory.getAnzahlGesamtProdukt()','23.00','Abbildung_jpg, 72 dpi ','PreisPerBild * Anzahl_Bilder',29),(117,'10*demandCategory.getAnzahlNeueProdukt()','10.00','Freistellung','PreisPerBild * Anzahl_Bilder( Anzahl_Neue_Produkte)',31),(118,'9*demandCategory.getAnzahlNeueProdukt()','9.00','Leichte Retusche ','PreisPerBild * Anzahl_Bilder( Anzahl_Neue_Produkte)',31),(119,'9*demandCategory.getAnzahlNeueProdukt()','9.00','Sonstige Bearbeitung ','PreisPerBild * Anzahl_Bilder( Anzahl_Neue_Produkte)',31),(120,'2*demandCategory.getAnzahlNeueProdukt()','2.00','Eimspielung / Abspeichern nach E/D/E Norm','PreisPerBild * Anzahl_Bilder( Anzahl_Neue_Produkte)',31),(121,'','','Umfangreiche Retusche','Auf Anfrage',31),(122,'5000.00','5000.00','Anpassung und Support von bestehende Programmierung','Pauschale 10 Arbeitstage',25),(123,'8*configurationItemFacade.findByName(\'std_stz\').getDefaultValue()','configurationItemFacade.findByName(\'std_stz\').getDefaultValue()','Nachdruck Pricing','8*Std_Satz',28);
/*!40000 ALTER TABLE `departementcriteriaitem` ENABLE KEYS */;
UNLOCK TABLES;

--
-- Table structure for table `device`
--

DROP TABLE IF EXISTS `device`;
/*!40101 SET @saved_cs_client     = @@character_set_client */;
/*!40101 SET character_set_client = utf8 */;
CREATE TABLE `device` (
  `ID` bigint(20) NOT NULL,
  `BROWSER` varchar(255) DEFAULT NULL,
  `DEVICECATEGORIE` varchar(255) DEFAULT NULL,
  `OPERATINGSYSTEM` varchar(255) DEFAULT NULL,
  `USER_LOGIN` varchar(255) DEFAULT NULL,
  PRIMARY KEY (`ID`),
  KEY `FK_DEVICE_USER_LOGIN` (`USER_LOGIN`),
  CONSTRAINT `FK_DEVICE_USER_LOGIN` FOREIGN KEY (`USER_LOGIN`) REFERENCES `user` (`LOGIN`)
) ENGINE=InnoDB DEFAULT CHARSET=utf8;
/*!40101 SET character_set_client = @saved_cs_client */;

--
-- Dumping data for table `device`
--

LOCK TABLES `device` WRITE;
/*!40000 ALTER TABLE `device` DISABLE KEYS */;
INSERT INTO `device` VALUES (1,'CHROME 59.0.3071.114','Personal computer','Windows','walo'),(101,'SAFARI 10.1.1','Personal computer','OS X','admin'),(151,'SAFARI 10.1.1','Personal computer','OS X','rneumann'),(152,'SAFARI 10.1.1','Personal computer','OS X','SScheuerer'),(153,'SAFARI 10.1.1','Personal computer','OS X','pm'),(154,'SAFARI 10.1.1','Personal computer','OS X','ana'),(301,'SAFARI 10.1.1','Personal computer','OS X','mschwandt'),(312,'SAFARI 10.1.1','Personal computer','OS X','AM'),(653,'SAFARI 10.1.1','Personal computer','OS X','mtietgen'),(857,'SAFARI 10.1.1','Personal computer','OS X','tenzmann'),(901,'FIREFOX5 55.0','Personal computer','OS X','admin'),(951,'SAFARI 10.1.1','Personal computer','OS X','ddm'),(1004,'SAFARI 10.1.1','Personal computer','OS X','conm'),(2351,'CHROME 59.0.3071.115','Personal computer','Windows 7','walo');
/*!40000 ALTER TABLE `device` ENABLE KEYS */;
UNLOCK TABLES;

--
-- Table structure for table `farbigkeit`
--

DROP TABLE IF EXISTS `farbigkeit`;
/*!40101 SET @saved_cs_client     = @@character_set_client */;
/*!40101 SET character_set_client = utf8 */;
CREATE TABLE `farbigkeit` (
  `ID` varchar(255) NOT NULL,
  `DESCRIPTION` varchar(255) DEFAULT NULL,
  `PRICE` decimal(10,2) DEFAULT NULL,
  PRIMARY KEY (`ID`)
) ENGINE=InnoDB DEFAULT CHARSET=utf8;
/*!40101 SET character_set_client = @saved_cs_client */;

--
-- Dumping data for table `farbigkeit`
--

LOCK TABLES `farbigkeit` WRITE;
/*!40000 ALTER TABLE `farbigkeit` DISABLE KEYS */;
INSERT INTO `farbigkeit` VALUES ('4/4 c',NULL,NULL);
/*!40000 ALTER TABLE `farbigkeit` ENABLE KEYS */;
UNLOCK TABLES;

--
-- Table structure for table `formatauswaehlen`
--

DROP TABLE IF EXISTS `formatauswaehlen`;
/*!40101 SET @saved_cs_client     = @@character_set_client */;
/*!40101 SET character_set_client = utf8 */;
CREATE TABLE `formatauswaehlen` (
  `ID` varchar(255) NOT NULL,
  `DESCRIPTION` varchar(255) DEFAULT NULL,
  `PRICE` decimal(10,2) DEFAULT NULL,
  PRIMARY KEY (`ID`)
) ENGINE=InnoDB DEFAULT CHARSET=utf8;
/*!40101 SET character_set_client = @saved_cs_client */;

--
-- Dumping data for table `formatauswaehlen`
--

LOCK TABLES `formatauswaehlen` WRITE;
/*!40000 ALTER TABLE `formatauswaehlen` DISABLE KEYS */;
INSERT INTO `formatauswaehlen` VALUES ('A4',NULL,NULL),('A5',NULL,NULL),('A6',NULL,NULL),('E5PLUS',NULL,NULL),('F1926',NULL,NULL);
/*!40000 ALTER TABLE `formatauswaehlen` ENABLE KEYS */;
UNLOCK TABLES;

--
-- Table structure for table `historiqueconnexionuser`
--

DROP TABLE IF EXISTS `historiqueconnexionuser`;
/*!40101 SET @saved_cs_client     = @@character_set_client */;
/*!40101 SET character_set_client = utf8 */;
CREATE TABLE `historiqueconnexionuser` (
  `ID` bigint(20) NOT NULL AUTO_INCREMENT,
  `CONNEXION` tinyint(1) DEFAULT '0',
  `DATEACTION` datetime DEFAULT NULL,
  `USER_LOGIN` varchar(255) DEFAULT NULL,
  PRIMARY KEY (`ID`),
  KEY `FK_HISTORIQUECONNEXIONUSER_USER_LOGIN` (`USER_LOGIN`),
  CONSTRAINT `FK_HISTORIQUECONNEXIONUSER_USER_LOGIN` FOREIGN KEY (`USER_LOGIN`) REFERENCES `user` (`LOGIN`)
) ENGINE=InnoDB AUTO_INCREMENT=3188 DEFAULT CHARSET=utf8;
/*!40101 SET character_set_client = @saved_cs_client */;

--
-- Dumping data for table `historiqueconnexionuser`
--

LOCK TABLES `historiqueconnexionuser` WRITE;
/*!40000 ALTER TABLE `historiqueconnexionuser` DISABLE KEYS */;
INSERT INTO `historiqueconnexionuser` VALUES (1,1,'2017-08-07 14:24:59','walo'),(2,1,'2017-08-01 00:41:42','walo'),(51,1,'2017-08-07 14:34:01','walo'),(52,1,'2017-08-01 00:50:15','walo'),(101,1,'2017-08-07 14:54:01','walo'),(102,1,'2017-08-01 13:42:45','admin'),(151,1,'2017-08-01 13:44:15','admin'),(152,0,'2017-08-01 13:50:02','admin'),(154,1,'2017-08-01 13:50:08','pm'),(201,1,'2017-08-01 17:10:22','admin'),(202,0,'2017-08-01 17:11:01','admin'),(203,1,'2017-08-01 17:11:05','pm'),(204,0,'2017-08-01 17:11:14','pm'),(205,1,'2017-08-01 17:11:18','admin'),(206,0,'2017-08-01 17:25:31','admin'),(207,1,'2017-08-01 17:25:36','pm'),(208,0,'2017-08-01 17:33:51','pm'),(209,1,'2017-08-01 17:34:38','admin'),(210,1,'2017-08-02 09:17:19','admin'),(251,1,'2017-08-02 10:21:19','admin'),(252,1,'2017-08-02 10:46:45','admin'),(253,0,'2017-08-02 11:03:46','admin'),(254,1,'2017-08-02 11:03:52','pm'),(255,1,'2017-08-02 12:13:04','admin'),(257,0,'2017-08-02 12:18:03','admin'),(258,1,'2017-08-02 12:18:09','admin'),(301,1,'2017-08-02 12:33:09','admin'),(302,0,'2017-08-02 12:34:06','admin'),(303,1,'2017-08-02 12:34:15','pm'),(304,0,'2017-08-02 12:37:16','pm'),(305,1,'2017-08-02 12:37:20','admin'),(306,0,'2017-08-02 12:41:07','admin'),(307,1,'2017-08-02 12:41:17','admin'),(308,0,'2017-08-02 12:41:36','admin'),(309,1,'2017-08-02 12:41:48','admin'),(310,1,'2017-08-02 13:05:28','admin'),(311,0,'2017-08-02 13:06:54','admin'),(313,1,'2017-08-02 13:06:59','AM'),(314,0,'2017-08-02 13:08:05','AM'),(315,1,'2017-08-02 13:09:13','admin'),(316,1,'2017-08-02 13:54:28','admin'),(351,1,'2017-08-02 20:34:08','admin'),(401,1,'2017-08-02 20:49:35','pm'),(451,1,'2017-08-02 21:00:30','pm'),(452,0,'2017-08-02 21:08:26','pm'),(453,1,'2017-08-02 21:08:30','admin'),(501,1,'2017-08-02 21:13:24','admin'),(551,1,'2017-08-02 21:14:21','admin'),(601,1,'2017-08-03 09:24:14','pm'),(602,0,'2017-08-03 09:31:51','pm'),(603,1,'2017-08-03 09:31:59','admin'),(604,0,'2017-08-03 09:58:14','admin'),(605,1,'2017-08-03 09:58:18','pm'),(606,0,'2017-08-03 09:58:22','pm'),(607,1,'2017-08-03 09:58:25','admin'),(608,1,'2017-08-03 10:40:32','admin'),(651,1,'2017-08-03 11:29:33','admin'),(652,0,'2017-08-03 11:37:18','admin'),(654,1,'2017-08-03 11:37:24','mtietgen'),(655,0,'2017-08-03 11:37:30','mtietgen'),(656,1,'2017-08-03 11:37:38','mtietgen'),(657,0,'2017-08-03 11:38:15','mtietgen'),(658,1,'2017-08-03 11:38:20','admin'),(659,0,'2017-08-03 11:41:40','admin'),(660,1,'2017-08-03 11:41:50','mtietgen'),(661,0,'2017-08-03 11:43:23','mtietgen'),(662,1,'2017-08-03 11:43:27','admin'),(663,1,'2017-08-03 12:18:20','admin'),(664,0,'2017-08-03 12:21:06','admin'),(665,1,'2017-08-03 12:21:18','mtietgen'),(666,0,'2017-08-03 12:28:10','mtietgen'),(667,1,'2017-08-03 12:28:14','admin'),(668,1,'2017-08-03 12:49:59','admin'),(669,1,'2017-08-03 13:10:04','admin'),(670,0,'2017-08-03 13:11:41','admin'),(671,1,'2017-08-03 13:11:47','mtietgen'),(672,0,'2017-08-03 13:17:45','mtietgen'),(673,1,'2017-08-03 13:17:49','admin'),(680,0,'2017-08-03 13:40:45','admin'),(681,1,'2017-08-03 13:41:23','mtietgen'),(682,0,'2017-08-03 13:42:01','mtietgen'),(683,1,'2017-08-03 13:42:08','admin'),(684,0,'2017-08-03 13:43:00','admin'),(685,1,'2017-08-03 13:43:09','mtietgen'),(701,1,'2017-08-03 13:56:38','mtietgen'),(702,0,'2017-08-03 14:03:39','mtietgen'),(703,1,'2017-08-03 14:03:43','admin'),(704,0,'2017-08-03 14:04:06','admin'),(705,1,'2017-08-03 14:04:13','mtietgen'),(706,0,'2017-08-03 14:09:22','mtietgen'),(707,1,'2017-08-03 14:09:26','admin'),(708,0,'2017-08-03 14:09:50','admin'),(709,1,'2017-08-03 14:09:59','mtietgen'),(710,0,'2017-08-03 14:15:29','mtietgen'),(711,1,'2017-08-03 14:15:35','admin'),(751,1,'2017-08-03 14:44:46','admin'),(752,1,'2017-08-03 15:04:52','admin'),(801,1,'2017-08-04 08:04:43','admin'),(802,0,'2017-08-04 08:08:04','admin'),(851,1,'2017-08-04 08:11:04','admin'),(852,0,'2017-08-04 08:40:27','admin'),(853,1,'2017-08-04 08:40:31','admin'),(854,0,'2017-08-04 08:42:31','admin'),(855,1,'2017-08-04 08:42:36','admin'),(856,0,'2017-08-04 08:46:40','admin'),(858,1,'2017-08-04 08:46:47','tenzmann'),(859,0,'2017-08-04 08:46:52','tenzmann'),(860,1,'2017-08-04 08:46:59','tenzmann'),(861,0,'2017-08-04 08:51:22','tenzmann'),(862,1,'2017-08-04 08:51:27','admin'),(901,1,'2017-08-04 09:14:35','tenzmann'),(902,0,'2017-08-04 09:14:46','tenzmann'),(903,1,'2017-08-04 09:14:51','admin'),(904,0,'2017-08-04 09:15:05','admin'),(905,1,'2017-08-04 09:15:11','tenzmann'),(951,1,'2017-08-04 09:17:36','tenzmann'),(1001,1,'2017-08-04 09:18:19','tenzmann'),(1051,1,'2017-08-04 09:20:02','tenzmann'),(1052,0,'2017-08-04 09:23:52','tenzmann'),(1053,1,'2017-08-04 09:23:56','admin'),(1101,1,'2017-08-04 09:47:40','admin'),(1102,0,'2017-08-04 09:48:48','admin'),(1104,1,'2017-08-04 09:48:54','mediait'),(1105,0,'2017-08-04 09:49:00','mediait'),(1106,1,'2017-08-04 09:49:07','mediait'),(1151,1,'2017-08-04 09:56:01','admin'),(1152,0,'2017-08-04 10:14:27','admin'),(1153,1,'2017-08-04 10:14:36','mediait'),(1201,1,'2017-08-04 10:24:22','admin'),(1251,1,'2017-08-04 10:25:43','admin'),(1264,0,'2017-08-04 11:21:11','admin'),(1301,1,'2017-08-04 11:21:35','admin'),(1351,1,'2017-08-06 18:56:24','admin'),(1401,1,'2017-08-06 18:58:27','admin'),(1451,1,'2017-08-06 19:07:54','admin'),(1501,1,'2017-08-06 19:11:23','admin'),(1503,0,'2017-08-06 19:13:19','admin'),(1504,1,'2017-08-06 19:13:23','admin'),(1551,1,'2017-08-06 19:15:20','admin'),(1552,0,'2017-08-06 19:17:49','admin'),(1553,1,'2017-08-06 19:17:53','admin'),(1554,0,'2017-08-06 19:18:30','admin'),(1555,1,'2017-08-06 19:18:35','admin'),(1601,1,'2017-08-06 19:38:39','admin'),(1651,1,'2017-08-06 19:49:18','admin'),(1701,1,'2017-08-06 19:53:27','admin'),(1751,1,'2017-08-06 19:55:48','admin'),(1801,1,'2017-08-06 20:09:37','admin'),(1851,1,'2017-08-06 20:15:38','admin'),(1901,1,'2017-08-06 20:20:05','admin'),(1915,0,'2017-08-06 20:37:01','admin'),(1916,1,'2017-08-06 20:37:05','admin'),(1951,1,'2017-08-06 20:53:46','admin'),(1955,0,'2017-08-06 21:00:15','admin'),(1956,1,'2017-08-06 21:01:23','admin'),(2001,1,'2017-08-06 22:48:22','admin'),(2002,1,'2017-08-06 22:53:55','admin'),(2051,1,'2017-08-06 23:04:38','admin'),(2101,1,'2017-08-06 23:08:58','admin'),(2151,1,'2017-08-06 23:10:05','admin'),(2201,1,'2017-08-07 08:09:52','admin'),(2251,1,'2017-08-07 08:19:57','admin'),(2252,1,'2017-08-07 08:50:44','admin'),(2301,1,'2017-08-07 09:57:13','admin'),(2352,1,'2017-08-07 11:36:25','walo'),(2401,1,'2017-08-07 11:45:39','walo'),(2451,1,'2017-08-07 11:54:57','walo'),(2501,1,'2017-08-07 12:49:44','walo'),(2502,1,'2017-08-07 12:57:34','walo'),(2551,1,'2017-08-07 13:04:49','walo'),(2601,1,'2017-08-07 13:08:33','walo'),(2651,1,'2017-08-07 14:15:08','walo'),(2652,1,'2017-08-07 14:16:43','walo'),(2653,1,'2017-08-07 15:04:53','walo'),(2654,1,'2017-08-07 15:09:48','walo'),(2655,0,'2017-08-07 19:06:31','admin'),(2656,1,'2017-08-07 19:06:49','admin'),(2657,0,'2017-08-07 19:07:43','admin'),(2658,1,'2017-08-07 19:07:48','rneumann'),(2659,0,'2017-08-07 19:07:54','rneumann'),(2660,1,'2017-08-07 19:08:02','rneumann'),(2661,0,'2017-08-07 19:10:02','rneumann'),(2662,1,'2017-08-07 19:10:08','mtietgen'),(2663,0,'2017-08-07 19:10:40','mtietgen'),(2664,1,'2017-08-07 19:10:55','SScheuerer'),(2665,0,'2017-08-07 19:11:01','SScheuerer'),(2666,1,'2017-08-07 19:11:14','SScheuerer'),(2667,0,'2017-08-07 19:11:23','SScheuerer'),(2668,1,'2017-08-07 19:11:34','pm'),(2669,0,'2017-08-07 19:12:23','pm'),(2670,1,'2017-08-07 19:12:30','ana'),(2671,0,'2017-08-07 19:13:07','ana'),(2672,1,'2017-08-07 19:13:19','mtietgen'),(2673,0,'2017-08-07 19:14:15','mtietgen'),(2674,1,'2017-08-07 19:14:20','admin'),(2675,1,'2017-08-07 19:16:58','admin'),(2676,1,'2017-08-07 19:23:24','admin'),(2677,1,'2017-08-07 19:38:02','admin'),(2678,0,'2017-08-07 19:58:08','admin'),(2679,1,'2017-08-07 19:58:14','rneumann'),(2680,0,'2017-08-07 19:59:06','rneumann'),(2681,1,'2017-08-07 19:59:10','admin'),(2682,1,'2017-08-07 20:20:47','admin'),(2683,0,'2017-08-07 20:23:12','admin'),(2684,1,'2017-08-07 20:23:18','mtietgen'),(2685,0,'2017-08-07 20:25:32','mtietgen'),(2686,1,'2017-08-07 20:25:37','admin'),(2687,1,'2017-08-07 20:27:54','admin'),(2688,1,'2017-08-07 21:02:00','admin'),(2689,1,'2017-08-07 21:07:29','admin'),(2690,1,'2017-08-07 21:21:49','admin'),(2691,1,'2017-08-08 08:03:06','admin'),(2692,1,'2017-08-08 08:08:18','admin'),(2693,0,'2017-08-08 08:08:28','admin'),(2694,1,'2017-08-08 08:08:49','admin'),(2695,0,'2017-08-08 08:30:37','admin'),(2696,1,'2017-08-08 08:30:45','mtietgen'),(2697,0,'2017-08-08 08:35:36','mtietgen'),(2698,1,'2017-08-08 08:35:49','mtietgen'),(2699,0,'2017-08-08 08:36:28','mtietgen'),(2700,1,'2017-08-08 08:36:32','admin'),(2701,0,'2017-08-08 08:50:20','admin'),(2702,1,'2017-08-08 08:50:25','mtietgen'),(2703,0,'2017-08-08 08:52:19','mtietgen'),(2704,1,'2017-08-08 08:52:23','admin'),(2705,0,'2017-08-08 09:22:08','admin'),(2706,1,'2017-08-08 09:22:12','rneumann'),(2707,0,'2017-08-08 09:25:20','rneumann'),(2708,1,'2017-08-08 09:25:24','admin'),(2709,0,'2017-08-08 09:25:36','admin'),(2710,1,'2017-08-08 09:25:43','mtietgen'),(2711,1,'2017-08-08 09:31:03','mschwandt'),(2712,0,'2017-08-08 09:31:10','mschwandt'),(2713,1,'2017-08-08 09:31:17','mschwandt'),(2714,1,'2017-08-08 09:32:43','admin'),(2715,0,'2017-08-08 09:33:31','admin'),(2716,1,'2017-08-08 09:33:34','admin'),(2717,1,'2017-08-08 09:34:19','admin'),(2718,1,'2017-08-08 09:59:11','admin'),(2719,0,'2017-08-08 09:59:15','admin'),(2720,1,'2017-08-08 10:13:36','admin'),(2721,0,'2017-08-08 10:15:55','admin'),(2722,1,'2017-08-08 10:16:29','admin'),(2723,1,'2017-08-08 10:35:29','admin'),(2724,0,'2017-08-08 10:37:09','admin'),(2725,1,'2017-08-08 10:37:15','mtietgen'),(2726,0,'2017-08-08 10:38:25','mtietgen'),(2727,1,'2017-08-08 10:38:31','admin'),(2728,0,'2017-08-08 10:38:59','admin'),(2729,1,'2017-08-08 10:39:03','rneumann'),(2730,0,'2017-08-08 10:39:37','rneumann'),(2731,1,'2017-08-08 10:39:42','admin'),(2732,0,'2017-08-08 10:40:24','admin'),(2733,1,'2017-08-08 10:40:29','mschwandt'),(2734,1,'2017-08-09 09:39:51','admin'),(2735,1,'2017-08-09 09:48:29','admin'),(2736,1,'2017-08-09 12:53:29','admin'),(2737,1,'2017-08-09 13:01:42','admin'),(2738,0,'2017-08-09 13:01:49','admin'),(2739,1,'2017-08-10 11:11:01','admin'),(2740,1,'2017-08-10 12:06:18','admin'),(2741,1,'2017-08-10 12:40:30','admin'),(2742,1,'2017-08-10 12:45:32','admin'),(2743,1,'2017-08-10 12:53:37','admin'),(2744,1,'2017-08-10 12:58:43','admin'),(2745,1,'2017-08-10 13:03:57','admin'),(2746,1,'2017-08-10 13:22:55','admin'),(2747,0,'2017-08-10 13:23:49','admin'),(2748,1,'2017-08-10 13:23:54','mtietgen'),(2749,0,'2017-08-10 13:24:03','mtietgen'),(2750,1,'2017-08-10 13:24:07','admin'),(2751,1,'2017-08-10 14:05:57','admin'),(2752,1,'2017-08-24 13:38:16','admin'),(2753,1,'2017-08-24 14:21:43','admin'),(2754,1,'2017-08-25 08:59:24','admin'),(2755,1,'2017-08-25 09:52:58','admin'),(2756,1,'2017-08-25 09:56:13','admin'),(2757,1,'2017-08-25 09:59:01','admin'),(2758,1,'2017-08-25 12:02:55','admin'),(2759,1,'2017-08-25 13:23:26','admin'),(2760,1,'2017-08-25 13:27:41','admin'),(2761,1,'2017-08-25 13:36:14','admin'),(2762,1,'2017-08-25 13:43:29','admin'),(2763,1,'2017-08-25 13:46:30','admin'),(2764,1,'2017-08-25 13:49:03','admin'),(2765,1,'2017-08-28 09:20:25','admin'),(2766,1,'2017-08-28 09:40:32','admin'),(2767,0,'2017-08-28 09:41:37','admin'),(2768,1,'2017-08-28 09:41:44','ana'),(2769,0,'2017-08-28 09:41:59','ana'),(2770,1,'2017-08-28 09:42:44','admin'),(2771,0,'2017-08-28 09:44:18','admin'),(2772,1,'2017-08-28 09:44:43','ana'),(2773,0,'2017-08-28 09:44:48','ana'),(2774,1,'2017-08-28 09:44:53','admin'),(2775,1,'2017-08-28 09:46:04','admin'),(2776,1,'2017-08-28 09:48:01','admin'),(2777,0,'2017-08-28 09:49:44','admin'),(2778,1,'2017-08-28 09:49:48','ana'),(2779,1,'2017-08-28 09:50:43','ana'),(2780,0,'2017-08-28 09:50:54','ana'),(2781,1,'2017-08-28 10:00:27','admin'),(2782,1,'2017-08-28 10:28:36','admin'),(2783,1,'2017-08-28 10:35:24','admin'),(2784,1,'2017-08-28 10:36:06','admin'),(2785,1,'2017-08-28 10:44:31','admin'),(2786,1,'2017-08-28 12:44:34','admin'),(2787,1,'2017-08-28 13:07:55','admin'),(2788,1,'2017-08-28 13:25:15','admin'),(2789,1,'2017-08-28 13:55:12','admin'),(2790,1,'2017-08-28 13:58:35','admin'),(2791,1,'2017-08-28 13:59:41','admin'),(2792,1,'2017-08-29 09:09:06','admin'),(2793,1,'2017-08-29 09:15:05','admin'),(2794,1,'2017-08-29 09:20:46','admin'),(2795,1,'2017-08-29 09:22:17','admin'),(2796,1,'2017-08-29 09:24:10','admin'),(2797,1,'2017-08-29 09:48:49','admin'),(2798,1,'2017-08-29 09:51:17','admin'),(2799,1,'2017-08-29 09:53:29','admin'),(2800,1,'2017-08-29 09:54:55','admin'),(2801,1,'2017-08-29 09:57:18','admin'),(2802,1,'2017-08-29 10:07:44','admin'),(2803,1,'2017-08-29 10:25:28','admin'),(2804,0,'2017-08-29 10:26:41','admin'),(2805,1,'2017-08-29 10:34:52','admin'),(2806,1,'2017-08-29 11:28:33','ana'),(2807,0,'2017-08-29 11:29:33','ana'),(2808,1,'2017-08-29 11:30:36','admin'),(2809,0,'2017-08-29 11:42:56','admin'),(2810,1,'2017-08-29 11:47:45','admin'),(2811,1,'2017-08-29 12:28:32','admin'),(2812,1,'2017-08-31 10:45:30','admin'),(2813,1,'2017-08-31 10:47:34','admin'),(2814,1,'2017-08-31 11:32:55','admin'),(2815,0,'2017-08-31 11:53:16','admin'),(2816,1,'2017-08-31 12:30:58','admin'),(2817,1,'2017-08-31 12:31:59','admin'),(2818,1,'2017-08-31 12:33:20','admin'),(2819,1,'2017-08-31 12:55:34','admin'),(2820,1,'2017-08-31 12:59:07','admin'),(2821,1,'2017-08-31 13:24:38','admin'),(2822,1,'2017-08-31 13:32:40','admin'),(2823,1,'2017-08-31 13:48:06','admin'),(2824,0,'2017-08-31 13:56:24','admin'),(2825,1,'2017-08-31 13:56:29','admin'),(2826,1,'2017-08-31 14:01:28','admin'),(2827,1,'2017-08-31 14:05:09','admin'),(2828,1,'2017-08-31 14:06:43','admin'),(2829,1,'2017-08-31 14:09:11','admin'),(2830,1,'2017-08-31 14:12:22','admin'),(2831,1,'2017-08-31 14:14:09','admin'),(2832,1,'2017-08-31 14:15:51','admin'),(2833,1,'2017-08-31 14:21:04','admin'),(2834,1,'2017-08-31 14:21:42','admin'),(2835,1,'2017-08-31 14:26:01','admin'),(2836,1,'2017-08-31 14:26:57','admin'),(2837,1,'2017-08-31 14:27:49','admin'),(2838,1,'2017-08-31 14:28:57','admin'),(2839,0,'2017-08-31 14:29:12','admin'),(2840,1,'2017-09-01 10:25:17','admin'),(2841,1,'2017-09-01 10:31:39','admin'),(2842,1,'2017-09-01 10:33:11','admin'),(2843,1,'2017-09-01 10:35:16','admin'),(2844,1,'2017-09-01 10:46:46','admin'),(2845,1,'2017-09-01 10:55:35','admin'),(2846,1,'2017-09-01 12:00:17','admin'),(2847,1,'2017-09-01 12:06:18','admin'),(2848,1,'2017-09-01 12:22:24','admin'),(2849,1,'2017-09-01 12:29:37','admin'),(2850,1,'2017-09-01 12:34:19','admin'),(2851,1,'2017-09-01 12:37:54','admin'),(2852,1,'2017-09-01 12:41:15','admin'),(2853,1,'2017-09-01 12:48:34','admin'),(2854,1,'2017-09-01 14:01:18','admin'),(2855,1,'2017-09-01 14:02:22','admin'),(2856,1,'2017-09-01 14:09:36','admin'),(2857,1,'2017-09-04 09:12:30','admin'),(2858,1,'2017-09-04 09:27:51','admin'),(2859,1,'2017-09-04 09:41:23','admin'),(2860,1,'2017-09-04 12:51:47','admin'),(2861,1,'2017-09-04 13:01:36','admin'),(2862,1,'2017-09-04 13:47:01','admin'),(2863,1,'2017-09-04 14:25:32','admin'),(2864,1,'2017-09-04 14:32:49','admin'),(2865,0,'2017-09-04 14:37:16','admin'),(2866,1,'2017-09-04 14:37:25','ana'),(2867,0,'2017-09-04 14:37:41','ana'),(2868,1,'2017-09-04 14:37:47','admin'),(2869,1,'2017-09-04 14:54:50','admin'),(2870,0,'2017-09-04 14:55:12','admin'),(2871,1,'2017-09-05 08:49:15','admin'),(2872,1,'2017-09-05 09:57:08','admin'),(2873,1,'2017-09-05 09:59:36','admin'),(2874,1,'2017-09-05 10:04:16','admin'),(2875,1,'2017-09-05 10:08:00','admin'),(2876,1,'2017-09-05 10:18:06','admin'),(2877,1,'2017-09-05 10:27:50','admin'),(2878,1,'2017-09-05 10:35:10','admin'),(2879,1,'2017-09-05 11:01:23','admin'),(2880,1,'2017-09-05 11:21:12','admin'),(2881,1,'2017-09-05 11:44:57','admin'),(2882,1,'2017-09-05 11:56:15','admin'),(2883,1,'2017-09-05 12:24:16','admin'),(2884,1,'2017-09-05 12:26:39','admin'),(2885,0,'2017-09-05 12:32:48','admin'),(2886,1,'2017-09-05 12:32:53','admin'),(2887,1,'2017-09-05 12:33:45','admin'),(2888,1,'2017-09-05 12:47:08','admin'),(2889,1,'2017-09-05 12:49:54','admin'),(2890,1,'2017-09-05 12:50:52','admin'),(2891,1,'2017-09-05 12:52:23','admin'),(2892,1,'2017-09-05 13:04:23','admin'),(2893,1,'2017-09-05 13:14:17','admin'),(2894,1,'2017-09-06 08:38:35','admin'),(2895,1,'2017-09-06 09:21:57','admin'),(2896,0,'2017-09-06 09:23:37','admin'),(2897,1,'2017-09-06 09:23:54','ana'),(2898,0,'2017-09-06 09:24:49','ana'),(2899,1,'2017-09-06 09:24:54','admin'),(2900,1,'2017-09-06 09:34:45','admin'),(2901,0,'2017-09-06 09:34:56','admin'),(2902,1,'2017-09-06 09:35:16','admin'),(2903,0,'2017-09-06 09:35:45','admin'),(2904,1,'2017-09-06 09:35:49','ddm'),(2905,0,'2017-09-06 09:35:55','ddm'),(2906,1,'2017-09-06 09:36:00','ddm'),(2907,0,'2017-09-06 09:36:53','ddm'),(2908,1,'2017-09-06 09:37:01','admin'),(2909,0,'2017-09-06 09:37:26','admin'),(2910,1,'2017-09-06 09:37:31','ddm'),(2911,1,'2017-09-06 09:39:07','admin'),(2912,0,'2017-09-06 09:40:21','admin'),(2913,1,'2017-09-06 09:40:25','ddm'),(2914,0,'2017-09-06 09:43:53','ddm'),(2915,1,'2017-09-06 09:43:57','admin'),(2916,0,'2017-09-06 09:51:03','admin'),(2917,1,'2017-09-06 09:51:08','ddm'),(2918,1,'2017-09-06 09:56:00','ddm'),(2919,0,'2017-09-06 09:56:11','ddm'),(2920,1,'2017-09-06 09:56:15','admin'),(2921,0,'2017-09-06 09:56:51','admin'),(2922,1,'2017-09-06 09:56:55','ddm'),(2923,0,'2017-09-06 09:59:16','ddm'),(2924,1,'2017-09-06 09:59:20','ana'),(2925,0,'2017-09-06 10:06:01','ana'),(2926,1,'2017-09-06 10:10:51','admin'),(2927,0,'2017-09-06 10:11:01','admin'),(2928,1,'2017-09-06 10:14:52','admin'),(2929,0,'2017-09-06 10:23:55','admin'),(2930,1,'2017-09-06 10:23:58','ddm'),(2931,0,'2017-09-06 10:24:27','ddm'),(2932,1,'2017-09-06 10:24:31','admin'),(2933,0,'2017-09-06 10:24:52','admin'),(2934,1,'2017-09-06 10:24:56','ddm'),(2935,0,'2017-09-06 10:25:20','ddm'),(2936,1,'2017-09-06 10:25:24','admin'),(2937,0,'2017-09-06 10:25:49','admin'),(2938,1,'2017-09-06 10:25:54','ddm'),(2939,0,'2017-09-06 10:26:05','ddm'),(2940,1,'2017-09-06 10:26:09','admin'),(2941,1,'2017-09-06 10:36:55','admin'),(2942,0,'2017-09-06 10:37:35','admin'),(2943,1,'2017-09-06 10:37:39','admin'),(2944,0,'2017-09-06 10:38:44','admin'),(2945,1,'2017-09-06 10:38:48','ddm'),(2946,0,'2017-09-06 10:40:02','ddm'),(2947,1,'2017-09-06 10:40:06','admin'),(2948,0,'2017-09-06 10:42:01','admin'),(2949,1,'2017-09-06 10:42:04','ddm'),(2950,1,'2017-09-06 10:57:47','ddm'),(2951,1,'2017-09-06 10:59:04','ddm'),(2952,1,'2017-09-06 11:00:19','ddm'),(2953,1,'2017-09-06 11:01:47','ddm'),(2954,0,'2017-09-06 11:03:11','ddm'),(2955,1,'2017-09-06 11:03:15','ana'),(2956,0,'2017-09-06 11:08:21','ana'),(2957,1,'2017-09-06 11:08:24','admin'),(2958,0,'2017-09-06 11:08:36','admin'),(2959,1,'2017-09-06 11:08:42','mtietgen'),(2960,0,'2017-09-06 11:10:16','mtietgen'),(2961,1,'2017-09-06 11:10:20','admin'),(2962,0,'2017-09-06 11:10:33','admin'),(2963,1,'2017-09-06 11:10:40','mtietgen'),(2964,0,'2017-09-06 11:11:28','mtietgen'),(2965,1,'2017-09-06 11:11:33','admin'),(2966,1,'2017-09-06 11:52:44','admin'),(2967,1,'2017-09-06 11:57:29','admin'),(2968,1,'2017-09-06 12:00:10','admin'),(2969,1,'2017-09-06 12:10:41','admin'),(2970,1,'2017-09-06 12:21:41','admin'),(2971,1,'2017-09-06 12:29:46','admin'),(2972,1,'2017-09-06 12:49:12','admin'),(2973,0,'2017-09-06 12:51:45','admin'),(2974,1,'2017-09-06 12:51:50','ddm'),(2975,0,'2017-09-06 12:52:32','ddm'),(2976,1,'2017-09-06 12:52:36','admin'),(2977,0,'2017-09-06 12:53:00','admin'),(2978,1,'2017-09-06 12:53:03','ddm'),(2979,1,'2017-09-06 12:56:16','mtietgen'),(2980,0,'2017-09-06 12:57:55','mtietgen'),(2981,1,'2017-09-06 12:57:59','admin'),(2982,1,'2017-09-06 13:26:54','admin'),(2983,1,'2017-09-06 13:42:33','admin'),(2984,1,'2017-09-06 13:44:21','admin'),(2985,1,'2017-09-07 09:49:46','admin'),(2986,1,'2017-09-07 11:52:14','admin'),(2987,1,'2017-09-07 11:56:31','admin'),(2988,1,'2017-09-07 12:07:25','admin'),(2989,1,'2017-09-07 12:11:07','admin'),(2990,1,'2017-09-07 12:17:01','admin'),(2991,1,'2017-09-07 12:34:36','admin'),(2992,1,'2017-09-07 12:37:58','admin'),(2993,1,'2017-09-07 12:45:32','admin'),(2994,1,'2017-09-07 12:48:13','admin'),(2995,1,'2017-09-07 12:56:56','admin'),(2996,1,'2017-09-07 13:01:54','admin'),(2997,1,'2017-09-07 13:09:09','rneumann'),(2998,1,'2017-09-07 13:29:02','admin'),(2999,0,'2017-09-07 13:59:18','admin'),(3000,1,'2017-09-07 13:59:22','admin'),(3001,1,'2017-09-07 13:59:55','admin'),(3002,1,'2017-09-07 14:00:57','admin'),(3003,0,'2017-09-07 14:01:42','admin'),(3004,1,'2017-09-07 14:08:12','admin'),(3005,1,'2017-09-07 14:08:40','admin'),(3006,1,'2017-09-07 14:12:48','admin'),(3007,1,'2017-09-07 14:29:56','admin'),(3008,1,'2017-09-07 14:34:00','admin'),(3009,1,'2017-09-07 14:53:17','rneumann'),(3010,0,'2017-09-07 14:53:37','rneumann'),(3011,1,'2017-09-07 14:53:42','admin'),(3012,1,'2017-09-08 09:21:23','admin'),(3013,1,'2017-09-08 09:53:16','admin'),(3014,0,'2017-09-08 10:20:14','admin'),(3015,1,'2017-09-08 10:20:33','rneumann'),(3016,1,'2017-09-08 11:07:47','admin'),(3017,1,'2017-09-08 13:40:16','admin'),(3018,1,'2017-09-08 14:39:17','admin'),(3019,1,'2017-09-08 14:46:44','admin'),(3020,1,'2017-09-08 14:47:04','admin'),(3021,1,'2017-09-08 14:48:41','admin'),(3022,1,'2017-09-08 15:02:26','admin'),(3023,1,'2017-09-11 10:16:02','rneumann'),(3024,1,'2017-09-11 10:18:50','admin'),(3025,1,'2017-09-11 10:25:06','rneumann'),(3026,1,'2017-09-11 10:28:37','rneumann'),(3027,1,'2017-09-11 10:34:40','rneumann'),(3028,0,'2017-09-11 10:36:40','rneumann'),(3029,1,'2017-09-11 10:36:48','ana'),(3030,0,'2017-09-11 10:37:21','ana'),(3031,1,'2017-09-11 10:37:25','admin'),(3032,1,'2017-09-11 10:47:17','rneumann'),(3033,0,'2017-09-11 10:48:19','rneumann'),(3034,1,'2017-09-11 10:48:23','admin'),(3035,0,'2017-09-11 10:48:48','admin'),(3036,1,'2017-09-11 10:48:54','rneumann'),(3037,0,'2017-09-11 10:50:33','rneumann'),(3038,1,'2017-09-11 10:50:37','ana'),(3039,0,'2017-09-11 10:51:07','ana'),(3040,1,'2017-09-11 10:51:14','rneumann'),(3041,1,'2017-09-11 11:02:17','admin'),(3042,0,'2017-09-11 11:02:40','admin'),(3043,1,'2017-09-11 11:02:46','rneumann'),(3044,0,'2017-09-11 11:08:15','rneumann'),(3045,1,'2017-09-11 11:08:47','rneumann'),(3046,0,'2017-09-11 11:08:57','rneumann'),(3047,1,'2017-09-11 11:09:01','ana'),(3048,0,'2017-09-11 11:09:54','ana'),(3049,1,'2017-09-11 11:09:59','admin'),(3050,0,'2017-09-11 11:10:50','admin'),(3051,1,'2017-09-11 11:10:54','admin'),(3052,0,'2017-09-11 11:11:03','admin'),(3053,1,'2017-09-11 11:11:13','admin'),(3054,0,'2017-09-11 11:11:52','admin'),(3055,1,'2017-09-11 11:11:57','rneumann'),(3056,0,'2017-09-11 11:12:03','rneumann'),(3057,1,'2017-09-11 11:12:07','admin'),(3058,0,'2017-09-11 11:29:57','admin'),(3059,1,'2017-09-11 11:30:03','admin'),(3060,0,'2017-09-11 11:32:03','admin'),(3061,1,'2017-09-11 11:32:07','rneumann'),(3062,0,'2017-09-11 11:32:14','rneumann'),(3063,1,'2017-09-11 11:32:20','admin'),(3064,0,'2017-09-11 11:32:23','admin'),(3065,1,'2017-09-11 11:32:28','rneumann'),(3066,0,'2017-09-11 11:34:34','rneumann'),(3067,1,'2017-09-11 11:34:39','admin'),(3068,1,'2017-09-11 11:36:29','rneumann'),(3069,0,'2017-09-11 11:36:40','rneumann'),(3070,1,'2017-09-11 11:36:44','admin'),(3071,1,'2017-09-11 11:39:54','admin'),(3072,0,'2017-09-11 11:40:14','admin'),(3073,1,'2017-09-11 11:40:18','rneumann'),(3074,1,'2017-09-11 11:44:36','rneumann'),(3075,1,'2017-09-11 11:54:13','rneumann'),(3076,0,'2017-09-11 11:54:29','rneumann'),(3077,1,'2017-09-11 11:54:33','admin'),(3078,0,'2017-09-11 11:55:10','admin'),(3079,1,'2017-09-11 11:55:15','rneumann'),(3080,1,'2017-09-11 12:01:19','admin'),(3081,0,'2017-09-11 12:01:34','admin'),(3082,1,'2017-09-11 12:01:38','rneumann'),(3083,0,'2017-09-11 12:05:27','rneumann'),(3084,1,'2017-09-11 12:06:06','admin'),(3085,0,'2017-09-11 12:06:17','admin'),(3086,1,'2017-09-11 12:06:21','rneumann'),(3087,0,'2017-09-11 12:07:40','rneumann'),(3088,1,'2017-09-11 12:07:44','ana'),(3089,1,'2017-09-11 12:25:14','rneumann'),(3090,0,'2017-09-11 12:25:45','rneumann'),(3091,1,'2017-09-11 12:26:01','admin'),(3092,0,'2017-09-11 12:28:56','admin'),(3093,1,'2017-09-11 12:29:53','rneumann'),(3094,0,'2017-09-11 12:30:38','rneumann'),(3095,1,'2017-09-11 12:30:43','admin'),(3096,0,'2017-09-11 12:31:30','admin'),(3097,1,'2017-09-11 12:31:36','rneumann'),(3098,0,'2017-09-11 12:35:02','rneumann'),(3099,1,'2017-09-11 12:35:07','admin'),(3100,1,'2017-09-11 12:59:08','admin'),(3101,1,'2017-09-11 14:10:16','admin'),(3102,1,'2017-09-11 14:33:37','admin'),(3103,1,'2017-09-11 14:35:18','admin'),(3104,1,'2017-09-12 09:22:44','admin'),(3105,1,'2017-09-12 10:21:24','admin'),(3106,1,'2017-09-12 11:20:56','admin'),(3107,1,'2017-09-12 12:10:07','admin'),(3108,1,'2017-09-12 12:17:44','admin'),(3109,1,'2017-09-12 12:20:44','admin'),(3110,1,'2017-09-12 12:21:21','admin'),(3111,1,'2017-09-12 12:22:51','admin'),(3112,1,'2017-09-12 12:24:35','admin'),(3113,1,'2017-09-12 12:25:53','admin'),(3114,1,'2017-09-12 12:27:32','admin'),(3115,0,'2017-09-12 12:36:08','admin'),(3116,1,'2017-09-12 12:36:16','rneumann'),(3117,1,'2017-09-12 13:23:45','admin'),(3118,1,'2017-09-12 13:32:02','admin'),(3119,1,'2017-09-12 13:42:00','admin'),(3120,1,'2017-09-12 13:45:18','admin'),(3121,1,'2017-09-12 13:47:39','admin'),(3122,1,'2017-09-12 13:48:43','admin'),(3123,1,'2017-09-13 09:30:07','admin'),(3124,1,'2017-09-13 09:40:38','admin'),(3125,0,'2017-09-13 09:40:51','admin'),(3126,1,'2017-09-13 10:28:46','rneumann'),(3127,0,'2017-09-13 10:44:18','rneumann'),(3128,1,'2017-09-13 10:44:24','mtietgen'),(3129,0,'2017-09-13 10:46:15','mtietgen'),(3130,1,'2017-09-13 10:46:26','rneumann'),(3131,0,'2017-09-13 10:49:53','rneumann'),(3132,1,'2017-09-13 10:49:59','tenzmann'),(3133,0,'2017-09-13 10:50:29','tenzmann'),(3134,1,'2017-09-13 10:51:24','rneumann'),(3135,0,'2017-09-13 10:58:39','rneumann'),(3136,1,'2017-09-13 10:58:45','mtietgen'),(3137,0,'2017-09-13 11:11:54','mtietgen'),(3138,1,'2017-09-13 11:11:57','admin'),(3139,1,'2017-09-13 11:58:44','admin'),(3140,1,'2017-09-13 12:02:03','admin'),(3141,1,'2017-09-13 12:13:36','admin'),(3142,1,'2017-09-13 12:40:33','admin'),(3143,1,'2017-09-13 13:00:45','admin'),(3144,1,'2017-09-13 13:10:10','rneumann'),(3145,1,'2017-09-13 13:14:47','rneumann'),(3146,0,'2017-09-13 13:15:13','rneumann'),(3147,1,'2017-09-13 13:15:17','admin'),(3148,1,'2017-09-13 13:46:22','admin'),(3149,1,'2017-09-13 13:47:56','admin'),(3150,1,'2017-09-13 13:49:29','admin'),(3151,1,'2017-09-13 13:50:22','admin'),(3152,1,'2017-09-14 09:29:08','admin'),(3153,0,'2017-09-14 09:49:09','admin'),(3154,1,'2017-09-14 09:49:13','rneumann'),(3155,1,'2017-09-14 10:20:16','admin'),(3156,1,'2017-09-14 10:45:44','admin'),(3157,1,'2017-09-14 10:59:50','admin'),(3158,0,'2017-09-14 10:59:55','admin'),(3159,1,'2017-09-14 11:00:02','tenzmann'),(3160,0,'2017-09-14 11:02:29','tenzmann'),(3161,1,'2017-09-14 11:02:35','mtietgen'),(3162,1,'2017-09-14 11:03:06','admin'),(3163,1,'2017-09-14 11:06:40','tenzmann'),(3164,0,'2017-09-14 11:12:49','tenzmann'),(3165,1,'2017-09-14 11:12:57','ana'),(3166,0,'2017-09-14 11:19:25','ana'),(3167,1,'2017-09-14 11:19:57','admin'),(3168,0,'2017-09-14 11:21:06','admin'),(3169,1,'2017-09-14 11:21:11','conm'),(3170,0,'2017-09-14 11:21:17','conm'),(3171,1,'2017-09-14 11:21:23','conm'),(3172,0,'2017-09-14 11:29:32','conm'),(3173,1,'2017-09-14 11:29:35','ddm'),(3174,1,'2017-09-14 11:40:26','rneumann'),(3175,1,'2017-09-14 11:51:35','rneumann'),(3176,1,'2017-09-14 11:59:21','admin'),(3177,0,'2017-09-14 12:00:00','admin'),(3178,1,'2017-09-14 12:00:04','admin'),(3179,0,'2017-09-14 12:02:03','admin'),(3180,1,'2017-09-14 12:02:07','admin'),(3181,0,'2017-09-14 12:02:40','admin'),(3182,1,'2017-09-14 12:02:45','rneumann'),(3183,0,'2017-09-14 12:04:49','rneumann'),(3184,1,'2017-09-14 12:04:53','admin'),(3185,1,'2017-09-14 12:46:28','admin'),(3186,1,'2017-09-14 13:08:13','tenzmann'),(3187,0,'2017-09-14 13:09:10','tenzmann');
/*!40000 ALTER TABLE `historiqueconnexionuser` ENABLE KEYS */;
UNLOCK TABLES;

--
-- Table structure for table `katalogart`
--

DROP TABLE IF EXISTS `katalogart`;
/*!40101 SET @saved_cs_client     = @@character_set_client */;
/*!40101 SET character_set_client = utf8 */;
CREATE TABLE `katalogart` (
  `ID` bigint(20) NOT NULL,
  `NAME` varchar(255) DEFAULT NULL,
  `VALUEE` decimal(10,2) DEFAULT NULL,
  PRIMARY KEY (`ID`)
) ENGINE=InnoDB DEFAULT CHARSET=utf8;
/*!40101 SET character_set_client = @saved_cs_client */;

--
-- Dumping data for table `katalogart`
--

LOCK TABLES `katalogart` WRITE;
/*!40000 ALTER TABLE `katalogart` DISABLE KEYS */;
INSERT INTO `katalogart` VALUES (1,'Lagerliste',1.00),(2,'E/D/E Katalog',1.10),(3,'Individueller Katalog',1.15),(4,'Fremdsprachen Katalog',1.00),(51,'Preisliste',1.00);
/*!40000 ALTER TABLE `katalogart` ENABLE KEYS */;
UNLOCK TABLES;

--
-- Table structure for table `konzeptbearbeitungfaktor`
--

DROP TABLE IF EXISTS `konzeptbearbeitungfaktor`;
/*!40101 SET @saved_cs_client     = @@character_set_client */;
/*!40101 SET character_set_client = utf8 */;
CREATE TABLE `konzeptbearbeitungfaktor` (
  `ID` bigint(20) NOT NULL AUTO_INCREMENT,
  `EXPRESSION` varchar(255) DEFAULT NULL,
  `WERT` decimal(10,2) DEFAULT NULL,
  PRIMARY KEY (`ID`)
) ENGINE=InnoDB AUTO_INCREMENT=3 DEFAULT CHARSET=utf8;
/*!40101 SET character_set_client = @saved_cs_client */;

--
-- Dumping data for table `konzeptbearbeitungfaktor`
--

LOCK TABLES `konzeptbearbeitungfaktor` WRITE;
/*!40000 ALTER TABLE `konzeptbearbeitungfaktor` DISABLE KEYS */;
INSERT INTO `konzeptbearbeitungfaktor` VALUES (1,'Ja',1.35),(2,'Nein',1.00);
/*!40000 ALTER TABLE `konzeptbearbeitungfaktor` ENABLE KEYS */;
UNLOCK TABLES;

--
-- Table structure for table `layout`
--

DROP TABLE IF EXISTS `layout`;
/*!40101 SET @saved_cs_client     = @@character_set_client */;
/*!40101 SET character_set_client = utf8 */;
CREATE TABLE `layout` (
  `ID` bigint(20) NOT NULL,
  `NAME` varchar(255) DEFAULT NULL,
  `VALUEE` decimal(10,2) DEFAULT NULL,
  PRIMARY KEY (`ID`)
) ENGINE=InnoDB DEFAULT CHARSET=utf8;
/*!40101 SET character_set_client = @saved_cs_client */;

--
-- Dumping data for table `layout`
--

LOCK TABLES `layout` WRITE;
/*!40000 ALTER TABLE `layout` DISABLE KEYS */;
INSERT INTO `layout` VALUES (1,'Einfach',1.00),(2,'Standard',1.10),(3,'Komplex',1.15),(52,'individuelles',1.70);
/*!40000 ALTER TABLE `layout` ENABLE KEYS */;
UNLOCK TABLES;

--
-- Table structure for table `layoutpricing`
--

DROP TABLE IF EXISTS `layoutpricing`;
/*!40101 SET @saved_cs_client     = @@character_set_client */;
/*!40101 SET character_set_client = utf8 */;
CREATE TABLE `layoutpricing` (
  `ID` bigint(20) NOT NULL,
  `PRICE` decimal(10,2) DEFAULT NULL,
  `DEPARTEMENTCRITERIAITEM_ID` bigint(20) DEFAULT NULL,
  `LAYOUT_ID` bigint(20) DEFAULT NULL,
  PRIMARY KEY (`ID`),
  KEY `FK_LAYOUTPRICING_DEPARTEMENTCRITERIAITEM_ID` (`DEPARTEMENTCRITERIAITEM_ID`),
  KEY `FK_LAYOUTPRICING_LAYOUT_ID` (`LAYOUT_ID`),
  CONSTRAINT `FK_LAYOUTPRICING_DEPARTEMENTCRITERIAITEM_ID` FOREIGN KEY (`DEPARTEMENTCRITERIAITEM_ID`) REFERENCES `departementcriteriaitem` (`ID`),
  CONSTRAINT `FK_LAYOUTPRICING_LAYOUT_ID` FOREIGN KEY (`LAYOUT_ID`) REFERENCES `layout` (`ID`)
) ENGINE=InnoDB DEFAULT CHARSET=utf8;
/*!40101 SET character_set_client = @saved_cs_client */;

--
-- Dumping data for table `layoutpricing`
--

LOCK TABLES `layoutpricing` WRITE;
/*!40000 ALTER TABLE `layoutpricing` DISABLE KEYS */;
INSERT INTO `layoutpricing` VALUES (251,10.00,92,1),(252,12.00,92,2),(253,14.00,92,3),(674,10.00,84,1),(675,12.00,84,2),(676,14.00,84,3),(677,20.00,86,1),(678,25.00,86,2),(679,35.00,86,3),(1252,11.50,88,1),(1253,11.50,88,2),(1254,14.00,88,3),(1255,10.00,89,1),(1256,12.00,89,2),(1257,14.00,89,3),(1258,15.00,90,1),(1259,17.00,90,2),(1260,25.00,90,3),(1264,20.00,86,1),(1265,25.00,86,2),(1266,35.00,86,3),(1267,15.00,95,1),(1268,15.00,95,2),(1269,16.00,95,3),(1270,10.00,105,1),(1271,12.50,105,2),(1272,12.50,105,3);
/*!40000 ALTER TABLE `layoutpricing` ENABLE KEYS */;
UNLOCK TABLES;

--
-- Table structure for table `mitgliederkorrekturfaktor`
--

DROP TABLE IF EXISTS `mitgliederkorrekturfaktor`;
/*!40101 SET @saved_cs_client     = @@character_set_client */;
/*!40101 SET character_set_client = utf8 */;
CREATE TABLE `mitgliederkorrekturfaktor` (
  `ID` bigint(20) NOT NULL AUTO_INCREMENT,
  `EXPRESSION` varchar(255) DEFAULT NULL,
  `WERT` decimal(10,2) DEFAULT NULL,
  PRIMARY KEY (`ID`)
) ENGINE=InnoDB AUTO_INCREMENT=4 DEFAULT CHARSET=utf8;
/*!40101 SET character_set_client = @saved_cs_client */;

--
-- Dumping data for table `mitgliederkorrekturfaktor`
--

LOCK TABLES `mitgliederkorrekturfaktor` WRITE;
/*!40000 ALTER TABLE `mitgliederkorrekturfaktor` DISABLE KEYS */;
INSERT INTO `mitgliederkorrekturfaktor` VALUES (2,'Ja',1.05),(3,'Nein',1.00);
/*!40000 ALTER TABLE `mitgliederkorrekturfaktor` ENABLE KEYS */;
UNLOCK TABLES;

--
-- Table structure for table `nachsatz`
--

DROP TABLE IF EXISTS `nachsatz`;
/*!40101 SET @saved_cs_client     = @@character_set_client */;
/*!40101 SET character_set_client = utf8 */;
CREATE TABLE `nachsatz` (
  `ID` bigint(20) NOT NULL,
  `EXPRESSION` varchar(255) DEFAULT NULL,
  `PRICE` decimal(10,2) DEFAULT NULL,
  `COVER_ID` varchar(255) DEFAULT NULL,
  PRIMARY KEY (`ID`),
  KEY `FK_NACHSATZ_COVER_ID` (`COVER_ID`),
  CONSTRAINT `FK_NACHSATZ_COVER_ID` FOREIGN KEY (`COVER_ID`) REFERENCES `cover` (`ID`)
) ENGINE=InnoDB DEFAULT CHARSET=utf8;
/*!40101 SET character_set_client = @saved_cs_client */;

--
-- Dumping data for table `nachsatz`
--

LOCK TABLES `nachsatz` WRITE;
/*!40000 ALTER TABLE `nachsatz` DISABLE KEYS */;
INSERT INTO `nachsatz` VALUES (1902,'Nein',0.00,'Softcover'),(1903,'3 Seiten 1/0-fbg. Skala',99.70,'Hardcover'),(1904,'3 Seiten 1/1-fbg. Skala',199.40,'Hardcover'),(1905,'3 Seiten 4/0-fbg. Skala',258.53,'Hardcover'),(1906,'3 Seiten 4/4-fbg. Skala',352.79,'Hardcover');
/*!40000 ALTER TABLE `nachsatz` ENABLE KEYS */;
UNLOCK TABLES;

--
-- Table structure for table `nachspann`
--

DROP TABLE IF EXISTS `nachspann`;
/*!40101 SET @saved_cs_client     = @@character_set_client */;
/*!40101 SET character_set_client = utf8 */;
CREATE TABLE `nachspann` (
  `ID` bigint(20) NOT NULL,
  `EXPRESSION` varchar(255) DEFAULT NULL,
  `VALUE` decimal(10,2) DEFAULT NULL,
  PRIMARY KEY (`ID`)
) ENGINE=InnoDB DEFAULT CHARSET=utf8;
/*!40101 SET character_set_client = @saved_cs_client */;

--
-- Dumping data for table `nachspann`
--

LOCK TABLES `nachspann` WRITE;
/*!40000 ALTER TABLE `nachspann` DISABLE KEYS */;
INSERT INTO `nachspann` VALUES (1907,'4 Seiten, 1/1-fbg. Skala',199.40),(1908,'4 Seiten, 1/1-fbg. Sonderfarbe',199.40),(1909,'4 Seiten, 2/2-fbg. Skala',250.53),(1910,'4 Seiten, 2/2-fbg. Skala + 1 Sonderfarbe',250.53),(1911,'4 Seiten, 3/3-fbg. Skala',301.66),(1912,'4 Seiten, 3/3-fbg. Skala + 1 Sonderfarbe',301.66),(1913,'4 Seiten, 3/3-fbg. Skala + 2 Sonderfarben',301.66),(1914,'4 Seiten, 4/4-fbg. Skala',352.79);
/*!40000 ALTER TABLE `nachspann` ENABLE KEYS */;
UNLOCK TABLES;

--
-- Table structure for table `papiermaterialauswaehlen`
--

DROP TABLE IF EXISTS `papiermaterialauswaehlen`;
/*!40101 SET @saved_cs_client     = @@character_set_client */;
/*!40101 SET character_set_client = utf8 */;
CREATE TABLE `papiermaterialauswaehlen` (
  `ID` varchar(255) NOT NULL,
  `DESCRIPTION` varchar(255) DEFAULT NULL,
  `PRICE` decimal(10,2) DEFAULT NULL,
  PRIMARY KEY (`ID`)
) ENGINE=InnoDB DEFAULT CHARSET=utf8;
/*!40101 SET character_set_client = @saved_cs_client */;

--
-- Dumping data for table `papiermaterialauswaehlen`
--

LOCK TABLES `papiermaterialauswaehlen` WRITE;
/*!40000 ALTER TABLE `papiermaterialauswaehlen` DISABLE KEYS */;
INSERT INTO `papiermaterialauswaehlen` VALUES ('65 g/qm',NULL,NULL),('70 g/qm',NULL,NULL),('80 g/qm',NULL,NULL),('85 g/qm',NULL,NULL);
/*!40000 ALTER TABLE `papiermaterialauswaehlen` ENABLE KEYS */;
UNLOCK TABLES;

--
-- Table structure for table `participantfaktor`
--

DROP TABLE IF EXISTS `participantfaktor`;
/*!40101 SET @saved_cs_client     = @@character_set_client */;
/*!40101 SET character_set_client = utf8 */;
CREATE TABLE `participantfaktor` (
  `ID` bigint(20) NOT NULL AUTO_INCREMENT,
  `PERCENT` int(11) DEFAULT NULL,
  `WERT` decimal(10,2) DEFAULT NULL,
  PRIMARY KEY (`ID`)
) ENGINE=InnoDB AUTO_INCREMENT=4 DEFAULT CHARSET=utf8;
/*!40101 SET character_set_client = @saved_cs_client */;

--
-- Dumping data for table `participantfaktor`
--

LOCK TABLES `participantfaktor` WRITE;
/*!40000 ALTER TABLE `participantfaktor` DISABLE KEYS */;
INSERT INTO `participantfaktor` VALUES (1,20,1.00),(2,21,1.00),(3,36,1.00);
/*!40000 ALTER TABLE `participantfaktor` ENABLE KEYS */;
UNLOCK TABLES;

--
-- Table structure for table `product`
--

DROP TABLE IF EXISTS `product`;
/*!40101 SET @saved_cs_client     = @@character_set_client */;
/*!40101 SET character_set_client = utf8 */;
CREATE TABLE `product` (
  `ID` bigint(20) NOT NULL AUTO_INCREMENT,
  `DESCRIPTION` varchar(255) DEFAULT NULL,
  `LABEL` varchar(255) DEFAULT NULL,
  `CATEGORY_ID` bigint(20) DEFAULT NULL,
  PRIMARY KEY (`ID`),
  KEY `FK_PRODUCT_CATEGORY_ID` (`CATEGORY_ID`),
  CONSTRAINT `FK_PRODUCT_CATEGORY_ID` FOREIGN KEY (`CATEGORY_ID`) REFERENCES `category` (`ID`)
) ENGINE=InnoDB AUTO_INCREMENT=9 DEFAULT CHARSET=utf8;
/*!40101 SET character_set_client = @saved_cs_client */;

--
-- Dumping data for table `product`
--

LOCK TABLES `product` WRITE;
/*!40000 ALTER TABLE `product` DISABLE KEYS */;
INSERT INTO `product` VALUES (1,NULL,'Premium EWZ',1),(2,NULL,'Fortis WZ',1),(3,NULL,'Industrietechnik',1),(4,NULL,'Baugert',1),(5,NULL,'LL Gartentechnik',1),(7,'','Haustechnik 2017',1),(8,'','Plus1 Nachdruck',1);
/*!40000 ALTER TABLE `product` ENABLE KEYS */;
UNLOCK TABLES;

--
-- Table structure for table `prozess`
--

DROP TABLE IF EXISTS `prozess`;
/*!40101 SET @saved_cs_client     = @@character_set_client */;
/*!40101 SET character_set_client = utf8 */;
CREATE TABLE `prozess` (
  `ID` bigint(20) NOT NULL,
  `NAME` varchar(255) DEFAULT NULL,
  `VALUEE` decimal(10,2) DEFAULT NULL,
  PRIMARY KEY (`ID`)
) ENGINE=InnoDB DEFAULT CHARSET=utf8;
/*!40101 SET character_set_client = @saved_cs_client */;

--
-- Dumping data for table `prozess`
--

LOCK TABLES `prozess` WRITE;
/*!40000 ALTER TABLE `prozess` DISABLE KEYS */;
INSERT INTO `prozess` VALUES (5,'Proz.Neu / Tech.Alt',1.20),(6,'Prozess.Neu / Tech.Neu',1.00);
/*!40000 ALTER TABLE `prozess` ENABLE KEYS */;
UNLOCK TABLES;

--
-- Table structure for table `question`
--

DROP TABLE IF EXISTS `question`;
/*!40101 SET @saved_cs_client     = @@character_set_client */;
/*!40101 SET character_set_client = utf8 */;
CREATE TABLE `question` (
  `ID` bigint(20) NOT NULL,
  `QUESTION` varchar(255) DEFAULT NULL,
  `REPONSE` varchar(255) DEFAULT NULL,
  `USER_LOGIN` varchar(255) DEFAULT NULL,
  PRIMARY KEY (`ID`),
  KEY `FK_QUESTION_USER_LOGIN` (`USER_LOGIN`),
  CONSTRAINT `FK_QUESTION_USER_LOGIN` FOREIGN KEY (`USER_LOGIN`) REFERENCES `user` (`LOGIN`)
) ENGINE=InnoDB DEFAULT CHARSET=utf8;
/*!40101 SET character_set_client = @saved_cs_client */;

--
-- Dumping data for table `question`
--

LOCK TABLES `question` WRITE;
/*!40000 ALTER TABLE `question` DISABLE KEYS */;
INSERT INTO `question` VALUES (1,'your city','rabat','walo'),(2,'your city','rabat','walo'),(3,'your city','rabat','walo'),(1001,'firma','ede','conm'),(1002,'stadt','wuppertal','conm'),(1003,'land','deutschland','conm');
/*!40000 ALTER TABLE `question` ENABLE KEYS */;
UNLOCK TABLES;

--
-- Table structure for table `register`
--

DROP TABLE IF EXISTS `register`;
/*!40101 SET @saved_cs_client     = @@character_set_client */;
/*!40101 SET character_set_client = utf8 */;
CREATE TABLE `register` (
  `ID` bigint(20) NOT NULL,
  `EXPRESSION` varchar(255) DEFAULT NULL,
  `PRICE` decimal(10,2) DEFAULT NULL,
  PRIMARY KEY (`ID`)
) ENGINE=InnoDB DEFAULT CHARSET=utf8;
/*!40101 SET character_set_client = @saved_cs_client */;

--
-- Dumping data for table `register`
--

LOCK TABLES `register` WRITE;
/*!40000 ALTER TABLE `register` DISABLE KEYS */;
INSERT INTO `register` VALUES (51,'Ja',1.00),(2003,'Nein',0.00);
/*!40000 ALTER TABLE `register` ENABLE KEYS */;
UNLOCK TABLES;

--
-- Table structure for table `schluessel`
--

DROP TABLE IF EXISTS `schluessel`;
/*!40101 SET @saved_cs_client     = @@character_set_client */;
/*!40101 SET character_set_client = utf8 */;
CREATE TABLE `schluessel` (
  `ID` bigint(20) NOT NULL AUTO_INCREMENT,
  `DESCRIPTION` varchar(255) DEFAULT NULL,
  `LABEL` varchar(255) DEFAULT NULL,
  `WERT` decimal(10,2) DEFAULT NULL,
  `SCHLUESSELTYPE_ID` bigint(20) DEFAULT NULL,
  PRIMARY KEY (`ID`),
  KEY `FK_SCHLUESSEL_SCHLUESSELTYPE_ID` (`SCHLUESSELTYPE_ID`),
  CONSTRAINT `FK_SCHLUESSEL_SCHLUESSELTYPE_ID` FOREIGN KEY (`SCHLUESSELTYPE_ID`) REFERENCES `schluesseltype` (`ID`)
) ENGINE=InnoDB AUTO_INCREMENT=17 DEFAULT CHARSET=utf8;
/*!40101 SET character_set_client = @saved_cs_client */;

--
-- Dumping data for table `schluessel`
--

LOCK TABLES `schluessel` WRITE;
/*!40000 ALTER TABLE `schluessel` DISABLE KEYS */;
INSERT INTO `schluessel` VALUES (1,'Hier soll BIld oder Beschreibung','Einfach',1.00,2),(2,'Hier soll BIld oder Beschreibung','Standard',1.00,2),(3,'Hier soll BIld oder Beschreibung','Komplex',1.00,2),(4,'Hier soll BIld oder Beschreibung','Erstausgabe',1.00,1),(5,'Hier soll BIld oder Beschreibung','Folgeausgabe',0.00,1),(6,'Hier soll BIld oder Beschreibung','Lagerliste',1.00,3),(7,'Hier soll BIld oder Beschreibung','E/D/E Katalog',1.00,3),(8,'Hier soll BIld oder Beschreibung','Individueller Katalog',1.00,3),(9,'Hier soll BIld oder Beschreibung','Fremdsprachen-Katalog',1.00,3),(10,NULL,'Proz.neu / Tech. Alt',1.00,4),(11,NULL,'Proz.neu / Tech.Neu',1.00,4),(12,NULL,'Datenmanagemnt',56.00,5),(13,NULL,'Contentmanagement',56.00,5),(14,NULL,'Assetmanagement',56.00,5),(15,NULL,'Allgemein',56.00,5),(16,'rettest','',1.00,6);
/*!40000 ALTER TABLE `schluessel` ENABLE KEYS */;
UNLOCK TABLES;

--
-- Table structure for table `schluesseltype`
--

DROP TABLE IF EXISTS `schluesseltype`;
/*!40101 SET @saved_cs_client     = @@character_set_client */;
/*!40101 SET character_set_client = utf8 */;
CREATE TABLE `schluesseltype` (
  `ID` bigint(20) NOT NULL AUTO_INCREMENT,
  `NAME` varchar(255) DEFAULT NULL,
  PRIMARY KEY (`ID`)
) ENGINE=InnoDB AUTO_INCREMENT=7 DEFAULT CHARSET=utf8;
/*!40101 SET character_set_client = @saved_cs_client */;

--
-- Dumping data for table `schluesseltype`
--

LOCK TABLES `schluesseltype` WRITE;
/*!40000 ALTER TABLE `schluesseltype` DISABLE KEYS */;
INSERT INTO `schluesseltype` VALUES (1,'Ausgabe'),(2,'Layout'),(3,'Katalogart'),(4,'Prozess/Technik'),(5,'Kostenschlssel'),(6,'taoufik_key');
/*!40000 ALTER TABLE `schluesseltype` ENABLE KEYS */;
UNLOCK TABLES;

--
-- Table structure for table `seiten`
--

DROP TABLE IF EXISTS `seiten`;
/*!40101 SET @saved_cs_client     = @@character_set_client */;
/*!40101 SET character_set_client = utf8 */;
CREATE TABLE `seiten` (
  `ID` bigint(20) NOT NULL AUTO_INCREMENT,
  `NBREPAGE` int(11) DEFAULT NULL,
  PRIMARY KEY (`ID`)
) ENGINE=InnoDB AUTO_INCREMENT=120 DEFAULT CHARSET=utf8;
/*!40101 SET character_set_client = @saved_cs_client */;

--
-- Dumping data for table `seiten`
--

LOCK TABLES `seiten` WRITE;
/*!40000 ALTER TABLE `seiten` DISABLE KEYS */;
INSERT INTO `seiten` VALUES (78,1),(79,2),(80,4),(81,8),(82,16),(83,24),(84,32),(85,64),(86,80),(87,100),(88,148),(89,200),(90,244),(91,300),(92,324),(93,400),(94,452),(95,500),(96,548),(97,600),(98,644),(99,700),(100,752),(101,800),(102,852),(103,900),(104,964),(105,1000),(106,1056),(107,1104),(108,1152),(109,1200),(110,1264),(111,1312),(112,1360),(113,1408),(114,1472),(115,1504),(116,1568),(117,1600),(118,1680),(119,1760);
/*!40000 ALTER TABLE `seiten` ENABLE KEYS */;
UNLOCK TABLES;

--
-- Table structure for table `sequence`
--

DROP TABLE IF EXISTS `sequence`;
/*!40101 SET @saved_cs_client     = @@character_set_client */;
/*!40101 SET character_set_client = utf8 */;
CREATE TABLE `sequence` (
  `SEQ_NAME` varchar(50) NOT NULL,
  `SEQ_COUNT` decimal(38,0) DEFAULT NULL,
  PRIMARY KEY (`SEQ_NAME`)
) ENGINE=InnoDB DEFAULT CHARSET=utf8;
/*!40101 SET character_set_client = @saved_cs_client */;

--
-- Dumping data for table `sequence`
--

LOCK TABLES `sequence` WRITE;
/*!40000 ALTER TABLE `sequence` DISABLE KEYS */;
INSERT INTO `sequence` VALUES ('SEQ_GEN',1050);
/*!40000 ALTER TABLE `sequence` ENABLE KEYS */;
UNLOCK TABLES;

--
-- Table structure for table `sortiment`
--

DROP TABLE IF EXISTS `sortiment`;
/*!40101 SET @saved_cs_client     = @@character_set_client */;
/*!40101 SET character_set_client = utf8 */;
CREATE TABLE `sortiment` (
  `ID` bigint(20) NOT NULL AUTO_INCREMENT,
  `ARTIKELPERPAGE` decimal(10,2) DEFAULT NULL,
  `LKSCHLUESSEL` decimal(10,2) DEFAULT NULL,
  `MKSCHLUESSEL` decimal(10,2) DEFAULT NULL,
  `NAME` varchar(255) DEFAULT NULL,
  `PRODUCTSCHLUESSEL` decimal(10,2) DEFAULT NULL,
  PRIMARY KEY (`ID`)
) ENGINE=InnoDB AUTO_INCREMENT=18 DEFAULT CHARSET=utf8;
/*!40101 SET character_set_client = @saved_cs_client */;

--
-- Dumping data for table `sortiment`
--

LOCK TABLES `sortiment` WRITE;
/*!40000 ALTER TABLE `sortiment` DISABLE KEYS */;
INSERT INTO `sortiment` VALUES (1,15.80,1.10,1.05,'Arbeitsschutz',4.70),(2,16.10,1.00,1.00,'Baubeschlge',4.80),(3,8.40,1.00,1.00,'Baugerte',2.50),(4,26.90,1.00,1.00,'Befestigungstechnik',8.00),(5,12.10,1.10,1.05,'Betriebseinrichtungen',3.60),(6,5.38,1.15,1.08,'Elektrowerkzeuge',1.60),(7,5.70,1.00,1.00,'Gartentechnik',2.00),(8,11.10,1.00,1.01,'Handwerkzeuge',3.30),(9,6.10,1.00,1.00,'Haustechnik/Innendeko/Elektroinstallation',1.80),(10,17.50,1.00,1.00,'Industrietechnik',5.20),(11,9.10,1.00,1.00,'Mbelbeschlge',2.70),(12,10.00,1.05,1.03,'Przisionswerkzeuge',7.60),(13,9.10,1.08,1.04,'Schweitechnik',2.70),(14,12.40,1.00,1.00,'Verpackungen',3.70),(15,5.70,1.05,1.05,'Werkstattmaterial',1.70),(16,11.10,1.03,1.01,'Werkzeuge Holzbearbeitung',3.30),(17,11.10,1.03,1.01,'Werkzeuge Metallbearbeitung',3.30);
/*!40000 ALTER TABLE `sortiment` ENABLE KEYS */;
UNLOCK TABLES;

--
-- Table structure for table `sotimentitem`
--

DROP TABLE IF EXISTS `sotimentitem`;
/*!40101 SET @saved_cs_client     = @@character_set_client */;
/*!40101 SET character_set_client = utf8 */;
CREATE TABLE `sotimentitem` (
  `ID` bigint(20) NOT NULL AUTO_INCREMENT,
  `WERT` decimal(10,2) DEFAULT NULL,
  `DEMANDCATEGORY_ID` bigint(20) DEFAULT NULL,
  `SORTIMENT_ID` bigint(20) DEFAULT NULL,
  PRIMARY KEY (`ID`),
  KEY `FK_SOTIMENTITEM_SORTIMENT_ID` (`SORTIMENT_ID`),
  KEY `FK_SOTIMENTITEM_DEMANDCATEGORY_ID` (`DEMANDCATEGORY_ID`),
  CONSTRAINT `FK_SOTIMENTITEM_DEMANDCATEGORY_ID` FOREIGN KEY (`DEMANDCATEGORY_ID`) REFERENCES `demandcategory` (`ID`),
  CONSTRAINT `FK_SOTIMENTITEM_SORTIMENT_ID` FOREIGN KEY (`SORTIMENT_ID`) REFERENCES `sortiment` (`ID`)
) ENGINE=InnoDB AUTO_INCREMENT=294 DEFAULT CHARSET=utf8;
/*!40101 SET character_set_client = @saved_cs_client */;

--
-- Dumping data for table `sotimentitem`
--

LOCK TABLES `sotimentitem` WRITE;
/*!40000 ALTER TABLE `sotimentitem` DISABLE KEYS */;
INSERT INTO `sotimentitem` VALUES (81,100.00,57,2),(82,100.00,58,4),(83,100.00,59,3),(95,100.00,71,3),(96,100.00,72,3),(97,100.00,73,3),(105,100.00,81,5),(117,90.00,93,5),(118,10.00,93,4),(119,100.00,94,5),(121,100.00,96,5),(122,40.00,97,5),(123,60.00,97,4),(124,100.00,98,6),(125,100.00,99,4),(129,100.00,103,9),(132,100.00,106,9),(133,100.00,107,9),(157,100.00,131,5),(165,100.00,136,6),(167,100.00,138,10),(174,100.00,145,5),(179,100.00,150,3),(182,100.00,153,7),(184,100.00,155,4),(186,100.00,157,9),(189,100.00,160,7),(190,100.00,161,10),(191,100.00,162,6),(192,100.00,163,4),(193,100.00,164,6),(194,100.00,165,6),(195,100.00,166,6),(196,100.00,167,10),(198,100.00,169,10),(199,100.00,170,3),(200,100.00,171,12),(277,100.00,65,6),(278,100.00,66,4),(284,100.00,72,7),(285,100.00,73,5),(289,100.00,77,4),(291,100.00,NULL,6),(292,100.00,79,5),(293,100.00,80,4);
/*!40000 ALTER TABLE `sotimentitem` ENABLE KEYS */;
UNLOCK TABLES;

--
-- Table structure for table `teilnehmerzahlpricing`
--

DROP TABLE IF EXISTS `teilnehmerzahlpricing`;
/*!40101 SET @saved_cs_client     = @@character_set_client */;
/*!40101 SET character_set_client = utf8 */;
CREATE TABLE `teilnehmerzahlpricing` (
  `ID` bigint(20) NOT NULL,
  `PRICE` decimal(10,2) DEFAULT NULL,
  `TEILNEHMERZAHLMAX` int(11) DEFAULT NULL,
  `TEILNEHMERZAHLMAXOPERATOR` varchar(255) DEFAULT NULL,
  `TEILNEHMERZAHLMIN` int(11) DEFAULT NULL,
  `TEILNEHMERZAHLMINOPERATOR` varchar(255) DEFAULT NULL,
  PRIMARY KEY (`ID`)
) ENGINE=InnoDB DEFAULT CHARSET=utf8;
/*!40101 SET character_set_client = @saved_cs_client */;

--
-- Dumping data for table `teilnehmerzahlpricing`
--

LOCK TABLES `teilnehmerzahlpricing` WRITE;
/*!40000 ALTER TABLE `teilnehmerzahlpricing` DISABLE KEYS */;
INSERT INTO `teilnehmerzahlpricing` VALUES (1,1.00,20,'<=',0,'>='),(2,1.20,35,'<=',20,'>'),(3,1.35,100000,'<=',35,'>');
/*!40000 ALTER TABLE `teilnehmerzahlpricing` ENABLE KEYS */;
UNLOCK TABLES;

--
-- Table structure for table `umschlagfarbigkeit`
--

DROP TABLE IF EXISTS `umschlagfarbigkeit`;
/*!40101 SET @saved_cs_client     = @@character_set_client */;
/*!40101 SET character_set_client = utf8 */;
CREATE TABLE `umschlagfarbigkeit` (
  `ID` bigint(20) NOT NULL AUTO_INCREMENT,
  `DESCRIPTION` varchar(255) DEFAULT NULL,
  `LABEL` varchar(255) DEFAULT NULL,
  PRIMARY KEY (`ID`)
) ENGINE=InnoDB AUTO_INCREMENT=22 DEFAULT CHARSET=utf8;
/*!40101 SET character_set_client = @saved_cs_client */;

--
-- Dumping data for table `umschlagfarbigkeit`
--

LOCK TABLES `umschlagfarbigkeit` WRITE;
/*!40000 ALTER TABLE `umschlagfarbigkeit` DISABLE KEYS */;
INSERT INTO `umschlagfarbigkeit` VALUES (20,'Firmeneindruck','Firmeneindruck'),(21,'Individueller Sonderumschlag','Individueller Sonderumschlag');
/*!40000 ALTER TABLE `umschlagfarbigkeit` ENABLE KEYS */;
UNLOCK TABLES;

--
-- Table structure for table `umschlagfarbigkeitelement`
--

DROP TABLE IF EXISTS `umschlagfarbigkeitelement`;
/*!40101 SET @saved_cs_client     = @@character_set_client */;
/*!40101 SET character_set_client = utf8 */;
CREATE TABLE `umschlagfarbigkeitelement` (
  `ID` bigint(20) NOT NULL,
  `EXPRESSION` varchar(255) DEFAULT NULL,
  `PRICE` decimal(10,2) DEFAULT NULL,
  `COVER_ID` varchar(255) DEFAULT NULL,
  `UMSCHLAGFARBIGKEIT_ID` bigint(20) DEFAULT NULL,
  PRIMARY KEY (`ID`),
  KEY `FK_UMSCHLAGFARBIGKEITELEMENT_COVER_ID` (`COVER_ID`),
  KEY `FK_UMSCHLAGFARBIGKEITELEMENT_UMSCHLAGFARBIGKEIT_ID` (`UMSCHLAGFARBIGKEIT_ID`),
  CONSTRAINT `FK_UMSCHLAGFARBIGKEITELEMENT_COVER_ID` FOREIGN KEY (`COVER_ID`) REFERENCES `cover` (`ID`),
  CONSTRAINT `FK_UMSCHLAGFARBIGKEITELEMENT_UMSCHLAGFARBIGKEIT_ID` FOREIGN KEY (`UMSCHLAGFARBIGKEIT_ID`) REFERENCES `umschlagfarbigkeit` (`ID`)
) ENGINE=InnoDB DEFAULT CHARSET=utf8;
/*!40101 SET character_set_client = @saved_cs_client */;

--
-- Dumping data for table `umschlagfarbigkeitelement`
--

LOCK TABLES `umschlagfarbigkeitelement` WRITE;
/*!40000 ALTER TABLE `umschlagfarbigkeitelement` DISABLE KEYS */;
INSERT INTO `umschlagfarbigkeitelement` VALUES (1,'1/0-fbg. Skala',92.03,'Softcover',20),(2,'1/0-Sonderfarbe',92.03,'Softcover',20),(3,'2/0-fbg. Skala',168.72,'Softcover',20),(4,'2/0-fbg. Skala+1 Sonderfarbe',168.72,'Softcover',20),(5,'3/0-fbg. Skala',245.41,'Softcover',20),(6,'3/0-fbg. Skala+1 Sonderfarbe',245.41,'Softcover',20),(7,'4/0-fbg. Skala',322.10,'Softcover',20),(10,'5/0-fbg. Skala+1 Sonderfarbe',398.79,'Softcover',20),(21,'4/0-fbg. Skala',322.00,'Hardcover',21),(22,'5/0-fbg. Skala+1 Sonderfarbe',398.00,'Hardcover',21),(23,'6/0-fbg. Skala+2 Sonderfarbe',475.00,'Hardcover',21),(24,'7/0-fbg. Skala+3 Sonderfarbe',552.00,'Hardcover',21),(25,'4/0-fbg. Skala',322.00,'Softcover',21),(26,'4/1-fbg. Skala',414.00,'Softcover',21),(27,'4/2-fbg. Skala',490.00,'Softcover',21),(28,'4/3-fbg. Skala',567.00,'Softcover',21),(29,'4/4-fbg. Skala',644.00,'Softcover',21),(30,'5/0-fbg. Skala+1 Sonderfarbe',398.00,'Softcover',21),(31,'5/2-fbg. Skala+1 Sonderfarbe',490.00,'Softcover',21),(32,'5/3-fbg. Skala+1 Ssonderfarbe',567.00,'Softcover',21),(33,'5/4-fbg. Skala+1 Sonderfarbe',644.00,'Softcover',21),(34,'5/5-fbg. Skala+1 Sonderfarbe',720.00,'Softcover',21),(35,'6/0-fbg. Skala+2 Sonderfarbe',797.00,'Softcover',21),(36,'7/0-fbg. Skala+3 Sonderfarbe',475.00,'Softcover',21),(37,'7/0-fbg. Skala+3 Sonderfarbe',552.00,'Softcover',21),(38,'1/0-fbg. Skala',92.03,'Hardcover',20),(39,'1/0-Sonderfarbe',92.03,'Hardcover',20),(40,'2/0-fbg. Skala',168.72,'Hardcover',20),(41,'2/0-fbg. Skala+1 Sonderfarbe',168.72,'Hardcover',20),(42,'3/0-fbg. Skala',245.41,'Hardcover',20),(43,'3/0-fbg. Skala+1 Sonderfarbe',245.41,'Hardcover',20),(44,'4/0-fbg. Skala',322.10,'Hardcover',20),(45,'5/0-fbg. Skala+1 Sonderfarbe',398.79,'Hardcover',20);
/*!40000 ALTER TABLE `umschlagfarbigkeitelement` ENABLE KEYS */;
UNLOCK TABLES;

--
-- Table structure for table `umschlagpapierauswaehlen`
--

DROP TABLE IF EXISTS `umschlagpapierauswaehlen`;
/*!40101 SET @saved_cs_client     = @@character_set_client */;
/*!40101 SET character_set_client = utf8 */;
CREATE TABLE `umschlagpapierauswaehlen` (
  `ID` varchar(255) NOT NULL,
  `DESCRIPTION` varchar(255) DEFAULT NULL,
  `PRICE` decimal(10,2) DEFAULT NULL,
  PRIMARY KEY (`ID`)
) ENGINE=InnoDB DEFAULT CHARSET=utf8;
/*!40101 SET character_set_client = @saved_cs_client */;

--
-- Dumping data for table `umschlagpapierauswaehlen`
--

LOCK TABLES `umschlagpapierauswaehlen` WRITE;
/*!40000 ALTER TABLE `umschlagpapierauswaehlen` DISABLE KEYS */;
/*!40000 ALTER TABLE `umschlagpapierauswaehlen` ENABLE KEYS */;
UNLOCK TABLES;

--
-- Table structure for table `user`
--

DROP TABLE IF EXISTS `user`;
/*!40101 SET @saved_cs_client     = @@character_set_client */;
/*!40101 SET character_set_client = utf8 */;
CREATE TABLE `user` (
  `LOGIN` varchar(255) NOT NULL,
  `ADMIN` int(11) DEFAULT NULL,
  `BLOCKED` int(11) DEFAULT NULL,
  `EMAIL` varchar(255) DEFAULT NULL,
  `MDPCHANGED` tinyint(1) DEFAULT '0',
  `NBRCNX` int(11) DEFAULT NULL,
  `NOM` varchar(255) DEFAULT NULL,
  `PASSWORD` varchar(255) DEFAULT NULL,
  `PRENOM` varchar(255) DEFAULT NULL,
  `TEL` varchar(255) DEFAULT NULL,
  `DEPARTEMENT_ID` bigint(20) DEFAULT NULL,
  PRIMARY KEY (`LOGIN`),
  KEY `FK_USER_DEPARTEMENT_ID` (`DEPARTEMENT_ID`),
  CONSTRAINT `FK_USER_DEPARTEMENT_ID` FOREIGN KEY (`DEPARTEMENT_ID`) REFERENCES `departement` (`ID`)
) ENGINE=InnoDB DEFAULT CHARSET=utf8;
/*!40101 SET character_set_client = @saved_cs_client */;

--
-- Dumping data for table `user`
--

LOCK TABLES `user` WRITE;
/*!40000 ALTER TABLE `user` DISABLE KEYS */;
INSERT INTO `user` VALUES ('admin',1,0,'admin@ede.de',1,0,'Admin','8c6976e5b5410415bde908bd4dee15dfb167a9c873fc4bb8a81f6f2ab448a918','Admin','012345',NULL),('ana',0,0,'ana',1,0,'ana','b6d4a89ccde3fb8fc69865ac105801287867cf735adf0b8bbca86ee9186f7b64','ana','00000',1),('anas',0,0,'user@gmail.com',1,0,'anas','c157889e0fd5d7fc0d9a8d951fd64604ebeeb441de6519433dd8f931493dd5da','anas','06',1),('conm',0,0,'',1,0,'','7b136cfd7e928ddf278620c5c9d3450ef7a713340399440401134c9e36e316c6','','',1),('ddm',0,0,'',1,0,'','7b136cfd7e928ddf278620c5c9d3450ef7a713340399440401134c9e36e316c6','','',2),('dmd',0,0,'',1,3,'dm','03ac674216f3e15c761ee1a5e255f067953623c8b388b4459e13f978d7c846f4','','',2),('mbrauer',0,0,'Mandy. Brauer@ede.de',0,1,'Brauer','5994471abb01112afcc18159f6cc74b4f511b99806da59b3caf5a9c173cacfc5','Mandy','+49 202 6096-3079',2),('mediait',0,0,'',1,0,'mediait','7b136cfd7e928ddf278620c5c9d3450ef7a713340399440401134c9e36e316c6','','',6),('mediIT',0,0,'mediIT@ede.de',1,0,'','5994471abb01112afcc18159f6cc74b4f511b99806da59b3caf5a9c173cacfc5','','',6),('mschwandt',1,0,'Michaela. Schwandt@ede.de',1,0,'Schwandt','7b136cfd7e928ddf278620c5c9d3450ef7a713340399440401134c9e36e316c6','Michaela','+49 202 6096-249',NULL),('mtietgen',0,0,'michael.tietgen@ede.de',1,0,'Tietgen','7b136cfd7e928ddf278620c5c9d3450ef7a713340399440401134c9e36e316c6','Michael','',3),('pm',0,0,'pm@ede.de',1,0,'pm','5994471abb01112afcc18159f6cc74b4f511b99806da59b3caf5a9c173cacfc5','pm','123456',4),('rneumann',0,0,'rabea.neumann@ede.de',1,0,'Neumann','7b136cfd7e928ddf278620c5c9d3450ef7a713340399440401134c9e36e316c6','Rabea','',4),('SScheuerer',0,0,'Stefan. Scheuerer@ede.de',1,0,'Scheuerer ','7b136cfd7e928ddf278620c5c9d3450ef7a713340399440401134c9e36e316c6','Stefan','+49 202 6090-1218',1),('tenzmann',0,0,'',1,0,'Enzmann','7b136cfd7e928ddf278620c5c9d3450ef7a713340399440401134c9e36e316c6','Till','',5),('walo',1,0,'walo',1,0,'walo','41d119f6079d09b46a5c950a03b455c99ec6c9b6f1726401a52c85d0b17d4b54','walo','00000',NULL);
/*!40000 ALTER TABLE `user` ENABLE KEYS */;
UNLOCK TABLES;

--
-- Table structure for table `veredlung`
--

DROP TABLE IF EXISTS `veredlung`;
/*!40101 SET @saved_cs_client     = @@character_set_client */;
/*!40101 SET character_set_client = utf8 */;
CREATE TABLE `veredlung` (
  `ID` varchar(255) NOT NULL,
  `DESCRIPTION` varchar(255) DEFAULT NULL,
  `PRICE` decimal(10,2) DEFAULT NULL,
  PRIMARY KEY (`ID`)
) ENGINE=InnoDB DEFAULT CHARSET=utf8;
/*!40101 SET character_set_client = @saved_cs_client */;

--
-- Dumping data for table `veredlung`
--

LOCK TABLES `veredlung` WRITE;
/*!40000 ALTER TABLE `veredlung` DISABLE KEYS */;
/*!40000 ALTER TABLE `veredlung` ENABLE KEYS */;
UNLOCK TABLES;

--
-- Table structure for table `vorspann`
--

DROP TABLE IF EXISTS `vorspann`;
/*!40101 SET @saved_cs_client     = @@character_set_client */;
/*!40101 SET character_set_client = utf8 */;
CREATE TABLE `vorspann` (
  `ID` bigint(20) NOT NULL,
  `EXPRESSION` varchar(255) DEFAULT NULL,
  `VALUE` decimal(10,2) DEFAULT NULL,
  PRIMARY KEY (`ID`)
) ENGINE=InnoDB DEFAULT CHARSET=utf8;
/*!40101 SET character_set_client = @saved_cs_client */;

--
-- Dumping data for table `vorspann`
--

LOCK TABLES `vorspann` WRITE;
/*!40000 ALTER TABLE `vorspann` DISABLE KEYS */;
INSERT INTO `vorspann` VALUES (1,'4 Seiten, 1/1-fbg. Skala\r4 Seiten, 1/1-fbg. Skala4 Seiten, 1/1-fbg. Skala',199.40),(2,'4 Seiten, 1/1-fbg. Sonderfarbe',199.40),(3,'4 Seiten, 2/2-fbg. Skala\r4 Seiten, 2/2-fbg. Skala\r',250.53),(4,'4 Seiten, 2/2-fbg. Skala + 1 Sonderfarbe',250.53),(5,'4 Seiten, 3/3-fbg. Skala',301.66),(6,'4 Seiten, 3/3-fbg. Skala + 1 Sonderfarbe',301.66),(7,'4 Seiten, 3/3-fbg. Skala + 2 Sonderfarben',301.66),(8,'4 Seiten, 4/4-fbg. Skala',352.79),(9,'4 Seiten, 5/5-fbg. Skala + 1 Sonderfarbe ',429.48),(10,'8 Seiten, 1/1-fbg. Skala',398.81),(11,'8 Seiten, 1/1-fbg. Sonderfarbe',398.81),(12,'8 Seiten, 2/2-fbg. Skala',501.07),(13,'8 Seiten, 2/2-fbg. Skala + 1 Sonderfarbe',501.07),(14,'8 Seiten, 3/3-fbg. Skala',603.32),(15,'8 Seiten, 3/3-fbg. Skala + 1 Sonderfarbe',603.32),(16,'8 Seiten, 3/3-fbg. Skala + 2 Sonderfarben',603.32),(17,'8 Seiten, 4/4-fbg. Skala ',705.58);
/*!40000 ALTER TABLE `vorspann` ENABLE KEYS */;
UNLOCK TABLES;

--
-- Table structure for table `wechselfassungvariantfaktor`
--

DROP TABLE IF EXISTS `wechselfassungvariantfaktor`;
/*!40101 SET @saved_cs_client     = @@character_set_client */;
/*!40101 SET character_set_client = utf8 */;
CREATE TABLE `wechselfassungvariantfaktor` (
  `ID` bigint(20) NOT NULL AUTO_INCREMENT,
  `EXPRESSION` varchar(255) DEFAULT NULL,
  `VALUE` decimal(10,2) DEFAULT NULL,
  PRIMARY KEY (`ID`)
) ENGINE=InnoDB AUTO_INCREMENT=3 DEFAULT CHARSET=utf8;
/*!40101 SET character_set_client = @saved_cs_client */;

--
-- Dumping data for table `wechselfassungvariantfaktor`
--

LOCK TABLES `wechselfassungvariantfaktor` WRITE;
/*!40000 ALTER TABLE `wechselfassungvariantfaktor` DISABLE KEYS */;
INSERT INTO `wechselfassungvariantfaktor` VALUES (1,'Ja',1.20),(2,'Nein',1.00);
/*!40000 ALTER TABLE `wechselfassungvariantfaktor` ENABLE KEYS */;
UNLOCK TABLES;
/*!40103 SET TIME_ZONE=@OLD_TIME_ZONE */;

/*!40101 SET SQL_MODE=@OLD_SQL_MODE */;
/*!40014 SET FOREIGN_KEY_CHECKS=@OLD_FOREIGN_KEY_CHECKS */;
/*!40014 SET UNIQUE_CHECKS=@OLD_UNIQUE_CHECKS */;
/*!40101 SET CHARACTER_SET_CLIENT=@OLD_CHARACTER_SET_CLIENT */;
/*!40101 SET CHARACTER_SET_RESULTS=@OLD_CHARACTER_SET_RESULTS */;
/*!40101 SET COLLATION_CONNECTION=@OLD_COLLATION_CONNECTION */;
/*!40111 SET SQL_NOTES=@OLD_SQL_NOTES */;

-- Dump completed on 2017-09-14 13:11:20
