-- phpMyAdmin SQL Dump
-- version 4.5.1
-- http://www.phpmyadmin.net
--
-- Client :  127.0.0.1
-- Généré le :  Lun 24 Juillet 2017 à 14:09
-- Version du serveur :  10.1.19-MariaDB
-- Version de PHP :  5.5.38

SET FOREIGN_KEY_CHECKS=0;
SET SQL_MODE = "NO_AUTO_VALUE_ON_ZERO";
SET time_zone = "+00:00";


/*!40101 SET @OLD_CHARACTER_SET_CLIENT=@@CHARACTER_SET_CLIENT */;
/*!40101 SET @OLD_CHARACTER_SET_RESULTS=@@CHARACTER_SET_RESULTS */;
/*!40101 SET @OLD_COLLATION_CONNECTION=@@COLLATION_CONNECTION */;
/*!40101 SET NAMES utf8mb4 */;

--
-- Base de données :  `kt_fst_2`
--

-- --------------------------------------------------------

--
-- Structure de la table `artderweiterverarbeitung`
--

CREATE TABLE `artderweiterverarbeitung` (
  `ID` bigint(20) NOT NULL,
  `DESCRIPTION` varchar(255) DEFAULT NULL,
  `LABEL` varchar(255) DEFAULT NULL,
  `PRICE` decimal(10,2) DEFAULT NULL
) ENGINE=InnoDB DEFAULT CHARSET=latin1;

-- --------------------------------------------------------

--
-- Structure de la table `auflage`
--

CREATE TABLE `auflage` (
  `ID` int(11) NOT NULL,
  `DESCRIPTION` varchar(255) DEFAULT NULL,
  `PRICE` decimal(10,2) DEFAULT NULL
) ENGINE=InnoDB DEFAULT CHARSET=latin1;

-- --------------------------------------------------------

--
-- Structure de la table `auflageseitencovermatrix`
--

CREATE TABLE `auflageseitencovermatrix` (
  `ID` bigint(20) NOT NULL,
  `PRICE` decimal(10,2) DEFAULT NULL,
  `AUFLAGE_ID` int(11) DEFAULT NULL,
  `FARBIGKEIT_ID` varchar(255) DEFAULT NULL,
  `FORMATAUSWAEHLEN_ID` varchar(255) DEFAULT NULL,
  `SEITEN_ID` bigint(20) DEFAULT NULL
) ENGINE=InnoDB DEFAULT CHARSET=latin1;

-- --------------------------------------------------------

--
-- Structure de la table `ausgabe`
--

CREATE TABLE `ausgabe` (
  `ID` bigint(20) NOT NULL,
  `NAME` varchar(255) DEFAULT NULL,
  `PRICE` decimal(10,2) DEFAULT NULL,
  `VALUEE` decimal(10,2) DEFAULT NULL
) ENGINE=InnoDB DEFAULT CHARSET=latin1;

--
-- Contenu de la table `ausgabe`
--

INSERT INTO `ausgabe` (`ID`, `NAME`, `PRICE`, `VALUEE`) VALUES
(7, 'Erstausgabe', NULL, '1.00'),
(8, 'Folgeausgabe', NULL, '1.00');

-- --------------------------------------------------------

--
-- Structure de la table `bindung`
--

CREATE TABLE `bindung` (
  `ID` varchar(255) NOT NULL,
  `DESCRIPTION` varchar(255) DEFAULT NULL,
  `PRICE` decimal(10,2) DEFAULT NULL
) ENGINE=InnoDB DEFAULT CHARSET=latin1;

--
-- Contenu de la table `bindung`
--

INSERT INTO `bindung` (`ID`, `DESCRIPTION`, `PRICE`) VALUES
('Fadenheftung', NULL, NULL),
('PUR-Bindung', NULL, NULL);

-- --------------------------------------------------------

--
-- Structure de la table `category`
--

CREATE TABLE `category` (
  `ID` bigint(20) NOT NULL,
  `NAME` varchar(255) DEFAULT NULL
) ENGINE=InnoDB DEFAULT CHARSET=latin1;

--
-- Contenu de la table `category`
--

INSERT INTO `category` (`ID`, `NAME`) VALUES
(1, 'Katalog'),
(2, 'Fleyer'),
(3, 'Prospekt'),
(4, 'BMEcat');

-- --------------------------------------------------------

--
-- Structure de la table `configuration`
--

CREATE TABLE `configuration` (
  `ID` bigint(20) NOT NULL,
  `DATEAPPLICATION` date DEFAULT NULL
) ENGINE=InnoDB DEFAULT CHARSET=latin1;

--
-- Contenu de la table `configuration`
--

INSERT INTO `configuration` (`ID`, `DATEAPPLICATION`) VALUES
(1, '2012-07-03');

-- --------------------------------------------------------

--
-- Structure de la table `configurationitem`
--

CREATE TABLE `configurationitem` (
  `ID` bigint(20) NOT NULL,
  `DEFAULTVALUE` decimal(10,2) DEFAULT NULL,
  `NAME` varchar(255) DEFAULT NULL,
  `CONFIGURATION_ID` bigint(20) DEFAULT NULL
) ENGINE=InnoDB DEFAULT CHARSET=latin1;

--
-- Contenu de la table `configurationitem`
--

INSERT INTO `configurationitem` (`ID`, `DEFAULTVALUE`, `NAME`, `CONFIGURATION_ID`) VALUES
(1, '56.00', 'std_stz', 1),
(2, '70.00', 'std_stz_dtp', NULL);

-- --------------------------------------------------------

--
-- Structure de la table `correctionschluessel`
--

CREATE TABLE `correctionschluessel` (
  `ID` bigint(20) NOT NULL,
  `PERCENT` int(11) DEFAULT NULL,
  `WERT` decimal(10,2) DEFAULT NULL
) ENGINE=InnoDB DEFAULT CHARSET=latin1;

--
-- Contenu de la table `correctionschluessel`
--

INSERT INTO `correctionschluessel` (`ID`, `PERCENT`, `WERT`) VALUES
(1, 0, '1.00'),
(2, 1, '1.00'),
(3, 2, '1.00'),
(4, 3, '1.00'),
(5, 4, '1.00'),
(6, 5, '1.00'),
(7, 6, '1.00'),
(8, 7, '1.00'),
(9, 8, '1.00'),
(10, 9, '1.00'),
(11, 10, '1.00'),
(12, 11, '1.00'),
(13, 12, '1.00'),
(14, 13, '1.00'),
(15, 14, '1.00'),
(17, 15, '1.00'),
(18, 16, '1.00'),
(19, 17, '1.00'),
(20, 18, '1.00'),
(21, 19, '1.00'),
(22, 20, '1.00'),
(23, 21, '1.00'),
(24, 22, '1.00'),
(25, 23, '1.00'),
(26, 24, '1.00'),
(27, 25, '1.00'),
(28, 26, '1.00'),
(29, 27, '1.00'),
(30, 28, '1.00'),
(31, 29, '1.00'),
(32, 30, '1.00'),
(33, 31, '1.00'),
(34, 32, '1.00'),
(35, 33, '1.00'),
(36, 34, '1.00'),
(37, 35, '1.00'),
(38, 36, '1.00'),
(39, 37, '1.00'),
(40, 38, '1.00'),
(41, 39, '1.00'),
(42, 40, '1.00'),
(43, 41, '1.00'),
(44, 42, '1.00'),
(45, 43, '1.00'),
(46, 44, '1.00'),
(47, 45, '1.00'),
(48, 46, '1.00'),
(49, 47, '1.00'),
(50, 48, '1.00'),
(51, 49, '1.00'),
(52, 50, '1.00'),
(53, 51, '1.00'),
(54, 52, '1.00'),
(55, 53, '1.00'),
(56, 54, '1.00'),
(57, 55, '1.00'),
(58, 56, '1.00'),
(59, 57, '1.00'),
(60, 58, '1.00'),
(61, 59, '1.00'),
(62, 60, '1.00'),
(63, 61, '1.00'),
(64, 62, '1.00'),
(65, 63, '1.00'),
(66, 64, '1.00'),
(67, 65, '1.00'),
(68, 66, '1.00'),
(69, 67, '1.00'),
(70, 68, '1.00'),
(71, 69, '1.00'),
(72, 70, '1.00'),
(73, 71, '1.00'),
(74, 72, '1.00'),
(75, 73, '1.00'),
(76, 74, '1.00'),
(77, 75, '1.00'),
(78, 76, '1.00'),
(79, 77, '1.00'),
(80, 78, '1.00'),
(81, 79, '1.00'),
(82, 80, '1.00'),
(83, 81, '1.00'),
(84, 82, '1.00'),
(85, 83, '1.00'),
(86, 84, '1.00'),
(87, 85, '1.00'),
(88, 86, '1.00'),
(89, 87, '1.00'),
(90, 88, '1.00'),
(91, 89, '1.00'),
(92, 90, '1.00'),
(93, 91, '1.00'),
(94, 92, '1.00'),
(95, 93, '1.00'),
(96, 94, '1.00'),
(97, 95, '1.00'),
(98, 96, '1.00'),
(99, 97, '1.00'),
(100, 98, '1.00'),
(101, 99, '1.00'),
(102, 100, '1.00');

-- --------------------------------------------------------

--
-- Structure de la table `cover`
--

CREATE TABLE `cover` (
  `ID` varchar(255) NOT NULL,
  `DESCRIPTION` varchar(255) DEFAULT NULL,
  `PRICE` decimal(10,2) DEFAULT NULL
) ENGINE=InnoDB DEFAULT CHARSET=latin1;

-- --------------------------------------------------------

--
-- Structure de la table `demandcategory`
--

CREATE TABLE `demandcategory` (
  `ID` bigint(20) NOT NULL,
  `ANZAHLBESTANDARTIKEL` int(11) DEFAULT NULL,
  `ANZAHLBESTANDPRODUKT` int(11) DEFAULT NULL,
  `ANZAHLBESTELLNRSEITEN` int(11) DEFAULT NULL,
  `ANZAHLBETEILIGTEN` int(11) DEFAULT NULL,
  `ANZAHLGENERIERUNGUPDATESEITEN` int(11) DEFAULT NULL,
  `ANZAHLGESAMTARTIKEL` int(11) DEFAULT NULL,
  `ANZAHLGESAMTPRODUKT` int(11) DEFAULT NULL,
  `ANZAHLGESAMTSEITEN` int(11) DEFAULT NULL,
  `ANZAHLIHVZSEITEN` int(11) DEFAULT NULL,
  `ANZAHLKAPITETEL` int(11) DEFAULT NULL,
  `ANZAHLLIEFERANTGESAMT` int(11) DEFAULT NULL,
  `ANZAHLLIEFERANTNEU` int(11) DEFAULT NULL,
  `ANZAHLMITGLIEDER` int(11) DEFAULT NULL,
  `ANZAHLNEUEARTIKEL` int(11) DEFAULT NULL,
  `ANZAHLNEUEPRODUKT` int(11) DEFAULT NULL,
  `ANZAHLSONDERSEITEN` int(11) DEFAULT NULL,
  `ANZAHLÜBERNAHMEARTIKEL` int(11) DEFAULT NULL,
  `BEARBEITUNGSZEIT` int(11) DEFAULT NULL,
  `DATEDEMANDCATEGORY` date DEFAULT NULL,
  `DATESYSTEM` date DEFAULT NULL,
  `DRUCK` tinyint(1) DEFAULT '0',
  `LIEFERTERMIN` date DEFAULT NULL,
  `NBRTOTALVALIDATION` int(11) DEFAULT NULL,
  `PERCENTSEITENFAKTOR` int(11) DEFAULT NULL,
  `SEITENANZAHL` int(11) DEFAULT NULL,
  `SUMMDRUCK` decimal(10,2) DEFAULT NULL,
  `SUMMTOTAL` decimal(10,2) DEFAULT NULL,
  `TEILNEHMERZAHL` int(11) DEFAULT NULL,
  `UMFANG` int(11) DEFAULT NULL,
  `UMSCHLAG` tinyint(1) DEFAULT '0',
  `SCHLUESSEL_ID` bigint(20) DEFAULT NULL,
  `ARTDERWEITERVERARBEITUNG_ID` bigint(20) DEFAULT NULL,
  `AUFLAGE_ID` int(11) DEFAULT NULL,
  `AUSGABE_ID` bigint(20) DEFAULT NULL,
  `BINDUNG_ID` varchar(255) DEFAULT NULL,
  `CATEGORY_ID` bigint(20) DEFAULT NULL,
  `CORRECTIONSCHLUESSEL_ID` bigint(20) DEFAULT NULL,
  `COVER_ID` varchar(255) DEFAULT NULL,
  `DEPARTMENT_ID` bigint(20) DEFAULT NULL,
  `DRUCKSEITEN_ID` bigint(20) DEFAULT NULL,
  `FARBIGKEIT_ID` varchar(255) DEFAULT NULL,
  `FORMATAUSWAEHLEN_ID` varchar(255) DEFAULT NULL,
  `KATALOGART_ID` bigint(20) DEFAULT NULL,
  `KONZEPTBEARBEITUNGFAKTOR_ID` bigint(20) DEFAULT NULL,
  `LAYOUT_ID` bigint(20) DEFAULT NULL,
  `MITGLIEDERKORREKTURFAKTOR_ID` bigint(20) DEFAULT NULL,
  `PAPIERMATERIALAUSWAEHLEN_ID` varchar(255) DEFAULT NULL,
  `PARTICIPANTFAKTOR_ID` bigint(20) DEFAULT NULL,
  `PRODUCT_ID` bigint(20) DEFAULT NULL,
  `PROZESS_ID` bigint(20) DEFAULT NULL,
  `REGISTER_ID` bigint(20) DEFAULT NULL,
  `UMSCHLAGFARBIGKEIT_ID` bigint(20) DEFAULT NULL,
  `UMSCHLAGPAPIERAUSWAEHLEN_ID` varchar(255) DEFAULT NULL,
  `USER_LOGIN` varchar(255) DEFAULT NULL,
  `VEREDLUNG_ID` varchar(255) DEFAULT NULL,
  `WECHSELFASSUNGVARIANTFAKTOR_ID` bigint(20) DEFAULT NULL,
  `PRODUCTSCHLUESSELFAKTOR` decimal(10,2) NOT NULL,
  `ARTIKELPERPAGELFAKTOR` decimal(10,2) NOT NULL,
  `LKSCHLUESSELFAKTOR` decimal(10,2) NOT NULL,
  `MKSCHLUESSELFAKTOR` decimal(10,2) NOT NULL
) ENGINE=InnoDB DEFAULT CHARSET=latin1;

--
-- Contenu de la table `demandcategory`
--

INSERT INTO `demandcategory` (`ID`, `ANZAHLBESTANDARTIKEL`, `ANZAHLBESTANDPRODUKT`, `ANZAHLBESTELLNRSEITEN`, `ANZAHLBETEILIGTEN`, `ANZAHLGENERIERUNGUPDATESEITEN`, `ANZAHLGESAMTARTIKEL`, `ANZAHLGESAMTPRODUKT`, `ANZAHLGESAMTSEITEN`, `ANZAHLIHVZSEITEN`, `ANZAHLKAPITETEL`, `ANZAHLLIEFERANTGESAMT`, `ANZAHLLIEFERANTNEU`, `ANZAHLMITGLIEDER`, `ANZAHLNEUEARTIKEL`, `ANZAHLNEUEPRODUKT`, `ANZAHLSONDERSEITEN`, `ANZAHLÜBERNAHMEARTIKEL`, `BEARBEITUNGSZEIT`, `DATEDEMANDCATEGORY`, `DATESYSTEM`, `DRUCK`, `LIEFERTERMIN`, `NBRTOTALVALIDATION`, `PERCENTSEITENFAKTOR`, `SEITENANZAHL`, `SUMMDRUCK`, `SUMMTOTAL`, `TEILNEHMERZAHL`, `UMFANG`, `UMSCHLAG`, `SCHLUESSEL_ID`, `ARTDERWEITERVERARBEITUNG_ID`, `AUFLAGE_ID`, `AUSGABE_ID`, `BINDUNG_ID`, `CATEGORY_ID`, `CORRECTIONSCHLUESSEL_ID`, `COVER_ID`, `DEPARTMENT_ID`, `DRUCKSEITEN_ID`, `FARBIGKEIT_ID`, `FORMATAUSWAEHLEN_ID`, `KATALOGART_ID`, `KONZEPTBEARBEITUNGFAKTOR_ID`, `LAYOUT_ID`, `MITGLIEDERKORREKTURFAKTOR_ID`, `PAPIERMATERIALAUSWAEHLEN_ID`, `PARTICIPANTFAKTOR_ID`, `PRODUCT_ID`, `PROZESS_ID`, `REGISTER_ID`, `UMSCHLAGFARBIGKEIT_ID`, `UMSCHLAGPAPIERAUSWAEHLEN_ID`, `USER_LOGIN`, `VEREDLUNG_ID`, `WECHSELFASSUNGVARIANTFAKTOR_ID`, `PRODUCTSCHLUESSELFAKTOR`, `ARTIKELPERPAGELFAKTOR`, `LKSCHLUESSELFAKTOR`, `MKSCHLUESSELFAKTOR`) VALUES
(24, -1, 0, 5, 2, 0, 6, 2, 0, 4, 15, 13, 14, 20, 7, 2, 0, 9, 3, '2017-07-23', '2017-07-23', 1, '2017-07-23', 0, 10, 17, '0.00', '2338.19', 16, 0, 0, NULL, NULL, NULL, 7, 'Fadenheftung', 1, 102, NULL, NULL, NULL, '1/1 -farbig', NULL, 1, 1, 1, 2, '65 g/qm', NULL, 1, 5, NULL, NULL, NULL, 'walo', NULL, 1, '2.72', '9.14', '1.01', '1.01'),
(25, -1, -1, 5, 0, 0, 6, 10, 0, 4, 15, 13, 14, 0, 7, 11, 0, 9, 0, '2017-07-23', '2017-07-23', 0, '2017-07-23', 0, 10, 17, '0.00', '2128.19', 16, 0, 0, NULL, NULL, NULL, 7, NULL, 1, 102, NULL, NULL, NULL, NULL, NULL, 2, 1, 3, 2, NULL, NULL, 1, 5, NULL, NULL, NULL, 'walo', NULL, 1, '0.00', '0.00', '0.00', '0.00'),
(26, -1, 0, 5, 2, 0, 6, 1, 0, 4, 15, 13, 14, 20, 7, 1, 0, 9, 3, '2017-07-23', '2017-07-23', 1, '2017-07-23', 0, 10, 17, '0.00', '2338.19', 16, 0, 0, NULL, NULL, NULL, 7, NULL, 1, 102, NULL, NULL, NULL, '1/1 -farbig', NULL, 1, 1, 1, 2, '65 g/qm', NULL, 1, 5, NULL, NULL, NULL, 'walo', NULL, 1, '4.78', '16.04', '1.02', '1.01'),
(27, -1, 0, 5, 2, 0, 6, 1, 0, 4, 15, 13, 14, 20, 7, 1, 0, 9, 3, '2017-07-23', '2017-07-23', 1, '2017-07-23', 0, 10, 17, '0.00', '2338.19', 16, 0, 0, NULL, NULL, NULL, 7, NULL, 1, 102, NULL, NULL, NULL, '1/1 -farbig', NULL, 1, 1, 1, 2, '65 g/qm', NULL, 1, 5, NULL, NULL, NULL, 'walo', NULL, NULL, '4.79', '16.07', '1.01', '1.01'),
(28, -1, 0, 5, 2, 0, 6, 2, 0, 4, 15, 13, 14, 20, 7, 2, 0, 9, 3, '2017-07-23', '2017-07-23', 1, '2017-07-23', 0, 10, 17, '0.00', '2338.19', 16, 0, 0, NULL, NULL, NULL, 7, 'Fadenheftung', 1, 102, NULL, NULL, NULL, '1/1 -farbig', NULL, 1, 1, 3, 2, '65 g/qm', NULL, 1, 5, NULL, NULL, NULL, 'walo', NULL, 1, '2.72', '9.14', '1.01', '1.01'),
(29, -1, 0, 5, 0, 0, 6, 0, 0, 4, 15, 13, 14, 0, 7, 0, 0, 9, 0, '2017-07-23', '2017-07-23', 0, '2017-07-23', 0, 10, 17, '0.00', '2128.19', 16, 0, 0, NULL, NULL, NULL, 7, NULL, 1, 102, NULL, NULL, NULL, NULL, NULL, 1, 1, 1, 2, NULL, NULL, 1, 5, NULL, NULL, NULL, 'walo', NULL, 1, '7.34', '24.68', '1.02', '1.01');

-- --------------------------------------------------------

--
-- Structure de la table `demandcategorycalculation`
--

CREATE TABLE `demandcategorycalculation` (
  `ID` bigint(20) NOT NULL,
  `SUMME` decimal(10,2) DEFAULT NULL,
  `VALIDE` tinyint(1) DEFAULT '0',
  `DEMANDCATEGORYDEPARTEMENTCALCULATION_ID` bigint(20) DEFAULT NULL,
  `DEPARTEMENTCRITERIA_ID` bigint(20) DEFAULT NULL
) ENGINE=InnoDB DEFAULT CHARSET=latin1;

--
-- Contenu de la table `demandcategorycalculation`
--

INSERT INTO `demandcategorycalculation` (`ID`, `SUMME`, `VALIDE`, `DEMANDCATEGORYDEPARTEMENTCALCULATION_ID`, `DEPARTEMENTCRITERIA_ID`) VALUES
(371, '224.00', 0, 98, 1),
(372, '72.80', 0, 98, 2),
(373, '56.28', 0, 98, 3),
(374, '23.20', 0, 98, 4),
(375, '28.00', 0, 98, 5),
(376, '140.00', 0, 98, 6),
(377, '115.23', 0, 98, 7),
(378, '44.80', 0, 98, 8),
(379, '56.00', 0, 99, 9),
(380, '28.58', 0, 99, 10),
(381, '484.96', 0, 99, 11),
(382, '0.28', 0, 99, 12),
(383, '0.00', 0, 99, 13),
(384, '0.06', 0, 99, 14),
(385, '0.00', 0, 100, 15),
(386, '0.00', 0, 100, 16),
(387, '0.00', 0, 100, 17),
(388, '0.00', 0, 100, 18),
(389, '0.00', 0, 100, 19),
(390, '0.00', 0, 100, 20),
(391, '168.00', 0, 101, 28),
(392, '0.00', 0, 102, 21),
(393, '0.00', 0, 102, 22),
(394, '0.00', 0, 102, 23),
(395, '0.00', 0, 103, 24),
(396, '0.00', 0, 103, 25),
(397, '896.00', 0, 104, 27),
(398, '224.00', 0, 105, 1),
(399, '72.80', 0, 105, 2),
(400, '56.28', 0, 105, 3),
(401, '23.20', 0, 105, 4),
(402, '28.00', 0, 105, 5),
(403, '140.00', 0, 105, 6),
(404, '115.23', 0, 105, 7),
(405, '44.80', 0, 105, 8),
(406, '56.00', 0, 106, 9),
(407, '28.58', 0, 106, 10),
(408, '484.96', 0, 106, 11),
(409, '0.28', 0, 106, 12),
(410, '0.00', 0, 106, 13),
(411, '0.06', 0, 106, 14),
(412, '0.00', 0, 107, 15),
(413, '0.00', 0, 107, 16),
(414, '0.00', 0, 107, 17),
(415, '0.00', 0, 107, 18),
(416, '0.00', 0, 107, 19),
(417, '0.00', 0, 107, 20),
(418, '168.00', 0, 108, 28),
(419, '0.00', 0, 109, 21),
(420, '0.00', 0, 109, 22),
(421, '0.00', 0, 109, 23),
(422, '0.00', 0, 110, 24),
(423, '0.00', 0, 110, 25),
(424, '686.00', 0, 111, 27),
(425, '224.00', 0, 112, 1),
(426, '72.80', 0, 112, 2),
(427, '56.28', 0, 112, 3),
(428, '23.20', 0, 112, 4),
(429, '28.00', 0, 112, 5),
(430, '140.00', 0, 112, 6),
(431, '115.23', 0, 112, 7),
(432, '44.80', 0, 112, 8),
(433, '56.00', 0, 113, 9),
(434, '28.58', 0, 113, 10),
(435, '484.96', 0, 113, 11),
(436, '0.28', 0, 113, 12),
(437, '0.00', 0, 113, 13),
(438, '0.06', 0, 113, 14),
(439, '0.00', 0, 114, 15),
(440, '0.00', 0, 114, 16),
(441, '0.00', 0, 114, 17),
(442, '0.00', 0, 114, 18),
(443, '0.00', 0, 114, 19),
(444, '0.00', 0, 114, 20),
(445, '168.00', 0, 115, 28),
(446, '0.00', 0, 116, 21),
(447, '0.00', 0, 116, 22),
(448, '0.00', 0, 116, 23),
(449, '0.00', 0, 117, 24),
(450, '0.00', 0, 117, 25),
(451, '896.00', 0, 118, 27),
(452, '224.00', 0, 119, 1),
(453, '72.80', 0, 119, 2),
(454, '56.28', 0, 119, 3),
(455, '23.20', 0, 119, 4),
(456, '28.00', 0, 119, 5),
(457, '140.00', 0, 119, 6),
(458, '115.23', 0, 119, 7),
(459, '44.80', 0, 119, 8),
(460, '56.00', 0, 120, 9),
(461, '28.58', 0, 120, 10),
(462, '484.96', 0, 120, 11),
(463, '0.28', 0, 120, 12),
(464, '0.00', 0, 120, 13),
(465, '0.06', 0, 120, 14),
(466, '0.00', 0, 121, 15),
(467, '0.00', 0, 121, 16),
(468, '0.00', 0, 121, 17),
(469, '0.00', 0, 121, 18),
(470, '0.00', 0, 121, 19),
(471, '0.00', 0, 121, 20),
(472, '168.00', 0, 122, 28),
(473, '0.00', 0, 123, 21),
(474, '0.00', 0, 123, 22),
(475, '0.00', 0, 123, 23),
(476, '0.00', 0, 124, 24),
(477, '0.00', 0, 124, 25),
(478, '896.00', 0, 125, 27),
(479, '224.00', 0, 126, 1),
(480, '72.80', 0, 126, 2),
(481, '56.28', 0, 126, 3),
(482, '23.20', 0, 126, 4),
(483, '28.00', 0, 126, 5),
(484, '140.00', 0, 126, 6),
(485, '115.23', 0, 126, 7),
(486, '44.80', 0, 126, 8),
(487, '56.00', 0, 127, 9),
(488, '28.58', 0, 127, 10),
(489, '484.96', 0, 127, 11),
(490, '0.28', 0, 127, 12),
(491, '0.00', 0, 127, 13),
(492, '0.06', 0, 127, 14),
(493, '0.00', 0, 128, 15),
(494, '0.00', 0, 128, 16),
(495, '0.00', 0, 128, 17),
(496, '0.00', 0, 128, 18),
(497, '0.00', 0, 128, 19),
(498, '0.00', 0, 128, 20),
(499, '168.00', 0, 129, 28),
(500, '0.00', 0, 130, 21),
(501, '0.00', 0, 130, 22),
(502, '0.00', 0, 130, 23),
(503, '0.00', 0, 131, 24),
(504, '0.00', 0, 131, 25),
(505, '896.00', 0, 132, 27),
(506, '224.00', 0, 133, 1),
(507, '72.80', 0, 133, 2),
(508, '56.28', 0, 133, 3),
(509, '23.20', 0, 133, 4),
(510, '28.00', 0, 133, 5),
(511, '140.00', 0, 133, 6),
(512, '115.23', 0, 133, 7),
(513, '44.80', 0, 133, 8),
(514, '56.00', 0, 134, 9),
(515, '28.58', 0, 134, 10),
(516, '484.96', 0, 134, 11),
(517, '0.28', 0, 134, 12),
(518, '0.00', 0, 134, 13),
(519, '0.06', 0, 134, 14),
(520, '0.00', 0, 135, 15),
(521, '0.00', 0, 135, 16),
(522, '0.00', 0, 135, 17),
(523, '0.00', 0, 135, 18),
(524, '0.00', 0, 135, 19),
(525, '0.00', 0, 135, 20),
(526, '168.00', 0, 136, 28),
(527, '0.00', 0, 137, 21),
(528, '0.00', 0, 137, 22),
(529, '0.00', 0, 137, 23),
(530, '0.00', 0, 138, 24),
(531, '0.00', 0, 138, 25),
(532, '686.00', 0, 139, 27);

-- --------------------------------------------------------

--
-- Structure de la table `demandcategorycalculationitem`
--

CREATE TABLE `demandcategorycalculationitem` (
  `ID` bigint(20) NOT NULL,
  `CALCULTAED` tinyint(1) DEFAULT '0',
  `PRICE` decimal(10,2) DEFAULT NULL,
  `PRICEGLOBAL` decimal(10,2) DEFAULT NULL,
  `PRICEGLOBALUPDATE` decimal(10,2) DEFAULT NULL,
  `PRICEUPDATE` decimal(10,2) DEFAULT NULL,
  `DEMANDCATEGORYCALCULATION_ID` bigint(20) DEFAULT NULL,
  `DEPARTEMENTCRITERIAITEM_ID` bigint(20) DEFAULT NULL
) ENGINE=InnoDB DEFAULT CHARSET=latin1;

--
-- Contenu de la table `demandcategorycalculationitem`
--

INSERT INTO `demandcategorycalculationitem` (`ID`, `CALCULTAED`, `PRICE`, `PRICEGLOBAL`, `PRICEGLOBALUPDATE`, `PRICEUPDATE`, `DEMANDCATEGORYCALCULATION_ID`, `DEPARTEMENTCRITERIAITEM_ID`) VALUES
(813, 1, '56.00', '448.00', '448.00', '56.00', 371, 1),
(814, 1, '56.00', '336.00', '336.00', '56.00', 371, 2),
(815, 1, '56.00', '168.00', '168.00', '56.00', 371, 7),
(816, 1, '56.00', '448.00', '448.00', '56.00', 371, 8),
(817, 1, '56.00', '56.00', '56.00', '56.00', 372, 3),
(818, 1, '0.00', '0.00', '0.00', '0.00', 372, 4),
(819, 1, '5.60', '11.20', '11.20', '5.60', 372, 16),
(820, 1, '11.20', '22.40', '22.40', '11.20', 372, 17),
(821, 1, '0.28', '1.68', '1.68', '0.28', 373, 11),
(822, 1, '56.00', '896.00', '896.00', '56.00', 373, 12),
(823, 1, '6.40', '0.00', '0.00', '6.40', 374, 13),
(824, 1, '11.20', '22.40', '22.40', '11.20', 374, 19),
(825, 1, '5.60', '11.20', '11.20', '5.60', 374, 20),
(826, 1, '28.00', '392.00', '392.00', '28.00', 375, 14),
(827, 1, '0.00', '0.00', '0.00', '0.00', 375, 15),
(828, 1, '0.00', '0.00', '0.00', '0.00', 375, 21),
(829, 1, '0.00', '0.00', '0.00', '0.00', 375, 22),
(830, 1, '0.00', '0.00', '0.00', '0.00', 375, 23),
(831, 1, '0.00', '0.00', '0.00', '0.00', 375, 24),
(832, 1, '0.00', '0.00', '0.00', '0.00', 376, 25),
(833, 1, '140.00', '2100.00', '2100.00', '140.00', 376, 26),
(834, 1, '0.28', '0.56', '0.56', '0.28', 377, 27),
(835, 1, '56.00', '672.00', '672.00', '56.00', 377, 28),
(836, 1, '56.00', '448.00', '448.00', '56.00', 377, 29),
(837, 1, '2.95', '0.00', '0.00', '2.95', 377, 30),
(838, 1, '22.40', '336.00', '336.00', '22.40', 378, 31),
(839, 1, '22.40', '224.00', '224.00', '22.40', 378, 32),
(840, 1, '56.00', '560.00', '560.00', '56.00', 379, 5),
(841, 1, '0.23', '0.47', '0.47', '0.23', 380, 33),
(842, 1, '0.35', '2.45', '2.45', '0.35', 380, 34),
(843, 1, '28.00', '392.00', '392.00', '28.00', 380, 35),
(844, 1, '224.00', '224.00', '224.00', '224.00', 381, 36),
(845, 1, '28.00', '392.00', '392.00', '28.00', 381, 37),
(846, 1, '8.96', '116.48', '116.48', '8.96', 381, 38),
(847, 1, '224.00', '224.00', '224.00', '224.00', 381, 39),
(848, 1, '0.28', '1.68', '1.68', '0.28', 382, 40),
(849, 1, '0.00', '0.00', '0.00', '0.00', 383, 6),
(850, 1, '0.06', '0.34', '0.34', '0.06', 384, 41),
(851, 1, '0.00', '0.00', '0.00', '0.00', 391, 48),
(852, 1, '0.00', '0.00', '0.00', '0.00', 391, 49),
(853, 1, '0.00', '0.00', '0.00', '0.00', 391, 50),
(854, 1, '0.00', '0.00', '0.00', '0.00', 391, 51),
(855, 1, '0.00', '0.00', '0.00', '0.00', 391, 52),
(856, 1, '0.00', '0.00', '0.00', '0.00', 391, 53),
(857, 1, '0.00', '0.00', '0.00', '0.00', 391, 54),
(858, 1, '0.00', '0.00', '0.00', '0.00', 391, 55),
(859, 1, '0.00', '0.00', '0.00', '0.00', 391, 58),
(860, 1, '0.00', '0.00', '0.00', '0.00', 391, 59),
(861, 1, '0.00', '0.00', '0.00', '0.00', 391, 60),
(862, 1, '0.00', '0.00', '0.00', '0.00', 391, 61),
(863, 1, '0.00', '0.00', '0.00', '0.00', 391, 62),
(864, 1, '168.00', '168.00', '168.00', '168.00', 391, 63),
(865, 1, '0.00', '0.00', '0.00', '0.00', 391, 64),
(866, 1, '252.00', '504.00', '504.00', '252.00', 397, 42),
(867, 1, '168.00', '336.00', '336.00', '168.00', 397, 43),
(868, 1, '42.00', '84.00', '84.00', '42.00', 397, 44),
(869, 1, '14.00', '42.00', '42.00', '14.00', 397, 45),
(870, 1, '336.00', '336.00', '336.00', '336.00', 397, 46),
(871, 1, '84.00', '84.00', '84.00', '84.00', 397, 47),
(872, 1, '56.00', '448.00', '448.00', '56.00', 398, 1),
(873, 1, '56.00', '336.00', '336.00', '56.00', 398, 2),
(874, 1, '56.00', '168.00', '168.00', '56.00', 398, 7),
(875, 1, '56.00', '448.00', '448.00', '56.00', 398, 8),
(876, 1, '56.00', '56.00', '56.00', '56.00', 399, 3),
(877, 1, '0.00', '0.00', '0.00', '0.00', 399, 4),
(878, 1, '5.60', '56.00', '56.00', '5.60', 399, 16),
(879, 1, '11.20', '123.20', '123.20', '11.20', 399, 17),
(880, 1, '0.28', '1.68', '1.68', '0.28', 400, 11),
(881, 1, '56.00', '896.00', '896.00', '56.00', 400, 12),
(882, 1, '6.40', '0.00', '0.00', '6.40', 401, 13),
(883, 1, '11.20', '123.20', '123.20', '11.20', 401, 19),
(884, 1, '5.60', '56.00', '56.00', '5.60', 401, 20),
(885, 1, '28.00', '392.00', '392.00', '28.00', 402, 14),
(886, 1, '0.00', '0.00', '0.00', '0.00', 402, 15),
(887, 1, '0.00', '0.00', '0.00', '0.00', 402, 21),
(888, 1, '0.00', '0.00', '0.00', '0.00', 402, 22),
(889, 1, '0.00', '0.00', '0.00', '0.00', 402, 23),
(890, 1, '0.00', '0.00', '0.00', '0.00', 402, 24),
(891, 1, '0.00', '0.00', '0.00', '0.00', 403, 25),
(892, 1, '140.00', '2100.00', '2100.00', '140.00', 403, 26),
(893, 1, '0.28', '2.80', '2.80', '0.28', 404, 27),
(894, 1, '56.00', '672.00', '672.00', '56.00', 404, 28),
(895, 1, '56.00', '448.00', '448.00', '56.00', 404, 29),
(896, 1, '2.95', '0.00', '0.00', '2.95', 404, 30),
(897, 1, '22.40', '336.00', '336.00', '22.40', 405, 31),
(898, 1, '22.40', '224.00', '224.00', '22.40', 405, 32),
(899, 1, '56.00', '560.00', '560.00', '56.00', 406, 5),
(900, 1, '0.23', '2.57', '2.57', '0.23', 407, 33),
(901, 1, '0.35', '2.45', '2.45', '0.35', 407, 34),
(902, 1, '28.00', '392.00', '392.00', '28.00', 407, 35),
(903, 1, '224.00', '224.00', '224.00', '224.00', 408, 36),
(904, 1, '28.00', '392.00', '392.00', '28.00', 408, 37),
(905, 1, '8.96', '116.48', '116.48', '8.96', 408, 38),
(906, 1, '224.00', '224.00', '224.00', '224.00', 408, 39),
(907, 1, '0.28', '1.68', '1.68', '0.28', 409, 40),
(908, 1, '0.00', '0.00', '0.00', '0.00', 410, 6),
(909, 1, '0.06', '0.34', '0.34', '0.06', 411, 41),
(910, 1, '0.00', '0.00', '0.00', '0.00', 418, 48),
(911, 1, '0.00', '0.00', '0.00', '0.00', 418, 49),
(912, 1, '0.00', '0.00', '0.00', '0.00', 418, 50),
(913, 1, '0.00', '0.00', '0.00', '0.00', 418, 51),
(914, 1, '0.00', '0.00', '0.00', '0.00', 418, 52),
(915, 1, '0.00', '0.00', '0.00', '0.00', 418, 53),
(916, 1, '0.00', '0.00', '0.00', '0.00', 418, 54),
(917, 1, '0.00', '0.00', '0.00', '0.00', 418, 55),
(918, 1, '0.00', '0.00', '0.00', '0.00', 418, 58),
(919, 1, '0.00', '0.00', '0.00', '0.00', 418, 59),
(920, 1, '0.00', '0.00', '0.00', '0.00', 418, 60),
(921, 1, '0.00', '0.00', '0.00', '0.00', 418, 61),
(922, 1, '0.00', '0.00', '0.00', '0.00', 418, 62),
(923, 1, '168.00', '168.00', '168.00', '168.00', 418, 63),
(924, 1, '0.00', '0.00', '0.00', '0.00', 418, 64),
(925, 1, '252.00', '0.00', '0.00', '252.00', 424, 42),
(926, 1, '0.00', '0.00', '0.00', '0.00', 424, 43),
(927, 1, '0.00', '0.00', '0.00', '0.00', 424, 44),
(928, 1, '14.00', '0.00', '0.00', '14.00', 424, 45),
(929, 1, '336.00', '336.00', '336.00', '336.00', 424, 46),
(930, 1, '84.00', '84.00', '84.00', '84.00', 424, 47),
(931, 1, '56.00', '448.00', '448.00', '56.00', 425, 1),
(932, 1, '56.00', '336.00', '336.00', '56.00', 425, 2),
(933, 1, '56.00', '168.00', '168.00', '56.00', 425, 7),
(934, 1, '56.00', '448.00', '448.00', '56.00', 425, 8),
(935, 1, '56.00', '56.00', '56.00', '56.00', 426, 3),
(936, 1, '0.00', '0.00', '0.00', '0.00', 426, 4),
(937, 1, '5.60', '5.60', '5.60', '5.60', 426, 16),
(938, 1, '11.20', '11.20', '11.20', '11.20', 426, 17),
(939, 1, '0.28', '1.68', '1.68', '0.28', 427, 11),
(940, 1, '56.00', '896.00', '896.00', '56.00', 427, 12),
(941, 1, '6.40', '0.00', '0.00', '6.40', 428, 13),
(942, 1, '11.20', '11.20', '11.20', '11.20', 428, 19),
(943, 1, '5.60', '5.60', '5.60', '5.60', 428, 20),
(944, 1, '28.00', '392.00', '392.00', '28.00', 429, 14),
(945, 1, '0.00', '0.00', '0.00', '0.00', 429, 15),
(946, 1, '0.00', '0.00', '0.00', '0.00', 429, 21),
(947, 1, '0.00', '0.00', '0.00', '0.00', 429, 22),
(948, 1, '0.00', '0.00', '0.00', '0.00', 429, 23),
(949, 1, '0.00', '0.00', '0.00', '0.00', 429, 24),
(950, 1, '0.00', '0.00', '0.00', '0.00', 430, 25),
(951, 1, '140.00', '2100.00', '2100.00', '140.00', 430, 26),
(952, 1, '0.28', '0.28', '0.28', '0.28', 431, 27),
(953, 1, '56.00', '672.00', '672.00', '56.00', 431, 28),
(954, 1, '56.00', '448.00', '448.00', '56.00', 431, 29),
(955, 1, '2.95', '0.00', '0.00', '2.95', 431, 30),
(956, 1, '22.40', '336.00', '336.00', '22.40', 432, 31),
(957, 1, '22.40', '224.00', '224.00', '22.40', 432, 32),
(958, 1, '56.00', '560.00', '560.00', '56.00', 433, 5),
(959, 1, '0.23', '0.23', '0.23', '0.23', 434, 33),
(960, 1, '0.35', '2.45', '2.45', '0.35', 434, 34),
(961, 1, '28.00', '392.00', '392.00', '28.00', 434, 35),
(962, 1, '224.00', '224.00', '224.00', '224.00', 435, 36),
(963, 1, '28.00', '392.00', '392.00', '28.00', 435, 37),
(964, 1, '8.96', '116.48', '116.48', '8.96', 435, 38),
(965, 1, '224.00', '224.00', '224.00', '224.00', 435, 39),
(966, 1, '0.28', '1.68', '1.68', '0.28', 436, 40),
(967, 1, '0.00', '0.00', '0.00', '0.00', 437, 6),
(968, 1, '0.06', '0.34', '0.34', '0.06', 438, 41),
(969, 1, '0.00', '0.00', '0.00', '0.00', 445, 48),
(970, 1, '0.00', '0.00', '0.00', '0.00', 445, 49),
(971, 1, '0.00', '0.00', '0.00', '0.00', 445, 50),
(972, 1, '0.00', '0.00', '0.00', '0.00', 445, 51),
(973, 1, '0.00', '0.00', '0.00', '0.00', 445, 52),
(974, 1, '0.00', '0.00', '0.00', '0.00', 445, 53),
(975, 1, '0.00', '0.00', '0.00', '0.00', 445, 54),
(976, 1, '0.00', '0.00', '0.00', '0.00', 445, 55),
(977, 1, '0.00', '0.00', '0.00', '0.00', 445, 58),
(978, 1, '0.00', '0.00', '0.00', '0.00', 445, 59),
(979, 1, '0.00', '0.00', '0.00', '0.00', 445, 60),
(980, 1, '0.00', '0.00', '0.00', '0.00', 445, 61),
(981, 1, '0.00', '0.00', '0.00', '0.00', 445, 62),
(982, 1, '168.00', '168.00', '168.00', '168.00', 445, 63),
(983, 1, '0.00', '0.00', '0.00', '0.00', 445, 64),
(984, 1, '252.00', '504.00', '504.00', '252.00', 451, 42),
(985, 1, '168.00', '336.00', '336.00', '168.00', 451, 43),
(986, 1, '42.00', '84.00', '84.00', '42.00', 451, 44),
(987, 1, '14.00', '42.00', '42.00', '14.00', 451, 45),
(988, 1, '336.00', '336.00', '336.00', '336.00', 451, 46),
(989, 1, '84.00', '84.00', '84.00', '84.00', 451, 47),
(990, 1, '56.00', '448.00', '448.00', '56.00', 452, 1),
(991, 1, '56.00', '336.00', '336.00', '56.00', 452, 2),
(992, 1, '56.00', '168.00', '168.00', '56.00', 452, 7),
(993, 1, '56.00', '448.00', '448.00', '56.00', 452, 8),
(994, 1, '56.00', '56.00', '56.00', '56.00', 453, 3),
(995, 1, '0.00', '0.00', '0.00', '0.00', 453, 4),
(996, 1, '5.60', '5.60', '5.60', '5.60', 453, 16),
(997, 1, '11.20', '11.20', '11.20', '11.20', 453, 17),
(998, 1, '0.28', '1.68', '1.68', '0.28', 454, 11),
(999, 1, '56.00', '896.00', '896.00', '56.00', 454, 12),
(1000, 1, '6.40', '0.00', '0.00', '6.40', 455, 13),
(1001, 1, '11.20', '11.20', '11.20', '11.20', 455, 19),
(1002, 1, '5.60', '5.60', '5.60', '5.60', 455, 20),
(1003, 1, '28.00', '392.00', '392.00', '28.00', 456, 14),
(1004, 1, '0.00', '0.00', '0.00', '0.00', 456, 15),
(1005, 1, '0.00', '0.00', '0.00', '0.00', 456, 21),
(1006, 1, '0.00', '0.00', '0.00', '0.00', 456, 22),
(1007, 1, '0.00', '0.00', '0.00', '0.00', 456, 23),
(1008, 1, '0.00', '0.00', '0.00', '0.00', 456, 24),
(1009, 1, '0.00', '0.00', '0.00', '0.00', 457, 25),
(1010, 1, '140.00', '2100.00', '2100.00', '140.00', 457, 26),
(1011, 1, '0.28', '0.28', '0.28', '0.28', 458, 27),
(1012, 1, '56.00', '672.00', '672.00', '56.00', 458, 28),
(1013, 1, '56.00', '448.00', '448.00', '56.00', 458, 29),
(1014, 1, '2.95', '0.00', '0.00', '2.95', 458, 30),
(1015, 1, '22.40', '336.00', '336.00', '22.40', 459, 31),
(1016, 1, '22.40', '224.00', '224.00', '22.40', 459, 32),
(1017, 1, '56.00', '560.00', '560.00', '56.00', 460, 5),
(1018, 1, '0.23', '0.23', '0.23', '0.23', 461, 33),
(1019, 1, '0.35', '2.45', '2.45', '0.35', 461, 34),
(1020, 1, '28.00', '392.00', '392.00', '28.00', 461, 35),
(1021, 1, '224.00', '224.00', '224.00', '224.00', 462, 36),
(1022, 1, '28.00', '392.00', '392.00', '28.00', 462, 37),
(1023, 1, '8.96', '116.48', '116.48', '8.96', 462, 38),
(1024, 1, '224.00', '224.00', '224.00', '224.00', 462, 39),
(1025, 1, '0.28', '1.68', '1.68', '0.28', 463, 40),
(1026, 1, '0.00', '0.00', '0.00', '0.00', 464, 6),
(1027, 1, '0.06', '0.34', '0.34', '0.06', 465, 41),
(1028, 1, '0.00', '0.00', '0.00', '0.00', 472, 48),
(1029, 1, '0.00', '0.00', '0.00', '0.00', 472, 49),
(1030, 1, '0.00', '0.00', '0.00', '0.00', 472, 50),
(1031, 1, '0.00', '0.00', '0.00', '0.00', 472, 51),
(1032, 1, '0.00', '0.00', '0.00', '0.00', 472, 52),
(1033, 1, '0.00', '0.00', '0.00', '0.00', 472, 53),
(1034, 1, '0.00', '0.00', '0.00', '0.00', 472, 54),
(1035, 1, '0.00', '0.00', '0.00', '0.00', 472, 55),
(1036, 1, '0.00', '0.00', '0.00', '0.00', 472, 58),
(1037, 1, '0.00', '0.00', '0.00', '0.00', 472, 59),
(1038, 1, '0.00', '0.00', '0.00', '0.00', 472, 60),
(1039, 1, '0.00', '0.00', '0.00', '0.00', 472, 61),
(1040, 1, '0.00', '0.00', '0.00', '0.00', 472, 62),
(1041, 1, '168.00', '168.00', '168.00', '168.00', 472, 63),
(1042, 1, '0.00', '0.00', '0.00', '0.00', 472, 64),
(1043, 1, '252.00', '504.00', '504.00', '252.00', 478, 42),
(1044, 1, '168.00', '336.00', '336.00', '168.00', 478, 43),
(1045, 1, '42.00', '84.00', '84.00', '42.00', 478, 44),
(1046, 1, '14.00', '42.00', '42.00', '14.00', 478, 45),
(1047, 1, '336.00', '336.00', '336.00', '336.00', 478, 46),
(1048, 1, '84.00', '84.00', '84.00', '84.00', 478, 47),
(1049, 1, '56.00', '448.00', '448.00', '56.00', 479, 1),
(1050, 1, '56.00', '336.00', '336.00', '56.00', 479, 2),
(1051, 1, '56.00', '168.00', '168.00', '56.00', 479, 7),
(1052, 1, '56.00', '448.00', '448.00', '56.00', 479, 8),
(1053, 1, '56.00', '56.00', '56.00', '56.00', 480, 3),
(1054, 1, '0.00', '0.00', '0.00', '0.00', 480, 4),
(1055, 1, '5.60', '11.20', '11.20', '5.60', 480, 16),
(1056, 1, '11.20', '22.40', '22.40', '11.20', 480, 17),
(1057, 1, '0.28', '1.68', '1.68', '0.28', 481, 11),
(1058, 1, '56.00', '896.00', '896.00', '56.00', 481, 12),
(1059, 1, '6.40', '0.00', '0.00', '6.40', 482, 13),
(1060, 1, '11.20', '22.40', '22.40', '11.20', 482, 19),
(1061, 1, '5.60', '11.20', '11.20', '5.60', 482, 20),
(1062, 1, '28.00', '392.00', '392.00', '28.00', 483, 14),
(1063, 1, '0.00', '0.00', '0.00', '0.00', 483, 15),
(1064, 1, '0.00', '0.00', '0.00', '0.00', 483, 21),
(1065, 1, '0.00', '0.00', '0.00', '0.00', 483, 22),
(1066, 1, '0.00', '0.00', '0.00', '0.00', 483, 23),
(1067, 1, '0.00', '0.00', '0.00', '0.00', 483, 24),
(1068, 1, '0.00', '0.00', '0.00', '0.00', 484, 25),
(1069, 1, '140.00', '2100.00', '2100.00', '140.00', 484, 26),
(1070, 1, '0.28', '0.56', '0.56', '0.28', 485, 27),
(1071, 1, '56.00', '672.00', '672.00', '56.00', 485, 28),
(1072, 1, '56.00', '448.00', '448.00', '56.00', 485, 29),
(1073, 1, '2.95', '0.00', '0.00', '2.95', 485, 30),
(1074, 1, '22.40', '336.00', '336.00', '22.40', 486, 31),
(1075, 1, '22.40', '224.00', '224.00', '22.40', 486, 32),
(1076, 1, '56.00', '560.00', '560.00', '56.00', 487, 5),
(1077, 1, '0.23', '0.47', '0.47', '0.23', 488, 33),
(1078, 1, '0.35', '2.45', '2.45', '0.35', 488, 34),
(1079, 1, '28.00', '392.00', '392.00', '28.00', 488, 35),
(1080, 1, '224.00', '224.00', '224.00', '224.00', 489, 36),
(1081, 1, '28.00', '392.00', '392.00', '28.00', 489, 37),
(1082, 1, '8.96', '116.48', '116.48', '8.96', 489, 38),
(1083, 1, '224.00', '224.00', '224.00', '224.00', 489, 39),
(1084, 1, '0.28', '1.68', '1.68', '0.28', 490, 40),
(1085, 1, '0.00', '0.00', '0.00', '0.00', 491, 6),
(1086, 1, '0.06', '0.34', '0.34', '0.06', 492, 41),
(1087, 1, '0.00', '0.00', '0.00', '0.00', 499, 48),
(1088, 1, '0.00', '0.00', '0.00', '0.00', 499, 49),
(1089, 1, '0.00', '0.00', '0.00', '0.00', 499, 50),
(1090, 1, '0.00', '0.00', '0.00', '0.00', 499, 51),
(1091, 1, '0.00', '0.00', '0.00', '0.00', 499, 52),
(1092, 1, '0.00', '0.00', '0.00', '0.00', 499, 53),
(1093, 1, '0.00', '0.00', '0.00', '0.00', 499, 54),
(1094, 1, '0.00', '0.00', '0.00', '0.00', 499, 55),
(1095, 1, '0.00', '0.00', '0.00', '0.00', 499, 58),
(1096, 1, '0.00', '0.00', '0.00', '0.00', 499, 59),
(1097, 1, '0.00', '0.00', '0.00', '0.00', 499, 60),
(1098, 1, '0.00', '0.00', '0.00', '0.00', 499, 61),
(1099, 1, '0.00', '0.00', '0.00', '0.00', 499, 62),
(1100, 1, '168.00', '168.00', '168.00', '168.00', 499, 63),
(1101, 1, '0.00', '0.00', '0.00', '0.00', 499, 64),
(1102, 1, '252.00', '504.00', '504.00', '252.00', 505, 42),
(1103, 1, '168.00', '336.00', '336.00', '168.00', 505, 43),
(1104, 1, '42.00', '84.00', '84.00', '42.00', 505, 44),
(1105, 1, '14.00', '42.00', '42.00', '14.00', 505, 45),
(1106, 1, '336.00', '336.00', '336.00', '336.00', 505, 46),
(1107, 1, '84.00', '84.00', '84.00', '84.00', 505, 47),
(1108, 1, '56.00', '448.00', '448.00', '56.00', 506, 1),
(1109, 1, '56.00', '336.00', '336.00', '56.00', 506, 2),
(1110, 1, '56.00', '168.00', '168.00', '56.00', 506, 7),
(1111, 1, '56.00', '448.00', '448.00', '56.00', 506, 8),
(1112, 1, '56.00', '56.00', '56.00', '56.00', 507, 3),
(1113, 1, '0.00', '0.00', '0.00', '0.00', 507, 4),
(1114, 1, '5.60', '0.00', '0.00', '5.60', 507, 16),
(1115, 1, '11.20', '0.00', '0.00', '11.20', 507, 17),
(1116, 1, '0.28', '1.68', '1.68', '0.28', 508, 11),
(1117, 1, '56.00', '896.00', '896.00', '56.00', 508, 12),
(1118, 1, '6.40', '0.00', '0.00', '6.40', 509, 13),
(1119, 1, '11.20', '0.00', '0.00', '11.20', 509, 19),
(1120, 1, '5.60', '0.00', '0.00', '5.60', 509, 20),
(1121, 1, '28.00', '392.00', '392.00', '28.00', 510, 14),
(1122, 1, '0.00', '0.00', '0.00', '0.00', 510, 15),
(1123, 1, '0.00', '0.00', '0.00', '0.00', 510, 21),
(1124, 1, '0.00', '0.00', '0.00', '0.00', 510, 22),
(1125, 1, '0.00', '0.00', '0.00', '0.00', 510, 23),
(1126, 1, '0.00', '0.00', '0.00', '0.00', 510, 24),
(1127, 1, '0.00', '0.00', '0.00', '0.00', 511, 25),
(1128, 1, '140.00', '2100.00', '2100.00', '140.00', 511, 26),
(1129, 1, '0.28', '0.00', '0.00', '0.28', 512, 27),
(1130, 1, '56.00', '672.00', '672.00', '56.00', 512, 28),
(1131, 1, '56.00', '448.00', '448.00', '56.00', 512, 29),
(1132, 1, '2.95', '0.00', '0.00', '2.95', 512, 30),
(1133, 1, '22.40', '336.00', '336.00', '22.40', 513, 31),
(1134, 1, '22.40', '224.00', '224.00', '22.40', 513, 32),
(1135, 1, '56.00', '560.00', '560.00', '56.00', 514, 5),
(1136, 1, '0.23', '0.00', '0.00', '0.23', 515, 33),
(1137, 1, '0.35', '2.45', '2.45', '0.35', 515, 34),
(1138, 1, '28.00', '392.00', '392.00', '28.00', 515, 35),
(1139, 1, '224.00', '224.00', '224.00', '224.00', 516, 36),
(1140, 1, '28.00', '392.00', '392.00', '28.00', 516, 37),
(1141, 1, '8.96', '116.48', '116.48', '8.96', 516, 38),
(1142, 1, '224.00', '224.00', '224.00', '224.00', 516, 39),
(1143, 1, '0.28', '1.68', '1.68', '0.28', 517, 40),
(1144, 1, '0.00', '0.00', '0.00', '0.00', 518, 6),
(1145, 1, '0.06', '0.34', '0.34', '0.06', 519, 41),
(1146, 1, '0.00', '0.00', '0.00', '0.00', 526, 48),
(1147, 1, '0.00', '0.00', '0.00', '0.00', 526, 49),
(1148, 1, '0.00', '0.00', '0.00', '0.00', 526, 50),
(1149, 1, '0.00', '0.00', '0.00', '0.00', 526, 51),
(1150, 1, '0.00', '0.00', '0.00', '0.00', 526, 52),
(1151, 1, '0.00', '0.00', '0.00', '0.00', 526, 53),
(1152, 1, '0.00', '0.00', '0.00', '0.00', 526, 54),
(1153, 1, '0.00', '0.00', '0.00', '0.00', 526, 55),
(1154, 1, '0.00', '0.00', '0.00', '0.00', 526, 58),
(1155, 1, '0.00', '0.00', '0.00', '0.00', 526, 59),
(1156, 1, '0.00', '0.00', '0.00', '0.00', 526, 60),
(1157, 1, '0.00', '0.00', '0.00', '0.00', 526, 61),
(1158, 1, '0.00', '0.00', '0.00', '0.00', 526, 62),
(1159, 1, '168.00', '168.00', '168.00', '168.00', 526, 63),
(1160, 1, '0.00', '0.00', '0.00', '0.00', 526, 64),
(1161, 1, '252.00', '0.00', '0.00', '252.00', 532, 42),
(1162, 1, '0.00', '0.00', '0.00', '0.00', 532, 43),
(1163, 1, '0.00', '0.00', '0.00', '0.00', 532, 44),
(1164, 1, '14.00', '0.00', '0.00', '14.00', 532, 45),
(1165, 1, '336.00', '336.00', '336.00', '336.00', 532, 46),
(1166, 1, '84.00', '84.00', '84.00', '84.00', 532, 47);

-- --------------------------------------------------------

--
-- Structure de la table `demandcategorydepartementcalculation`
--

CREATE TABLE `demandcategorydepartementcalculation` (
  `ID` bigint(20) NOT NULL,
  `SUMME` decimal(10,2) DEFAULT NULL,
  `DEMANDCATEGORY_ID` bigint(20) DEFAULT NULL,
  `DEPARTEMENT_ID` bigint(20) DEFAULT NULL
) ENGINE=InnoDB DEFAULT CHARSET=latin1;

--
-- Contenu de la table `demandcategorydepartementcalculation`
--

INSERT INTO `demandcategorydepartementcalculation` (`ID`, `SUMME`, `DEMANDCATEGORY_ID`, `DEPARTEMENT_ID`) VALUES
(98, '704.31', 24, 1),
(99, '569.88', 24, 2),
(100, '0.00', 24, 3),
(101, '168.00', 24, 4),
(102, '0.00', 24, 5),
(103, '0.00', 24, 6),
(104, '896.00', 24, 8),
(105, '704.31', 25, 1),
(106, '569.88', 25, 2),
(107, '0.00', 25, 3),
(108, '168.00', 25, 4),
(109, '0.00', 25, 5),
(110, '0.00', 25, 6),
(111, '686.00', 25, 8),
(112, '704.31', 26, 1),
(113, '569.88', 26, 2),
(114, '0.00', 26, 3),
(115, '168.00', 26, 4),
(116, '0.00', 26, 5),
(117, '0.00', 26, 6),
(118, '896.00', 26, 8),
(119, '704.31', 27, 1),
(120, '569.88', 27, 2),
(121, '0.00', 27, 3),
(122, '168.00', 27, 4),
(123, '0.00', 27, 5),
(124, '0.00', 27, 6),
(125, '896.00', 27, 8),
(126, '704.31', 28, 1),
(127, '569.88', 28, 2),
(128, '0.00', 28, 3),
(129, '168.00', 28, 4),
(130, '0.00', 28, 5),
(131, '0.00', 28, 6),
(132, '896.00', 28, 8),
(133, '704.31', 29, 1),
(134, '569.88', 29, 2),
(135, '0.00', 29, 3),
(136, '168.00', 29, 4),
(137, '0.00', 29, 5),
(138, '0.00', 29, 6),
(139, '686.00', 29, 8);

-- --------------------------------------------------------

--
-- Structure de la table `demandcategoryvalidation`
--

CREATE TABLE `demandcategoryvalidation` (
  `ID` int(11) NOT NULL,
  `SYSDATE` time DEFAULT NULL,
  `DEMANDCATEGORY_ID` bigint(20) DEFAULT NULL,
  `DEPARTEMENT_ID` bigint(20) DEFAULT NULL,
  `USER_LOGIN` varchar(255) DEFAULT NULL
) ENGINE=InnoDB DEFAULT CHARSET=latin1;

-- --------------------------------------------------------

--
-- Structure de la table `departement`
--

CREATE TABLE `departement` (
  `ID` bigint(20) NOT NULL,
  `NAME` varchar(255) DEFAULT NULL
) ENGINE=InnoDB DEFAULT CHARSET=latin1;

--
-- Contenu de la table `departement`
--

INSERT INTO `departement` (`ID`, `NAME`) VALUES
(1, 'contentManagement'),
(2, 'datenManagement'),
(3, 'databasePublishing'),
(4, 'projectManagement'),
(5, 'Assetmanagement'),
(6, 'Media IT'),
(8, 'InitialCosts');

-- --------------------------------------------------------

--
-- Structure de la table `departementcriteria`
--

CREATE TABLE `departementcriteria` (
  `ID` bigint(20) NOT NULL,
  `NAME` varchar(255) DEFAULT NULL,
  `DEPARTEMENT_ID` bigint(20) DEFAULT NULL
) ENGINE=InnoDB DEFAULT CHARSET=latin1;

--
-- Contenu de la table `departementcriteria`
--

INSERT INTO `departementcriteria` (`ID`, `NAME`, `DEPARTEMENT_ID`) VALUES
(1, 'Allgemein', 1),
(2, 'Reda', 1),
(3, 'Reda Online', 1),
(4, 'Informatica', 1),
(5, 'LK MG Korrektur', 1),
(6, 'Pruefungen', 1),
(7, 'Sonstiges', 1),
(8, 'Fremdsprachen', 1),
(9, 'Masterlist', 2),
(10, 'Datenbeschaffung', 2),
(11, 'Preisbeschaffung', 2),
(12, 'ASD', 2),
(13, 'Informatica', 2),
(14, 'Sprache', 2),
(15, 'Fixkosten', 3),
(16, '1.Datenimport', 3),
(17, '2. Datenimport', 3),
(18, 'Druckdatenerstellung', 3),
(19, 'Sonstiges', 3),
(20, 'ECC', 3),
(21, 'Produktaufnahme einer Produktgruppe', 5),
(22, 'Fotoshootings', 5),
(23, 'Lizenz', 5),
(24, 'Konzeption', 6),
(25, 'Programmierung', 6),
(27, 'Initial Kosten, diesen fallen unabhängig vom Endprodukt immer an', 8),
(28, 'Projektmanagement Leistungen:', 4);

-- --------------------------------------------------------

--
-- Structure de la table `departementcriteriaitem`
--

CREATE TABLE `departementcriteriaitem` (
  `ID` bigint(20) NOT NULL,
  `ARITHMITIQUEEXPRESIONFORGLOBALPRICE` varchar(255) DEFAULT NULL,
  `ARITHMITIQUEEXPRESIONFORUNITEPRICE` varchar(255) DEFAULT NULL,
  `DESCRIPTION` varchar(255) DEFAULT NULL,
  `DESCRIPTIONGLOBAL` varchar(255) DEFAULT NULL,
  `DEPARTEMENTCRITERIA_ID` bigint(20) DEFAULT NULL
) ENGINE=InnoDB DEFAULT CHARSET=latin1;

--
-- Contenu de la table `departementcriteriaitem`
--

INSERT INTO `departementcriteriaitem` (`ID`, `ARITHMITIQUEEXPRESIONFORGLOBALPRICE`, `ARITHMITIQUEEXPRESIONFORUNITEPRICE`, `DESCRIPTION`, `DESCRIPTIONGLOBAL`, `DEPARTEMENTCRITERIA_ID`) VALUES
(1, '(8*configurationItemFacade.findByName(''std_stz'').getDefaultValue())', '(configurationItemFacade.findByName(''std_stz'').getDefaultValue())', 'Erstellung Datenpflegeguide', NULL, 1),
(2, '6*configurationItemFacade.findByName(''std_stz'').getDefaultValue()', 'configurationItemFacade.findByName(''std_stz'').getDefaultValue()', 'Erstellung Redaktionsguide', NULL, 1),
(3, '1*configurationItemFacade.findByName(''std_stz'').getDefaultValue()', '1*configurationItemFacade.findByName(''std_stz'').getDefaultValue()', 'Katalog Reda_Vorausgabe kopieren', NULL, 2),
(4, '8*demandCategory.getUmfang()*configurationItemFacade.findByName(''std_stz'').getDefaultValue()/100', 'demandCategory.getUmfang()*configurationItemFacade.findByName(''std_stz'').getDefaultValue()/100', 'PDF-Generator Reda', NULL, 2),
(5, '10*configurationItemFacade.findByName(''std_stz'').getDefaultValue()', 'configurationItemFacade.findByName(''std_stz'').getDefaultValue()', 'Pauschale 8std Prüfung, 2 Std Redaktion Abstimmung', NULL, 9),
(6, '', '', 'Klassifizierung Neuheiten Information = LK_Schlüssel*Korrektirschlüssel*Prpzessschlüssel*Anzahl_Artikel_Neu*(8*std_satz/90)', NULL, 13),
(7, '3*configurationItemFacade.findByName(''std_stz'').getDefaultValue()', 'configurationItemFacade.findByName(''std_stz'').getDefaultValue()', 'Masterlisten Prüfung', NULL, 1),
(8, '8*configurationItemFacade.findByName(''std_stz'').getDefaultValue()', 'configurationItemFacade.findByName(''std_stz'').getDefaultValue()', 'Testdaten bereitstellen', NULL, 1),
(11, 'demandCategory.getAnzahlGesamtArtikel()*0.3*configurationItemFacade.findByName(''std_stz'').getDefaultValue()/60', '0.3*configurationItemFacade.findByName(''std_stz'').getDefaultValue()/60', 'Preis Artikel Reda-Online Pflege', NULL, 3),
(12, '16*configurationItemFacade.findByName(''std_stz'').getDefaultValue()', 'configurationItemFacade.findByName(''std_stz'').getDefaultValue()', 'Pauschale Online Pflege(2 Tage)', NULL, 3),
(13, 'demandCategory.getUmfang()*8*configurationItemFacade.findByName(''std_stz'').getDefaultValue()/70', '8*configurationItemFacade.findByName(''std_stz'').getDefaultValue()/70', 'PDF Generator Informatica ', NULL, 4),
(14, 'demandCategory.getAnzahlLieferantNeu()*configurationItemFacade.findByName(''std_stz'').getDefaultValue()*0.5', '0.5*configurationItemFacade.findByName(''std_stz'').getDefaultValue()', 'Lieferantenkorrektur Versand', NULL, 5),
(15, '', '', 'Mitgliederkorrektur Versand', NULL, 5),
(16, '(demandCategory.getAnzahlGesamtProdukt())*(demandCategory.getKatalogart().getValuee())*(demandCategory.getCorrectionSchluessel().getValue())*(configurationItemFacade.findByName(''std_stz'').getDefaultValue()/10)', '(demandCategory.getKatalogart().getValuee())*(demandCategory.getCorrectionSchluessel().getValue())*(configurationItemFacade.findByName(''std_stz'').getDefaultValue()/10)', 'Redaktionelle Text Veredlung der Basis Text für Gesamt Produkte', NULL, 2),
(17, '(demandCategory.getAnzahlNeueProdukt())*(demandCategory.getKatalogart().getValuee())*(demandCategory.getCorrectionSchluessel().getValue())*(configurationItemFacade.findByName(''std_stz'').getDefaultValue()/5)', '(demandCategory.getKatalogart().getValuee())*(demandCategory.getCorrectionSchluessel().getValue())*(configurationItemFacade.findByName(''std_stz'').getDefaultValue()/5)', 'Redaktionelle Textveredlung der Basistext für neue Produkte ', NULL, 2),
(19, '(demandCategory.getAnzahlNeueProdukt())*(demandCategory.getKatalogart().getValuee())*(demandCategory.getCorrectionSchluessel().getValue())*(configurationItemFacade.findByName(''std_stz'').getDefaultValue()/5)', '(demandCategory.getKatalogart().getValuee())*(demandCategory.getCorrectionSchluessel().getValue())*(configurationItemFacade.findByName(''std_stz'').getDefaultValue()/5)', 'Redaktionelle Textveredlung der Basistext neue Produkte', NULL, 4),
(20, '(demandCategory.getAnzahlGesamtProdukt())*(demandCategory.getKatalogart().getValuee())*(demandCategory.getCorrectionSchluessel().getValue())*(configurationItemFacade.findByName(''std_stz'').getDefaultValue()/10)', '(demandCategory.getKatalogart().getValuee())*(demandCategory.getCorrectionSchluessel().getValue())*(configurationItemFacade.findByName(''std_stz'').getDefaultValue()/10)', 'Redaktionelle Textveredlung der Basistext Gesamtanzahl Produkte', NULL, 4),
(21, '', '', 'redaktionelle Korrektur inkl. Einarbeitung LK', NULL, 5),
(22, '', '', 'Korrekturlesen mit Kunden', NULL, 5),
(23, '', '', 'Redaktionelle Korrekturlesen inkl. MK', NULL, 5),
(24, '', '', 'Redaktionelle Korrekturlesen Digiphase', NULL, 5),
(25, '', '', 'Großplott Prüfung', NULL, 6),
(26, 'demandCategory.getAnzahlKapitetel ()*2.5*configurationItemFacade.findByName(''std_stz'').getDefaultValue()', '2.5*configurationItemFacade.findByName(''std_stz'').getDefaultValue()', 'Preisprüfung aus Satz, KG-Nummer, etc', NULL, 6),
(27, 'demandCategory.getAnzahlGesamtProdukt ()*0.005*configurationItemFacade.findByName(''std_stz'').getDefaultValue()', '0.005*configurationItemFacade.findByName(''std_stz'').getDefaultValue()', 'Erstellung IVZ/Synonympflege', NULL, 7),
(28, '1.5*8*configurationItemFacade.findByName(''std_stz'').getDefaultValue()', 'configurationItemFacade.findByName(''std_stz'').getDefaultValue()', 'Pauschale ECC Publikationskonfigurator bei LL', NULL, 7),
(29, '8*configurationItemFacade.findByName(''std_stz'').getDefaultValue()', 'configurationItemFacade.findByName(''std_stz'').getDefaultValue()', 'Pauschale Fotoshootings Teilnahme Redakteur (1 Tag)', NULL, 7),
(30, 'demandCategory.getUmfang()*configurationItemFacade.findByName(''std_stz'').getDefaultValue()/19', 'configurationItemFacade.findByName(''std_stz'').getDefaultValue()/19', 'Korrektorat (P. Mensch extern)', NULL, 7),
(31, 'demandCategory.getAnzahlKapitetel()*configurationItemFacade.findByName(''std_stz'').getDefaultValue()/2.5', 'configurationItemFacade.findByName(''std_stz'').getDefaultValue()/2.5', 'Übersetzungsmanagement Marketingdaten', NULL, 8),
(32, '4*configurationItemFacade.findByName(''std_stz'').getDefaultValue()', 'configurationItemFacade.findByName(''std_stz'').getDefaultValue()/2.5', 'Pauschale Übersetzunsmanagement ', NULL, 8),
(33, '0.25*demandCategory.getAnzahlNeueProdukt()*configurationItemFacade.findByName(''std_stz'').getDefaultValue()/60', '0.25*configurationItemFacade.findByName(''std_stz'').getDefaultValue()/60', 'Datenbeschaffung pro Produkt Neuheit', NULL, 10),
(34, '(demandCategory.getAnzahlNeueArtikel()*(configurationItemFacade.findByName(''std_stz_dtp'').getDefaultValue()/200))', '(configurationItemFacade.findByName(''std_stz_dtp'').getDefaultValue()/200)', 'Datenbeschaffung pro Artikel Neuheit', NULL, 10),
(35, '(demandCategory.getAnzahlLieferantNeu()*(0.5*configurationItemFacade.findByName(''std_stz'').getDefaultValue()))', '(0.5*configurationItemFacade.findByName(''std_stz'').getDefaultValue())', 'Datenbeschaffung pro Lieferanten Neuheit ', NULL, 10),
(36, '(4*configurationItemFacade.findByName(''std_stz'').getDefaultValue())', '(4*configurationItemFacade.findByName(''std_stz'').getDefaultValue())', 'Pauschale Preisbeschaffung (1/2 Tag)', NULL, 11),
(37, '(demandCategory.getAnzahlLieferantNeu()*(0.5*configurationItemFacade.findByName(''std_stz'').getDefaultValue()))', '(0.5*configurationItemFacade.findByName(''std_stz'').getDefaultValue())', 'Preisbechaffung pro Lieferanten Neuheit ', NULL, 11),
(38, '(demandCategory.getAnzahlLieferantGesamt()*(configurationItemFacade.findByName(''std_stz'').getDefaultValue()/6.25))', '(configurationItemFacade.findByName(''std_stz'').getDefaultValue()/6.25)', 'Preisbeschaffung Lieferanten Gesamt (6,25 lf/std)', NULL, 11),
(39, '(4*configurationItemFacade.findByName(''std_stz'').getDefaultValue())', '(4*configurationItemFacade.findByName(''std_stz'').getDefaultValue())', 'Pauschale Preisprüfung (1/2 Tag)', NULL, 11),
(40, '(demandCategory.getAnzahlGesamtArtikel()*(demandCategory.getCorrectionSchluessel().getValue()*(configurationItemFacade.findByName(''std_stz'').getDefaultValue()/200)))', '(demandCategory.getCorrectionSchluessel().getValue()*(configurationItemFacade.findByName(''std_stz'').getDefaultValue()/200))', 'Stammdatenpflege (ASD, Modul)', NULL, 12),
(41, '(demandCategory.getAnzahlGesamtArtikel()*(configurationItemFacade.findByName(''std_stz'').getDefaultValue()/1000))', '(configurationItemFacade.findByName(''std_stz'').getDefaultValue()/1000)', 'Übersetzungsmanagement Stammdaten (1000 Art/std)', NULL, 14),
(42, '(demandCategory.getAnzahlBeteiligten()*(4.5*configurationItemFacade.findByName(''std_stz'').getDefaultValue()))', '(4.5*configurationItemFacade.findByName(''std_stz'').getDefaultValue())', 'Abstimmungsgespräche (Festsatz/Laufzeit in Monaten nach Personen (1xTPV + 1x0,5 Grl) ca 0,25h)', NULL, 27),
(43, 'demandCategory.getAnzahlBeteiligten()*demandCategory.getBearbeitungszeit()*configurationItemFacade.findByName(''std_stz'').getDefaultValue()', 'demandCategory.getBearbeitungszeit()*configurationItemFacade.findByName(''std_stz'').getDefaultValue()', 'Termin Überwachung: Festsatz/Laufzeit in Monaten / Stunde pro Monat (1h)  ', NULL, 27),
(44, 'demandCategory.getAnzahlBeteiligten()*demandCategory.getBearbeitungszeit()*configurationItemFacade.findByName(''std_stz'').getDefaultValue()/4', 'demandCategory.getBearbeitungszeit()*configurationItemFacade.findByName(''std_stz'').getDefaultValue()/4', 'Budget Überwachung: Festsatz/Laufzeit in Monaten / Stunde pro Monat (15min)  ', NULL, 27),
(45, '0.25*demandCategory.getBearbeitungszeit()*configurationItemFacade.findByName(''std_stz'').getDefaultValue()', '0.25*configurationItemFacade.findByName(''std_stz'').getDefaultValue()', 'Berichtswesen: Festsatz/Laufzeit in Monaten / Stunde pro Monat (0,25 h)  ', NULL, 27),
(46, '(6*configurationItemFacade.findByName(''std_stz'').getDefaultValue())', '(6*configurationItemFacade.findByName(''std_stz'').getDefaultValue())', 'Pauschale Projektplanung = 6 std', NULL, 27),
(47, '(1.5*configurationItemFacade.findByName(''std_stz'').getDefaultValue())', '(1.5*configurationItemFacade.findByName(''std_stz'').getDefaultValue())', 'Pauschale Projektvorbereitung = 1,5 std', NULL, 27),
(48, '', '', 'Pauschale Kalkulation inkl. Prüfschleife und Abstimmung GF', NULL, 28),
(49, '', '', 'Nachkalkulation zur Druckvergabe', NULL, 28),
(50, '', '', 'Bestellformular inkl. Baukastenanhang erstellen und prüfen', NULL, 28),
(51, '', '', 'Planung inkl. Prüfschleifen und Freigaben', NULL, 28),
(52, '', '', 'Projektvorbereitung (Statuslisten, Ordner, Checklisten...)', NULL, 28),
(53, '', '', 'Präsentationserstellung', NULL, 28),
(54, '', '', 'Händlerabwicklung', NULL, 28),
(55, '', '', 'Dokumentation', NULL, 28),
(58, '', '', 'Digitales Archiv', NULL, 28),
(59, '', '', 'Druckformschreibung', NULL, 28),
(60, '', '', 'Druckabnahme', NULL, 28),
(61, '', '', 'Verarbeitungsüberwachung', NULL, 28),
(62, '', '', 'Weiterberchnung (Vorbereitung und Durchführung)', NULL, 28),
(63, '(3*configurationItemFacade.findByName(''std_stz'').getDefaultValue())', '(3*configurationItemFacade.findByName(''std_stz'').getDefaultValue())', 'Endabrechnung (Pauschal)', NULL, 28),
(64, '', '', 'Erstellung und Auswertung von Befragungen (Pauschal)', NULL, 28);

-- --------------------------------------------------------

--
-- Structure de la table `farbigkeit`
--

CREATE TABLE `farbigkeit` (
  `ID` varchar(255) NOT NULL,
  `DESCRIPTION` varchar(255) DEFAULT NULL,
  `PRICE` decimal(10,2) DEFAULT NULL
) ENGINE=InnoDB DEFAULT CHARSET=latin1;

--
-- Contenu de la table `farbigkeit`
--

INSERT INTO `farbigkeit` (`ID`, `DESCRIPTION`, `PRICE`) VALUES
('1/1 -farbig', NULL, NULL),
('2/2 -farbig', NULL, NULL),
('3/3 -farbig', NULL, NULL),
('4/4 c', NULL, NULL);

-- --------------------------------------------------------

--
-- Structure de la table `formatauswaehlen`
--

CREATE TABLE `formatauswaehlen` (
  `ID` varchar(255) NOT NULL,
  `DESCRIPTION` varchar(255) DEFAULT NULL,
  `PRICE` decimal(10,2) DEFAULT NULL
) ENGINE=InnoDB DEFAULT CHARSET=latin1;

-- --------------------------------------------------------

--
-- Structure de la table `katalogart`
--

CREATE TABLE `katalogart` (
  `ID` bigint(20) NOT NULL,
  `NAME` varchar(255) DEFAULT NULL,
  `VALUEE` decimal(10,2) DEFAULT NULL
) ENGINE=InnoDB DEFAULT CHARSET=latin1;

--
-- Contenu de la table `katalogart`
--

INSERT INTO `katalogart` (`ID`, `NAME`, `VALUEE`) VALUES
(1, 'Lagerliste', '1.00'),
(2, 'E/D/E Katalog', '1.00'),
(3, 'Individueller Katalog', '1.00'),
(4, 'Fremdsprachen Katalog', '1.00'),
(51, 'Preisliste', '1.00');

-- --------------------------------------------------------

--
-- Structure de la table `konzeptbearbeitungfaktor`
--

CREATE TABLE `konzeptbearbeitungfaktor` (
  `ID` bigint(20) NOT NULL,
  `EXPRESSION` varchar(255) DEFAULT '0',
  `WERT` decimal(10,2) DEFAULT NULL
) ENGINE=InnoDB DEFAULT CHARSET=latin1;

--
-- Contenu de la table `konzeptbearbeitungfaktor`
--

INSERT INTO `konzeptbearbeitungfaktor` (`ID`, `EXPRESSION`, `WERT`) VALUES
(1, '1', '1.35'),
(2, '0', '1.00');

-- --------------------------------------------------------

--
-- Structure de la table `layout`
--

CREATE TABLE `layout` (
  `ID` bigint(20) NOT NULL,
  `NAME` varchar(255) DEFAULT NULL,
  `VALUEE` decimal(10,2) DEFAULT NULL
) ENGINE=InnoDB DEFAULT CHARSET=latin1;

--
-- Contenu de la table `layout`
--

INSERT INTO `layout` (`ID`, `NAME`, `VALUEE`) VALUES
(1, 'Einfach', '1.00'),
(2, 'Standard', '1.00'),
(3, 'Komplex', '1.00'),
(52, 'individuelles', '2.30');

-- --------------------------------------------------------

--
-- Structure de la table `layoutpricing`
--

CREATE TABLE `layoutpricing` (
  `ID` bigint(20) NOT NULL,
  `PRICE` decimal(10,2) DEFAULT NULL,
  `DEPARTEMENTCRITERIAITEM_ID` bigint(20) DEFAULT NULL,
  `LAYOUT_ID` bigint(20) DEFAULT NULL
) ENGINE=InnoDB DEFAULT CHARSET=latin1;

-- --------------------------------------------------------

--
-- Structure de la table `mitgliederkorrekturfaktor`
--

CREATE TABLE `mitgliederkorrekturfaktor` (
  `ID` bigint(20) NOT NULL,
  `EXPRESSION` varchar(255) DEFAULT '0',
  `WERT` decimal(10,2) DEFAULT NULL
) ENGINE=InnoDB DEFAULT CHARSET=latin1;

--
-- Contenu de la table `mitgliederkorrekturfaktor`
--

INSERT INTO `mitgliederkorrekturfaktor` (`ID`, `EXPRESSION`, `WERT`) VALUES
(2, '0', '1.00'),
(3, '0', '1.00');

-- --------------------------------------------------------

--
-- Structure de la table `papiermaterialauswaehlen`
--

CREATE TABLE `papiermaterialauswaehlen` (
  `ID` varchar(255) NOT NULL,
  `DESCRIPTION` varchar(255) DEFAULT NULL,
  `PRICE` decimal(10,2) DEFAULT NULL
) ENGINE=InnoDB DEFAULT CHARSET=latin1;

--
-- Contenu de la table `papiermaterialauswaehlen`
--

INSERT INTO `papiermaterialauswaehlen` (`ID`, `DESCRIPTION`, `PRICE`) VALUES
('65 g/qm', NULL, NULL),
('70 g/qm', NULL, NULL),
('80 g/qm', NULL, NULL),
('85 g/qm', NULL, NULL);

-- --------------------------------------------------------

--
-- Structure de la table `participantfaktor`
--

CREATE TABLE `participantfaktor` (
  `ID` bigint(20) NOT NULL,
  `PERCENT` int(11) DEFAULT NULL,
  `WERT` decimal(10,2) DEFAULT NULL
) ENGINE=InnoDB DEFAULT CHARSET=latin1;

--
-- Contenu de la table `participantfaktor`
--

INSERT INTO `participantfaktor` (`ID`, `PERCENT`, `WERT`) VALUES
(1, 20, '1.00'),
(2, 21, '1.00'),
(3, 36, '1.00');

-- --------------------------------------------------------

--
-- Structure de la table `product`
--

CREATE TABLE `product` (
  `ID` bigint(20) NOT NULL,
  `DESCRIPTION` varchar(255) DEFAULT NULL,
  `LABEL` varchar(255) DEFAULT NULL,
  `CATEGORY_ID` bigint(20) DEFAULT NULL
) ENGINE=InnoDB DEFAULT CHARSET=latin1;

--
-- Contenu de la table `product`
--

INSERT INTO `product` (`ID`, `DESCRIPTION`, `LABEL`, `CATEGORY_ID`) VALUES
(1, NULL, 'Premium EWZ', 1),
(2, NULL, 'Fortis WZ', 1),
(3, NULL, 'Industrietechnik', 1),
(4, NULL, 'Baugerät', 1),
(5, NULL, 'LL Gartentechnik', 1),
(6, NULL, 'Plus1 Nachdruck', 1),
(7, '', 'Haustechnik 2017', 1);

-- --------------------------------------------------------

--
-- Structure de la table `prozess`
--

CREATE TABLE `prozess` (
  `ID` bigint(20) NOT NULL,
  `NAME` varchar(255) DEFAULT NULL,
  `VALUEE` decimal(10,2) DEFAULT NULL
) ENGINE=InnoDB DEFAULT CHARSET=latin1;

--
-- Contenu de la table `prozess`
--

INSERT INTO `prozess` (`ID`, `NAME`, `VALUEE`) VALUES
(5, 'Proz.Neu / Tech.Alt', '1.00'),
(6, 'Prozess.Neu / Tech.Neu', '1.00');

-- --------------------------------------------------------

--
-- Structure de la table `register`
--

CREATE TABLE `register` (
  `ID` bigint(20) NOT NULL,
  `EXPRESSION` varchar(255) DEFAULT '0',
  `PRICE` decimal(10,2) DEFAULT NULL
) ENGINE=InnoDB DEFAULT CHARSET=latin1;

-- --------------------------------------------------------

--
-- Structure de la table `schluessel`
--

CREATE TABLE `schluessel` (
  `ID` bigint(20) NOT NULL,
  `DESCRIPTION` varchar(255) DEFAULT NULL,
  `LABEL` varchar(255) DEFAULT NULL,
  `WERT` decimal(10,2) DEFAULT NULL,
  `SCHLUESSELTYPE_ID` bigint(20) DEFAULT NULL
) ENGINE=InnoDB DEFAULT CHARSET=latin1;

--
-- Contenu de la table `schluessel`
--

INSERT INTO `schluessel` (`ID`, `DESCRIPTION`, `LABEL`, `WERT`, `SCHLUESSELTYPE_ID`) VALUES
(1, 'Hier soll BIld oder Beschreibung', 'Einfach', '1.00', 2),
(2, 'Hier soll BIld oder Beschreibung', 'Standard', '1.00', 2),
(3, 'Hier soll BIld oder Beschreibung', 'Komplex', '1.00', 2),
(4, 'Hier soll BIld oder Beschreibung', 'Erstausgabe', '1.00', 1),
(5, 'Hier soll BIld oder Beschreibung', 'Folgeausgabe', '0.00', 1),
(6, 'Hier soll BIld oder Beschreibung', 'Lagerliste', '1.00', 3),
(7, 'Hier soll BIld oder Beschreibung', 'E/D/E Katalog', '1.00', 3),
(8, 'Hier soll BIld oder Beschreibung', 'Individueller Katalog', '1.00', 3),
(9, 'Hier soll BIld oder Beschreibung', 'Fremdsprachen-Katalog', '1.00', 3),
(10, NULL, 'Proz.neu / Tech. Alt', '1.00', 4),
(11, NULL, 'Proz.neu / Tech.Neu', '1.00', 4),
(12, NULL, 'Datenmanagemnt', '56.00', 5),
(13, NULL, 'Contentmanagement', '56.00', 5),
(14, NULL, 'Assetmanagement', '56.00', 5),
(15, NULL, 'Allgemein', '56.00', 5),
(16, 'rettest', '', '1.00', 6);

-- --------------------------------------------------------

--
-- Structure de la table `schluesseltype`
--

CREATE TABLE `schluesseltype` (
  `ID` bigint(20) NOT NULL,
  `NAME` varchar(255) DEFAULT NULL
) ENGINE=InnoDB DEFAULT CHARSET=latin1;

--
-- Contenu de la table `schluesseltype`
--

INSERT INTO `schluesseltype` (`ID`, `NAME`) VALUES
(1, 'Ausgabe'),
(2, 'Layout'),
(3, 'Katalogart'),
(4, 'Prozess/Technik'),
(5, 'Kostenschlüssel'),
(6, 'taoufik_key');

-- --------------------------------------------------------

--
-- Structure de la table `seiten`
--

CREATE TABLE `seiten` (
  `ID` bigint(20) NOT NULL,
  `NBREPAGE` int(11) DEFAULT NULL
) ENGINE=InnoDB DEFAULT CHARSET=latin1;

--
-- Contenu de la table `seiten`
--

INSERT INTO `seiten` (`ID`, `NBREPAGE`) VALUES
(78, 1),
(79, 2),
(80, 4),
(81, 8),
(82, 16),
(83, 24),
(84, 32),
(85, 64),
(86, 80),
(87, 100),
(88, 148),
(89, 200),
(90, 244),
(91, 300),
(92, 324),
(93, 400),
(94, 452),
(95, 500),
(96, 548),
(97, 600),
(98, 644),
(99, 700),
(100, 752),
(101, 800),
(102, 852),
(103, 900),
(104, 964),
(105, 1000),
(106, 1056),
(107, 1104),
(108, 1152),
(109, 1200),
(110, 1264),
(111, 1312),
(112, 1360),
(113, 1408),
(114, 1472),
(115, 1504),
(116, 1568),
(117, 1600),
(118, 1680),
(119, 1760);

-- --------------------------------------------------------

--
-- Structure de la table `sequence`
--

CREATE TABLE `sequence` (
  `SEQ_NAME` varchar(50) NOT NULL,
  `SEQ_COUNT` decimal(38,0) DEFAULT NULL
) ENGINE=InnoDB DEFAULT CHARSET=latin1;

--
-- Contenu de la table `sequence`
--

INSERT INTO `sequence` (`SEQ_NAME`, `SEQ_COUNT`) VALUES
('SEQ_GEN', '0');

-- --------------------------------------------------------

--
-- Structure de la table `sortiment`
--

CREATE TABLE `sortiment` (
  `ID` bigint(20) NOT NULL,
  `ARTIKELPERPAGE` decimal(10,2) DEFAULT NULL,
  `LKSCHLUESSEL` decimal(10,2) DEFAULT NULL,
  `MKSCHLUESSEL` decimal(10,2) DEFAULT NULL,
  `NAME` varchar(255) DEFAULT NULL,
  `PRODUCTSCHLUESSEL` decimal(10,2) DEFAULT NULL
) ENGINE=InnoDB DEFAULT CHARSET=latin1;

--
-- Contenu de la table `sortiment`
--

INSERT INTO `sortiment` (`ID`, `ARTIKELPERPAGE`, `LKSCHLUESSEL`, `MKSCHLUESSEL`, `NAME`, `PRODUCTSCHLUESSEL`) VALUES
(1, '15.80', '1.10', '1.05', 'Arbeitsschutz', '4.70'),
(2, '16.10', '1.00', '1.00', 'Baubeschläge', '4.80'),
(3, '8.40', '1.00', '1.00', 'Baugeräte', '2.50'),
(4, '26.90', '1.00', '1.00', 'Befestigungstechnik', '8.00'),
(5, '12.10', '1.10', '1.05', 'Betriebseinrichtungen', '3.60'),
(6, '5.38', '1.15', '1.08', 'Elektrowerkzeuge', '1.60'),
(7, '5.70', '1.00', '1.00', 'Gartentechnik', '2.00'),
(8, '11.10', '1.00', '1.01', 'Handwerkzeuge', '3.30'),
(9, '6.10', '1.00', '1.00', 'Haustechnik/Innendeko/Elektroinstallation', '1.80'),
(10, '17.50', '1.00', '1.00', 'Industrietechnik', '5.20'),
(11, '9.10', '1.00', '1.00', 'Möbelbeschläge', '2.70'),
(12, '10.00', '1.05', '1.03', 'Präzisionswerkzeuge', '7.60'),
(13, '9.10', '1.08', '1.04', 'Schweißtechnik', '2.70'),
(14, '12.40', '1.00', '1.00', 'Verpackungen', '3.70'),
(15, '5.70', '1.05', '1.05', 'Werkstattmaterial', '1.70'),
(16, '11.10', '1.03', '1.01', 'Werkzeuge Holzbearbeitung', '3.30'),
(17, '11.10', '1.03', '1.01', 'Werkzeuge Metallbearbeitung', '3.30');

-- --------------------------------------------------------

--
-- Structure de la table `sotimentitem`
--

CREATE TABLE `sotimentitem` (
  `ID` bigint(20) NOT NULL,
  `WERT` decimal(10,2) DEFAULT NULL,
  `DEMANDCATEGORY_ID` bigint(20) DEFAULT NULL,
  `SORTIMENT_ID` bigint(20) DEFAULT NULL
) ENGINE=InnoDB DEFAULT CHARSET=latin1;

--
-- Contenu de la table `sotimentitem`
--

INSERT INTO `sotimentitem` (`ID`, `WERT`, `DEMANDCATEGORY_ID`, `SORTIMENT_ID`) VALUES
(47, '10.00', 24, 1),
(48, '90.00', 24, 3),
(49, '80.00', 26, 2),
(50, '20.00', 26, 1),
(51, '10.00', 27, 1),
(52, '90.00', 27, 2),
(53, '90.00', 28, 3),
(54, '10.00', 28, 1),
(55, '80.00', 29, 4),
(56, '20.00', 29, 1);

-- --------------------------------------------------------

--
-- Structure de la table `teilnehmerzahlpricing`
--

CREATE TABLE `teilnehmerzahlpricing` (
  `ID` bigint(20) NOT NULL,
  `PRICE` decimal(10,2) NOT NULL,
  `TEILNEHMERZAHLMIN` varchar(255) NOT NULL,
  `TEILNEHMERZAHLMINOPERATOR` varchar(255) NOT NULL,
  `TEILNEHMERZAHLMAX` varchar(255) NOT NULL,
  `TEILNEHMERZAHLMAXOPERATOR` varchar(255) NOT NULL
) ENGINE=InnoDB DEFAULT CHARSET=utf8;

-- --------------------------------------------------------

--
-- Structure de la table `umschlagfarbigkeit`
--

CREATE TABLE `umschlagfarbigkeit` (
  `ID` bigint(20) NOT NULL,
  `DESCRIPTION` varchar(255) DEFAULT NULL,
  `LABEL` varchar(255) DEFAULT NULL,
  `PRICE` decimal(10,2) DEFAULT NULL
) ENGINE=InnoDB DEFAULT CHARSET=latin1;

-- --------------------------------------------------------

--
-- Structure de la table `umschlagpapierauswaehlen`
--

CREATE TABLE `umschlagpapierauswaehlen` (
  `ID` varchar(255) NOT NULL,
  `DESCRIPTION` varchar(255) DEFAULT NULL,
  `PRICE` decimal(10,2) DEFAULT NULL
) ENGINE=InnoDB DEFAULT CHARSET=latin1;

-- --------------------------------------------------------

--
-- Structure de la table `user`
--

CREATE TABLE `user` (
  `LOGIN` varchar(255) NOT NULL,
  `ADMIN` int(11) DEFAULT NULL,
  `BLOCKED` int(11) DEFAULT NULL,
  `EMAIL` varchar(255) DEFAULT NULL,
  `MDPCHANGED` tinyint(1) DEFAULT '0',
  `NBRCNX` int(11) DEFAULT NULL,
  `NOM` varchar(255) DEFAULT NULL,
  `PASSWORD` varchar(255) DEFAULT NULL,
  `PRENOM` varchar(255) DEFAULT NULL,
  `TEL` varchar(255) DEFAULT NULL,
  `DEPARTEMENT_ID` bigint(20) DEFAULT NULL
) ENGINE=InnoDB DEFAULT CHARSET=latin1;

--
-- Contenu de la table `user`
--

INSERT INTO `user` (`LOGIN`, `ADMIN`, `BLOCKED`, `EMAIL`, `MDPCHANGED`, `NBRCNX`, `NOM`, `PASSWORD`, `PRENOM`, `TEL`, `DEPARTEMENT_ID`) VALUES
('', 0, 0, '', 0, 0, '', 'e3b0c44298fc1c149afbf4c8996fb92427ae41e4649b934ca495991b7852b855', '', '', 3),
('admin', 1, 0, 'admin@ede.de', 1, 0, 'Admin', '8c6976e5b5410415bde908bd4dee15dfb167a9c873fc4bb8a81f6f2ab448a918', 'Admin', '012345', NULL),
('ana', 0, 0, 'ana', 1, 0, 'ana', 'b6d4a89ccde3fb8fc69865ac105801287867cf735adf0b8bbca86ee9186f7b64', 'ana', '00000', 1),
('anas', 0, 0, 'user@gmail.com', 1, 0, 'anas', 'c157889e0fd5d7fc0d9a8d951fd64604ebeeb441de6519433dd8f931493dd5da', 'anas', '06', 1),
('assetmanagement', 0, 0, '', 1, 0, 'assetmanagement', '5994471abb01112afcc18159f6cc74b4f511b99806da59b3caf5a9c173cacfc5', '', '', 5),
('CM_user', 0, 0, 'CM_user@ede.de', 1, 0, 'CM_user', '5994471abb01112afcc18159f6cc74b4f511b99806da59b3caf5a9c173cacfc5', 'CM_user', '01234567', 1),
('contentmanagement_user', 0, 0, 'xy@ede.de', 1, 0, 'x', '5994471abb01112afcc18159f6cc74b4f511b99806da59b3caf5a9c173cacfc5', 'y', '012356', 1),
('datamanagement', 0, 0, '', 1, 0, 'user', '03ac674216f3e15c761ee1a5e255f067953623c8b388b4459e13f978d7c846f4', '', '', 2),
('dmd', 0, 0, '', 1, 0, 'dm', '03ac674216f3e15c761ee1a5e255f067953623c8b388b4459e13f978d7c846f4', '', '', 2),
('DTP_user', 0, 0, 'DTP_user@ede.de', 1, 0, 'DTP_user', '5994471abb01112afcc18159f6cc74b4f511b99806da59b3caf5a9c173cacfc5', '', '01234567', 3),
('kiki', 1, 0, 'kiki', 1, 2, 'kiki', '888da5db853449fff82b07cbdbf7c755ece0783aa670bb36cc5c4cc9a68fb864', 'kiki', 'kiki', NULL),
('mediIT', 0, 0, 'mediIT@ede.de', 1, 0, '', '5994471abb01112afcc18159f6cc74b4f511b99806da59b3caf5a9c173cacfc5', '', '', 6),
('walo', 1, 0, 'walo', 1, 0, 'walo', '41d119f6079d09b46a5c950a03b455c99ec6c9b6f1726401a52c85d0b17d4b54', 'walo', '00000', NULL),
('younes', 1, 0, 'younes@gmail.com', 1, 0, 'zouani', 'a665a45920422f9d417e4867efdc4fb8a04a1f3fff1fa07e998e86f7f7a27ae3', 'younes', '06', 1);

-- --------------------------------------------------------

--
-- Structure de la table `veredlung`
--

CREATE TABLE `veredlung` (
  `ID` varchar(255) NOT NULL,
  `DESCRIPTION` varchar(255) DEFAULT NULL,
  `PRICE` decimal(10,2) DEFAULT NULL
) ENGINE=InnoDB DEFAULT CHARSET=latin1;

-- --------------------------------------------------------

--
-- Structure de la table `wechselfassungvariantfaktor`
--

CREATE TABLE `wechselfassungvariantfaktor` (
  `ID` bigint(20) NOT NULL,
  `EXPRESSION` varchar(255) DEFAULT '0',
  `WERT` decimal(10,2) DEFAULT NULL
) ENGINE=InnoDB DEFAULT CHARSET=latin1;

--
-- Contenu de la table `wechselfassungvariantfaktor`
--

INSERT INTO `wechselfassungvariantfaktor` (`ID`, `EXPRESSION`, `WERT`) VALUES
(1, '1', '1.20'),
(2, '0', '1.00');

--
-- Index pour les tables exportées
--

--
-- Index pour la table `artderweiterverarbeitung`
--
ALTER TABLE `artderweiterverarbeitung`
  ADD PRIMARY KEY (`ID`);

--
-- Index pour la table `auflage`
--
ALTER TABLE `auflage`
  ADD PRIMARY KEY (`ID`);

--
-- Index pour la table `auflageseitencovermatrix`
--
ALTER TABLE `auflageseitencovermatrix`
  ADD PRIMARY KEY (`ID`),
  ADD KEY `FK_AUFLAGESEITENCOVERMATRIX_SEITEN_ID` (`SEITEN_ID`),
  ADD KEY `FK_AUFLAGESEITENCOVERMATRIX_FORMATAUSWAEHLEN_ID` (`FORMATAUSWAEHLEN_ID`),
  ADD KEY `FK_AUFLAGESEITENCOVERMATRIX_AUFLAGE_ID` (`AUFLAGE_ID`),
  ADD KEY `FK_AUFLAGESEITENCOVERMATRIX_FARBIGKEIT_ID` (`FARBIGKEIT_ID`);

--
-- Index pour la table `ausgabe`
--
ALTER TABLE `ausgabe`
  ADD PRIMARY KEY (`ID`);

--
-- Index pour la table `bindung`
--
ALTER TABLE `bindung`
  ADD PRIMARY KEY (`ID`);

--
-- Index pour la table `category`
--
ALTER TABLE `category`
  ADD PRIMARY KEY (`ID`);

--
-- Index pour la table `configuration`
--
ALTER TABLE `configuration`
  ADD PRIMARY KEY (`ID`);

--
-- Index pour la table `configurationitem`
--
ALTER TABLE `configurationitem`
  ADD PRIMARY KEY (`ID`),
  ADD KEY `FK_CONFIGURATIONITEM_CONFIGURATION_ID` (`CONFIGURATION_ID`);

--
-- Index pour la table `correctionschluessel`
--
ALTER TABLE `correctionschluessel`
  ADD PRIMARY KEY (`ID`);

--
-- Index pour la table `cover`
--
ALTER TABLE `cover`
  ADD PRIMARY KEY (`ID`);

--
-- Index pour la table `demandcategory`
--
ALTER TABLE `demandcategory`
  ADD PRIMARY KEY (`ID`),
  ADD KEY `FK_DEMANDCATEGORY_PROZESS_ID` (`PROZESS_ID`),
  ADD KEY `FK_DEMANDCATEGORY_REGISTER_ID` (`REGISTER_ID`),
  ADD KEY `FK_DEMANDCATEGORY_CORRECTIONSCHLUESSEL_ID` (`CORRECTIONSCHLUESSEL_ID`),
  ADD KEY `FK_DEMANDCATEGORY_PRODUCT_ID` (`PRODUCT_ID`),
  ADD KEY `FK_DEMANDCATEGORY_CATEGORY_ID` (`CATEGORY_ID`),
  ADD KEY `FK_DEMANDCATEGORY_DEPARTMENT_ID` (`DEPARTMENT_ID`),
  ADD KEY `FK_DEMANDCATEGORY_KONZEPTBEARBEITUNGFAKTOR_ID` (`KONZEPTBEARBEITUNGFAKTOR_ID`),
  ADD KEY `FK_DEMANDCATEGORY_VEREDLUNG_ID` (`VEREDLUNG_ID`),
  ADD KEY `FK_DEMANDCATEGORY_COVER_ID` (`COVER_ID`),
  ADD KEY `FK_DEMANDCATEGORY_PARTICIPANTFAKTOR_ID` (`PARTICIPANTFAKTOR_ID`),
  ADD KEY `FK_DEMANDCATEGORY_LAYOUT_ID` (`LAYOUT_ID`),
  ADD KEY `FK_DEMANDCATEGORY_DRUCKSEITEN_ID` (`DRUCKSEITEN_ID`),
  ADD KEY `FK_DEMANDCATEGORY_MITGLIEDERKORREKTURFAKTOR_ID` (`MITGLIEDERKORREKTURFAKTOR_ID`),
  ADD KEY `FK_DEMANDCATEGORY_USER_LOGIN` (`USER_LOGIN`),
  ADD KEY `FK_DEMANDCATEGORY_KATALOGART_ID` (`KATALOGART_ID`),
  ADD KEY `FK_DEMANDCATEGORY_FORMATAUSWAEHLEN_ID` (`FORMATAUSWAEHLEN_ID`),
  ADD KEY `FK_DEMANDCATEGORY_SCHLUESSEL_ID` (`SCHLUESSEL_ID`),
  ADD KEY `FK_DEMANDCATEGORY_ARTDERWEITERVERARBEITUNG_ID` (`ARTDERWEITERVERARBEITUNG_ID`),
  ADD KEY `FK_DEMANDCATEGORY_AUFLAGE_ID` (`AUFLAGE_ID`),
  ADD KEY `FK_DEMANDCATEGORY_UMSCHLAGPAPIERAUSWAEHLEN_ID` (`UMSCHLAGPAPIERAUSWAEHLEN_ID`),
  ADD KEY `FK_DEMANDCATEGORY_BINDUNG_ID` (`BINDUNG_ID`),
  ADD KEY `FK_DEMANDCATEGORY_PAPIERMATERIALAUSWAEHLEN_ID` (`PAPIERMATERIALAUSWAEHLEN_ID`),
  ADD KEY `FK_DEMANDCATEGORY_UMSCHLAGFARBIGKEIT_ID` (`UMSCHLAGFARBIGKEIT_ID`),
  ADD KEY `FK_DEMANDCATEGORY_WECHSELFASSUNGVARIANTFAKTOR_ID` (`WECHSELFASSUNGVARIANTFAKTOR_ID`),
  ADD KEY `FK_DEMANDCATEGORY_AUSGABE_ID` (`AUSGABE_ID`),
  ADD KEY `FK_DEMANDCATEGORY_FARBIGKEIT_ID` (`FARBIGKEIT_ID`);

--
-- Index pour la table `demandcategorycalculation`
--
ALTER TABLE `demandcategorycalculation`
  ADD PRIMARY KEY (`ID`),
  ADD KEY `DMNDCTGRYCLCULATIONDMNDCTGRYDPRTEMENTCALCULATIONID` (`DEMANDCATEGORYDEPARTEMENTCALCULATION_ID`),
  ADD KEY `DEMANDCATEGORYCALCULATION_DEPARTEMENTCRITERIA_ID` (`DEPARTEMENTCRITERIA_ID`);

--
-- Index pour la table `demandcategorycalculationitem`
--
ALTER TABLE `demandcategorycalculationitem`
  ADD PRIMARY KEY (`ID`),
  ADD KEY `DMNDCATEGORYCALCULATIONITEMDPRTEMENTCRITERIAITEMID` (`DEPARTEMENTCRITERIAITEM_ID`),
  ADD KEY `DMNDCTEGORYCALCULATIONITEMDMNDCTEGORYCALCULATIONID` (`DEMANDCATEGORYCALCULATION_ID`);

--
-- Index pour la table `demandcategorydepartementcalculation`
--
ALTER TABLE `demandcategorydepartementcalculation`
  ADD PRIMARY KEY (`ID`),
  ADD KEY `DMANDCATEGORYDEPARTEMENTCALCULATIONDMANDCATEGORYID` (`DEMANDCATEGORY_ID`),
  ADD KEY `DEMANDCATEGORYDEPARTEMENTCALCULATIONDEPARTEMENT_ID` (`DEPARTEMENT_ID`);

--
-- Index pour la table `demandcategoryvalidation`
--
ALTER TABLE `demandcategoryvalidation`
  ADD PRIMARY KEY (`ID`),
  ADD KEY `FK_DEMANDCATEGORYVALIDATION_DEPARTEMENT_ID` (`DEPARTEMENT_ID`),
  ADD KEY `FK_DEMANDCATEGORYVALIDATION_USER_LOGIN` (`USER_LOGIN`),
  ADD KEY `FK_DEMANDCATEGORYVALIDATION_DEMANDCATEGORY_ID` (`DEMANDCATEGORY_ID`);

--
-- Index pour la table `departement`
--
ALTER TABLE `departement`
  ADD PRIMARY KEY (`ID`);

--
-- Index pour la table `departementcriteria`
--
ALTER TABLE `departementcriteria`
  ADD PRIMARY KEY (`ID`),
  ADD KEY `FK_DEPARTEMENTCRITERIA_DEPARTEMENT_ID` (`DEPARTEMENT_ID`);

--
-- Index pour la table `departementcriteriaitem`
--
ALTER TABLE `departementcriteriaitem`
  ADD PRIMARY KEY (`ID`),
  ADD KEY `FK_DEPARTEMENTCRITERIAITEM_DEPARTEMENTCRITERIA_ID` (`DEPARTEMENTCRITERIA_ID`);

--
-- Index pour la table `farbigkeit`
--
ALTER TABLE `farbigkeit`
  ADD PRIMARY KEY (`ID`);

--
-- Index pour la table `formatauswaehlen`
--
ALTER TABLE `formatauswaehlen`
  ADD PRIMARY KEY (`ID`);

--
-- Index pour la table `katalogart`
--
ALTER TABLE `katalogart`
  ADD PRIMARY KEY (`ID`);

--
-- Index pour la table `konzeptbearbeitungfaktor`
--
ALTER TABLE `konzeptbearbeitungfaktor`
  ADD PRIMARY KEY (`ID`);

--
-- Index pour la table `layout`
--
ALTER TABLE `layout`
  ADD PRIMARY KEY (`ID`);

--
-- Index pour la table `layoutpricing`
--
ALTER TABLE `layoutpricing`
  ADD PRIMARY KEY (`ID`),
  ADD KEY `FK_LAYOUTPRICING_DEPARTEMENTCRITERIAITEM_ID` (`DEPARTEMENTCRITERIAITEM_ID`),
  ADD KEY `FK_LAYOUTPRICING_LAYOUT_ID` (`LAYOUT_ID`);

--
-- Index pour la table `mitgliederkorrekturfaktor`
--
ALTER TABLE `mitgliederkorrekturfaktor`
  ADD PRIMARY KEY (`ID`);

--
-- Index pour la table `papiermaterialauswaehlen`
--
ALTER TABLE `papiermaterialauswaehlen`
  ADD PRIMARY KEY (`ID`);

--
-- Index pour la table `participantfaktor`
--
ALTER TABLE `participantfaktor`
  ADD PRIMARY KEY (`ID`);

--
-- Index pour la table `product`
--
ALTER TABLE `product`
  ADD PRIMARY KEY (`ID`),
  ADD KEY `FK_PRODUCT_CATEGORY_ID` (`CATEGORY_ID`);

--
-- Index pour la table `prozess`
--
ALTER TABLE `prozess`
  ADD PRIMARY KEY (`ID`);

--
-- Index pour la table `register`
--
ALTER TABLE `register`
  ADD PRIMARY KEY (`ID`);

--
-- Index pour la table `schluessel`
--
ALTER TABLE `schluessel`
  ADD PRIMARY KEY (`ID`),
  ADD KEY `FK_SCHLUESSEL_SCHLUESSELTYPE_ID` (`SCHLUESSELTYPE_ID`);

--
-- Index pour la table `schluesseltype`
--
ALTER TABLE `schluesseltype`
  ADD PRIMARY KEY (`ID`);

--
-- Index pour la table `seiten`
--
ALTER TABLE `seiten`
  ADD PRIMARY KEY (`ID`);

--
-- Index pour la table `sequence`
--
ALTER TABLE `sequence`
  ADD PRIMARY KEY (`SEQ_NAME`);

--
-- Index pour la table `sortiment`
--
ALTER TABLE `sortiment`
  ADD PRIMARY KEY (`ID`);

--
-- Index pour la table `sotimentitem`
--
ALTER TABLE `sotimentitem`
  ADD PRIMARY KEY (`ID`),
  ADD KEY `FK_SOTIMENTITEM_SORTIMENT_ID` (`SORTIMENT_ID`),
  ADD KEY `FK_SOTIMENTITEM_DEMANDCATEGORY_ID` (`DEMANDCATEGORY_ID`);

--
-- Index pour la table `teilnehmerzahlpricing`
--
ALTER TABLE `teilnehmerzahlpricing`
  ADD PRIMARY KEY (`ID`);

--
-- Index pour la table `umschlagfarbigkeit`
--
ALTER TABLE `umschlagfarbigkeit`
  ADD PRIMARY KEY (`ID`);

--
-- Index pour la table `umschlagpapierauswaehlen`
--
ALTER TABLE `umschlagpapierauswaehlen`
  ADD PRIMARY KEY (`ID`);

--
-- Index pour la table `user`
--
ALTER TABLE `user`
  ADD PRIMARY KEY (`LOGIN`),
  ADD KEY `FK_USER_DEPARTEMENT_ID` (`DEPARTEMENT_ID`);

--
-- Index pour la table `veredlung`
--
ALTER TABLE `veredlung`
  ADD PRIMARY KEY (`ID`);

--
-- Index pour la table `wechselfassungvariantfaktor`
--
ALTER TABLE `wechselfassungvariantfaktor`
  ADD PRIMARY KEY (`ID`);

--
-- AUTO_INCREMENT pour les tables exportées
--

--
-- AUTO_INCREMENT pour la table `artderweiterverarbeitung`
--
ALTER TABLE `artderweiterverarbeitung`
  MODIFY `ID` bigint(20) NOT NULL AUTO_INCREMENT;
--
-- AUTO_INCREMENT pour la table `auflage`
--
ALTER TABLE `auflage`
  MODIFY `ID` int(11) NOT NULL AUTO_INCREMENT;
--
-- AUTO_INCREMENT pour la table `auflageseitencovermatrix`
--
ALTER TABLE `auflageseitencovermatrix`
  MODIFY `ID` bigint(20) NOT NULL AUTO_INCREMENT;
--
-- AUTO_INCREMENT pour la table `category`
--
ALTER TABLE `category`
  MODIFY `ID` bigint(20) NOT NULL AUTO_INCREMENT, AUTO_INCREMENT=5;
--
-- AUTO_INCREMENT pour la table `configuration`
--
ALTER TABLE `configuration`
  MODIFY `ID` bigint(20) NOT NULL AUTO_INCREMENT, AUTO_INCREMENT=2;
--
-- AUTO_INCREMENT pour la table `configurationitem`
--
ALTER TABLE `configurationitem`
  MODIFY `ID` bigint(20) NOT NULL AUTO_INCREMENT, AUTO_INCREMENT=3;
--
-- AUTO_INCREMENT pour la table `correctionschluessel`
--
ALTER TABLE `correctionschluessel`
  MODIFY `ID` bigint(20) NOT NULL AUTO_INCREMENT, AUTO_INCREMENT=103;
--
-- AUTO_INCREMENT pour la table `demandcategory`
--
ALTER TABLE `demandcategory`
  MODIFY `ID` bigint(20) NOT NULL AUTO_INCREMENT, AUTO_INCREMENT=30;
--
-- AUTO_INCREMENT pour la table `demandcategorycalculation`
--
ALTER TABLE `demandcategorycalculation`
  MODIFY `ID` bigint(20) NOT NULL AUTO_INCREMENT, AUTO_INCREMENT=533;
--
-- AUTO_INCREMENT pour la table `demandcategorycalculationitem`
--
ALTER TABLE `demandcategorycalculationitem`
  MODIFY `ID` bigint(20) NOT NULL AUTO_INCREMENT, AUTO_INCREMENT=1167;
--
-- AUTO_INCREMENT pour la table `demandcategorydepartementcalculation`
--
ALTER TABLE `demandcategorydepartementcalculation`
  MODIFY `ID` bigint(20) NOT NULL AUTO_INCREMENT, AUTO_INCREMENT=140;
--
-- AUTO_INCREMENT pour la table `demandcategoryvalidation`
--
ALTER TABLE `demandcategoryvalidation`
  MODIFY `ID` int(11) NOT NULL AUTO_INCREMENT;
--
-- AUTO_INCREMENT pour la table `departement`
--
ALTER TABLE `departement`
  MODIFY `ID` bigint(20) NOT NULL AUTO_INCREMENT, AUTO_INCREMENT=9;
--
-- AUTO_INCREMENT pour la table `departementcriteria`
--
ALTER TABLE `departementcriteria`
  MODIFY `ID` bigint(20) NOT NULL AUTO_INCREMENT, AUTO_INCREMENT=29;
--
-- AUTO_INCREMENT pour la table `departementcriteriaitem`
--
ALTER TABLE `departementcriteriaitem`
  MODIFY `ID` bigint(20) NOT NULL AUTO_INCREMENT, AUTO_INCREMENT=65;
--
-- AUTO_INCREMENT pour la table `konzeptbearbeitungfaktor`
--
ALTER TABLE `konzeptbearbeitungfaktor`
  MODIFY `ID` bigint(20) NOT NULL AUTO_INCREMENT, AUTO_INCREMENT=3;
--
-- AUTO_INCREMENT pour la table `mitgliederkorrekturfaktor`
--
ALTER TABLE `mitgliederkorrekturfaktor`
  MODIFY `ID` bigint(20) NOT NULL AUTO_INCREMENT, AUTO_INCREMENT=4;
--
-- AUTO_INCREMENT pour la table `participantfaktor`
--
ALTER TABLE `participantfaktor`
  MODIFY `ID` bigint(20) NOT NULL AUTO_INCREMENT, AUTO_INCREMENT=4;
--
-- AUTO_INCREMENT pour la table `product`
--
ALTER TABLE `product`
  MODIFY `ID` bigint(20) NOT NULL AUTO_INCREMENT, AUTO_INCREMENT=8;
--
-- AUTO_INCREMENT pour la table `schluessel`
--
ALTER TABLE `schluessel`
  MODIFY `ID` bigint(20) NOT NULL AUTO_INCREMENT, AUTO_INCREMENT=17;
--
-- AUTO_INCREMENT pour la table `schluesseltype`
--
ALTER TABLE `schluesseltype`
  MODIFY `ID` bigint(20) NOT NULL AUTO_INCREMENT, AUTO_INCREMENT=7;
--
-- AUTO_INCREMENT pour la table `seiten`
--
ALTER TABLE `seiten`
  MODIFY `ID` bigint(20) NOT NULL AUTO_INCREMENT, AUTO_INCREMENT=120;
--
-- AUTO_INCREMENT pour la table `sortiment`
--
ALTER TABLE `sortiment`
  MODIFY `ID` bigint(20) NOT NULL AUTO_INCREMENT, AUTO_INCREMENT=18;
--
-- AUTO_INCREMENT pour la table `sotimentitem`
--
ALTER TABLE `sotimentitem`
  MODIFY `ID` bigint(20) NOT NULL AUTO_INCREMENT, AUTO_INCREMENT=57;
--
-- AUTO_INCREMENT pour la table `teilnehmerzahlpricing`
--
ALTER TABLE `teilnehmerzahlpricing`
  MODIFY `ID` bigint(20) NOT NULL AUTO_INCREMENT;
--
-- AUTO_INCREMENT pour la table `umschlagfarbigkeit`
--
ALTER TABLE `umschlagfarbigkeit`
  MODIFY `ID` bigint(20) NOT NULL AUTO_INCREMENT;
--
-- AUTO_INCREMENT pour la table `wechselfassungvariantfaktor`
--
ALTER TABLE `wechselfassungvariantfaktor`
  MODIFY `ID` bigint(20) NOT NULL AUTO_INCREMENT, AUTO_INCREMENT=3;
--
-- Contraintes pour les tables exportées
--

--
-- Contraintes pour la table `auflageseitencovermatrix`
--
ALTER TABLE `auflageseitencovermatrix`
  ADD CONSTRAINT `FK_AUFLAGESEITENCOVERMATRIX_AUFLAGE_ID` FOREIGN KEY (`AUFLAGE_ID`) REFERENCES `auflage` (`ID`),
  ADD CONSTRAINT `FK_AUFLAGESEITENCOVERMATRIX_FARBIGKEIT_ID` FOREIGN KEY (`FARBIGKEIT_ID`) REFERENCES `farbigkeit` (`ID`),
  ADD CONSTRAINT `FK_AUFLAGESEITENCOVERMATRIX_FORMATAUSWAEHLEN_ID` FOREIGN KEY (`FORMATAUSWAEHLEN_ID`) REFERENCES `formatauswaehlen` (`ID`),
  ADD CONSTRAINT `FK_AUFLAGESEITENCOVERMATRIX_SEITEN_ID` FOREIGN KEY (`SEITEN_ID`) REFERENCES `seiten` (`ID`);

--
-- Contraintes pour la table `configurationitem`
--
ALTER TABLE `configurationitem`
  ADD CONSTRAINT `FK_CONFIGURATIONITEM_CONFIGURATION_ID` FOREIGN KEY (`CONFIGURATION_ID`) REFERENCES `configuration` (`ID`);

--
-- Contraintes pour la table `demandcategory`
--
ALTER TABLE `demandcategory`
  ADD CONSTRAINT `FK_DEMANDCATEGORY_ARTDERWEITERVERARBEITUNG_ID` FOREIGN KEY (`ARTDERWEITERVERARBEITUNG_ID`) REFERENCES `artderweiterverarbeitung` (`ID`),
  ADD CONSTRAINT `FK_DEMANDCATEGORY_AUFLAGE_ID` FOREIGN KEY (`AUFLAGE_ID`) REFERENCES `auflage` (`ID`),
  ADD CONSTRAINT `FK_DEMANDCATEGORY_AUSGABE_ID` FOREIGN KEY (`AUSGABE_ID`) REFERENCES `ausgabe` (`ID`),
  ADD CONSTRAINT `FK_DEMANDCATEGORY_BINDUNG_ID` FOREIGN KEY (`BINDUNG_ID`) REFERENCES `bindung` (`ID`),
  ADD CONSTRAINT `FK_DEMANDCATEGORY_CATEGORY_ID` FOREIGN KEY (`CATEGORY_ID`) REFERENCES `category` (`ID`),
  ADD CONSTRAINT `FK_DEMANDCATEGORY_CORRECTIONSCHLUESSEL_ID` FOREIGN KEY (`CORRECTIONSCHLUESSEL_ID`) REFERENCES `correctionschluessel` (`ID`),
  ADD CONSTRAINT `FK_DEMANDCATEGORY_COVER_ID` FOREIGN KEY (`COVER_ID`) REFERENCES `cover` (`ID`),
  ADD CONSTRAINT `FK_DEMANDCATEGORY_DEPARTMENT_ID` FOREIGN KEY (`DEPARTMENT_ID`) REFERENCES `departement` (`ID`),
  ADD CONSTRAINT `FK_DEMANDCATEGORY_DRUCKSEITEN_ID` FOREIGN KEY (`DRUCKSEITEN_ID`) REFERENCES `seiten` (`ID`),
  ADD CONSTRAINT `FK_DEMANDCATEGORY_FARBIGKEIT_ID` FOREIGN KEY (`FARBIGKEIT_ID`) REFERENCES `farbigkeit` (`ID`),
  ADD CONSTRAINT `FK_DEMANDCATEGORY_FORMATAUSWAEHLEN_ID` FOREIGN KEY (`FORMATAUSWAEHLEN_ID`) REFERENCES `formatauswaehlen` (`ID`),
  ADD CONSTRAINT `FK_DEMANDCATEGORY_KATALOGART_ID` FOREIGN KEY (`KATALOGART_ID`) REFERENCES `katalogart` (`ID`),
  ADD CONSTRAINT `FK_DEMANDCATEGORY_KONZEPTBEARBEITUNGFAKTOR_ID` FOREIGN KEY (`KONZEPTBEARBEITUNGFAKTOR_ID`) REFERENCES `konzeptbearbeitungfaktor` (`ID`),
  ADD CONSTRAINT `FK_DEMANDCATEGORY_LAYOUT_ID` FOREIGN KEY (`LAYOUT_ID`) REFERENCES `layout` (`ID`),
  ADD CONSTRAINT `FK_DEMANDCATEGORY_MITGLIEDERKORREKTURFAKTOR_ID` FOREIGN KEY (`MITGLIEDERKORREKTURFAKTOR_ID`) REFERENCES `mitgliederkorrekturfaktor` (`ID`),
  ADD CONSTRAINT `FK_DEMANDCATEGORY_PAPIERMATERIALAUSWAEHLEN_ID` FOREIGN KEY (`PAPIERMATERIALAUSWAEHLEN_ID`) REFERENCES `papiermaterialauswaehlen` (`ID`),
  ADD CONSTRAINT `FK_DEMANDCATEGORY_PARTICIPANTFAKTOR_ID` FOREIGN KEY (`PARTICIPANTFAKTOR_ID`) REFERENCES `participantfaktor` (`ID`),
  ADD CONSTRAINT `FK_DEMANDCATEGORY_PRODUCT_ID` FOREIGN KEY (`PRODUCT_ID`) REFERENCES `product` (`ID`),
  ADD CONSTRAINT `FK_DEMANDCATEGORY_PROZESS_ID` FOREIGN KEY (`PROZESS_ID`) REFERENCES `prozess` (`ID`),
  ADD CONSTRAINT `FK_DEMANDCATEGORY_REGISTER_ID` FOREIGN KEY (`REGISTER_ID`) REFERENCES `register` (`ID`),
  ADD CONSTRAINT `FK_DEMANDCATEGORY_SCHLUESSEL_ID` FOREIGN KEY (`SCHLUESSEL_ID`) REFERENCES `schluessel` (`ID`),
  ADD CONSTRAINT `FK_DEMANDCATEGORY_UMSCHLAGFARBIGKEIT_ID` FOREIGN KEY (`UMSCHLAGFARBIGKEIT_ID`) REFERENCES `umschlagfarbigkeit` (`ID`),
  ADD CONSTRAINT `FK_DEMANDCATEGORY_UMSCHLAGPAPIERAUSWAEHLEN_ID` FOREIGN KEY (`UMSCHLAGPAPIERAUSWAEHLEN_ID`) REFERENCES `umschlagpapierauswaehlen` (`ID`),
  ADD CONSTRAINT `FK_DEMANDCATEGORY_USER_LOGIN` FOREIGN KEY (`USER_LOGIN`) REFERENCES `user` (`LOGIN`),
  ADD CONSTRAINT `FK_DEMANDCATEGORY_VEREDLUNG_ID` FOREIGN KEY (`VEREDLUNG_ID`) REFERENCES `veredlung` (`ID`),
  ADD CONSTRAINT `FK_DEMANDCATEGORY_WECHSELFASSUNGVARIANTFAKTOR_ID` FOREIGN KEY (`WECHSELFASSUNGVARIANTFAKTOR_ID`) REFERENCES `wechselfassungvariantfaktor` (`ID`);

--
-- Contraintes pour la table `demandcategorycalculation`
--
ALTER TABLE `demandcategorycalculation`
  ADD CONSTRAINT `DEMANDCATEGORYCALCULATION_DEPARTEMENTCRITERIA_ID` FOREIGN KEY (`DEPARTEMENTCRITERIA_ID`) REFERENCES `departementcriteria` (`ID`),
  ADD CONSTRAINT `DMNDCTGRYCLCULATIONDMNDCTGRYDPRTEMENTCALCULATIONID` FOREIGN KEY (`DEMANDCATEGORYDEPARTEMENTCALCULATION_ID`) REFERENCES `demandcategorydepartementcalculation` (`ID`);

--
-- Contraintes pour la table `demandcategorycalculationitem`
--
ALTER TABLE `demandcategorycalculationitem`
  ADD CONSTRAINT `DMNDCATEGORYCALCULATIONITEMDPRTEMENTCRITERIAITEMID` FOREIGN KEY (`DEPARTEMENTCRITERIAITEM_ID`) REFERENCES `departementcriteriaitem` (`ID`),
  ADD CONSTRAINT `DMNDCTEGORYCALCULATIONITEMDMNDCTEGORYCALCULATIONID` FOREIGN KEY (`DEMANDCATEGORYCALCULATION_ID`) REFERENCES `demandcategorycalculation` (`ID`);

--
-- Contraintes pour la table `demandcategorydepartementcalculation`
--
ALTER TABLE `demandcategorydepartementcalculation`
  ADD CONSTRAINT `DEMANDCATEGORYDEPARTEMENTCALCULATIONDEPARTEMENT_ID` FOREIGN KEY (`DEPARTEMENT_ID`) REFERENCES `departement` (`ID`),
  ADD CONSTRAINT `DMANDCATEGORYDEPARTEMENTCALCULATIONDMANDCATEGORYID` FOREIGN KEY (`DEMANDCATEGORY_ID`) REFERENCES `demandcategory` (`ID`);

--
-- Contraintes pour la table `demandcategoryvalidation`
--
ALTER TABLE `demandcategoryvalidation`
  ADD CONSTRAINT `FK_DEMANDCATEGORYVALIDATION_DEMANDCATEGORY_ID` FOREIGN KEY (`DEMANDCATEGORY_ID`) REFERENCES `demandcategory` (`ID`),
  ADD CONSTRAINT `FK_DEMANDCATEGORYVALIDATION_DEPARTEMENT_ID` FOREIGN KEY (`DEPARTEMENT_ID`) REFERENCES `departement` (`ID`),
  ADD CONSTRAINT `FK_DEMANDCATEGORYVALIDATION_USER_LOGIN` FOREIGN KEY (`USER_LOGIN`) REFERENCES `user` (`LOGIN`);

--
-- Contraintes pour la table `departementcriteria`
--
ALTER TABLE `departementcriteria`
  ADD CONSTRAINT `FK_DEPARTEMENTCRITERIA_DEPARTEMENT_ID` FOREIGN KEY (`DEPARTEMENT_ID`) REFERENCES `departement` (`ID`);

--
-- Contraintes pour la table `departementcriteriaitem`
--
ALTER TABLE `departementcriteriaitem`
  ADD CONSTRAINT `FK_DEPARTEMENTCRITERIAITEM_DEPARTEMENTCRITERIA_ID` FOREIGN KEY (`DEPARTEMENTCRITERIA_ID`) REFERENCES `departementcriteria` (`ID`);

--
-- Contraintes pour la table `layoutpricing`
--
ALTER TABLE `layoutpricing`
  ADD CONSTRAINT `FK_LAYOUTPRICING_DEPARTEMENTCRITERIAITEM_ID` FOREIGN KEY (`DEPARTEMENTCRITERIAITEM_ID`) REFERENCES `departementcriteriaitem` (`ID`),
  ADD CONSTRAINT `FK_LAYOUTPRICING_LAYOUT_ID` FOREIGN KEY (`LAYOUT_ID`) REFERENCES `layout` (`ID`);

--
-- Contraintes pour la table `product`
--
ALTER TABLE `product`
  ADD CONSTRAINT `FK_PRODUCT_CATEGORY_ID` FOREIGN KEY (`CATEGORY_ID`) REFERENCES `category` (`ID`);

--
-- Contraintes pour la table `schluessel`
--
ALTER TABLE `schluessel`
  ADD CONSTRAINT `FK_SCHLUESSEL_SCHLUESSELTYPE_ID` FOREIGN KEY (`SCHLUESSELTYPE_ID`) REFERENCES `schluesseltype` (`ID`);

--
-- Contraintes pour la table `sotimentitem`
--
ALTER TABLE `sotimentitem`
  ADD CONSTRAINT `FK_SOTIMENTITEM_DEMANDCATEGORY_ID` FOREIGN KEY (`DEMANDCATEGORY_ID`) REFERENCES `demandcategory` (`ID`),
  ADD CONSTRAINT `FK_SOTIMENTITEM_SORTIMENT_ID` FOREIGN KEY (`SORTIMENT_ID`) REFERENCES `sortiment` (`ID`);

--
-- Contraintes pour la table `user`
--
ALTER TABLE `user`
  ADD CONSTRAINT `FK_USER_DEPARTEMENT_ID` FOREIGN KEY (`DEPARTEMENT_ID`) REFERENCES `departement` (`ID`);
SET FOREIGN_KEY_CHECKS=1;

/*!40101 SET CHARACTER_SET_CLIENT=@OLD_CHARACTER_SET_CLIENT */;
/*!40101 SET CHARACTER_SET_RESULTS=@OLD_CHARACTER_SET_RESULTS */;
/*!40101 SET COLLATION_CONNECTION=@OLD_COLLATION_CONNECTION */;
