-- MySQL dump 10.13  Distrib 5.7.17, for macos10.12 (x86_64)
--
-- Host: 127.0.0.1    Database: kt_fst_2
-- ------------------------------------------------------
-- Server version	5.7.18

/*!40101 SET @OLD_CHARACTER_SET_CLIENT=@@CHARACTER_SET_CLIENT */;
/*!40101 SET @OLD_CHARACTER_SET_RESULTS=@@CHARACTER_SET_RESULTS */;
/*!40101 SET @OLD_COLLATION_CONNECTION=@@COLLATION_CONNECTION */;
/*!40101 SET NAMES utf8 */;
/*!40103 SET @OLD_TIME_ZONE=@@TIME_ZONE */;
/*!40103 SET TIME_ZONE='+00:00' */;
/*!40014 SET @OLD_UNIQUE_CHECKS=@@UNIQUE_CHECKS, UNIQUE_CHECKS=0 */;
/*!40014 SET @OLD_FOREIGN_KEY_CHECKS=@@FOREIGN_KEY_CHECKS, FOREIGN_KEY_CHECKS=0 */;
/*!40101 SET @OLD_SQL_MODE=@@SQL_MODE, SQL_MODE='NO_AUTO_VALUE_ON_ZERO' */;
/*!40111 SET @OLD_SQL_NOTES=@@SQL_NOTES, SQL_NOTES=0 */;

--
-- Table structure for table `artderweiterverarbeitung`
--

DROP TABLE IF EXISTS `artderweiterverarbeitung`;
/*!40101 SET @saved_cs_client     = @@character_set_client */;
/*!40101 SET character_set_client = utf8 */;
CREATE TABLE `artderweiterverarbeitung` (
  `ID` bigint(20) NOT NULL AUTO_INCREMENT,
  `DESCRIPTION` varchar(255) DEFAULT NULL,
  `LABEL` varchar(255) DEFAULT NULL,
  `PRICE` decimal(10,2) DEFAULT NULL,
  PRIMARY KEY (`ID`)
) ENGINE=InnoDB DEFAULT CHARSET=latin1;
/*!40101 SET character_set_client = @saved_cs_client */;

--
-- Dumping data for table `artderweiterverarbeitung`
--

LOCK TABLES `artderweiterverarbeitung` WRITE;
/*!40000 ALTER TABLE `artderweiterverarbeitung` DISABLE KEYS */;
/*!40000 ALTER TABLE `artderweiterverarbeitung` ENABLE KEYS */;
UNLOCK TABLES;

--
-- Table structure for table `auflage`
--

DROP TABLE IF EXISTS `auflage`;
/*!40101 SET @saved_cs_client     = @@character_set_client */;
/*!40101 SET character_set_client = utf8 */;
CREATE TABLE `auflage` (
  `ID` int(11) NOT NULL AUTO_INCREMENT,
  `DESCRIPTION` varchar(255) DEFAULT NULL,
  `PRICE` decimal(10,2) DEFAULT NULL,
  PRIMARY KEY (`ID`)
) ENGINE=InnoDB AUTO_INCREMENT=28 DEFAULT CHARSET=latin1;
/*!40101 SET character_set_client = @saved_cs_client */;

--
-- Dumping data for table `auflage`
--

LOCK TABLES `auflage` WRITE;
/*!40000 ALTER TABLE `auflage` DISABLE KEYS */;
INSERT INTO `auflage` VALUES (1,'50',0.00),(2,'100',0.00),(3,'150',0.00),(4,'200',0.00),(5,'500',0.00),(6,'750',0.00),(7,'1000',0.00),(8,'1250',0.00),(9,'1500',0.00),(10,'1750',0.00),(11,'2000',0.00),(12,'2500',0.00),(13,'3000',0.00),(14,'3500',0.00),(15,'4000',0.00),(16,'4500',0.00),(17,'5000',0.00),(18,'5500',0.00),(19,'6000',0.00),(20,'6500',0.00),(21,'7000',0.00),(22,'7500',0.00),(23,'8000',0.00),(24,'8500',0.00),(25,'9000',0.00),(26,'9500',0.00),(27,'10000',0.00);
/*!40000 ALTER TABLE `auflage` ENABLE KEYS */;
UNLOCK TABLES;

--
-- Table structure for table `auflageseitencovermatrix`
--

DROP TABLE IF EXISTS `auflageseitencovermatrix`;
/*!40101 SET @saved_cs_client     = @@character_set_client */;
/*!40101 SET character_set_client = utf8 */;
CREATE TABLE `auflageseitencovermatrix` (
  `ID` bigint(20) NOT NULL AUTO_INCREMENT,
  `PRICE` decimal(10,2) DEFAULT NULL,
  `AUFLAGE_ID` int(11) DEFAULT NULL,
  `FARBIGKEIT_ID` varchar(255) DEFAULT NULL,
  `FORMATAUSWAEHLEN_ID` varchar(255) DEFAULT NULL,
  `SEITEN_ID` bigint(20) DEFAULT NULL,
  PRIMARY KEY (`ID`),
  KEY `FK_AUFLAGESEITENCOVERMATRIX_SEITEN_ID` (`SEITEN_ID`),
  KEY `FK_AUFLAGESEITENCOVERMATRIX_FORMATAUSWAEHLEN_ID` (`FORMATAUSWAEHLEN_ID`),
  KEY `FK_AUFLAGESEITENCOVERMATRIX_AUFLAGE_ID` (`AUFLAGE_ID`),
  KEY `FK_AUFLAGESEITENCOVERMATRIX_FARBIGKEIT_ID` (`FARBIGKEIT_ID`),
  CONSTRAINT `FK_AUFLAGESEITENCOVERMATRIX_AUFLAGE_ID` FOREIGN KEY (`AUFLAGE_ID`) REFERENCES `auflage` (`ID`),
  CONSTRAINT `FK_AUFLAGESEITENCOVERMATRIX_FARBIGKEIT_ID` FOREIGN KEY (`FARBIGKEIT_ID`) REFERENCES `farbigkeit` (`ID`),
  CONSTRAINT `FK_AUFLAGESEITENCOVERMATRIX_FORMATAUSWAEHLEN_ID` FOREIGN KEY (`FORMATAUSWAEHLEN_ID`) REFERENCES `formatauswaehlen` (`ID`),
  CONSTRAINT `FK_AUFLAGESEITENCOVERMATRIX_SEITEN_ID` FOREIGN KEY (`SEITEN_ID`) REFERENCES `seiten` (`ID`)
) ENGINE=InnoDB DEFAULT CHARSET=latin1;
/*!40101 SET character_set_client = @saved_cs_client */;

--
-- Dumping data for table `auflageseitencovermatrix`
--

LOCK TABLES `auflageseitencovermatrix` WRITE;
/*!40000 ALTER TABLE `auflageseitencovermatrix` DISABLE KEYS */;
/*!40000 ALTER TABLE `auflageseitencovermatrix` ENABLE KEYS */;
UNLOCK TABLES;

--
-- Table structure for table `ausgabe`
--

DROP TABLE IF EXISTS `ausgabe`;
/*!40101 SET @saved_cs_client     = @@character_set_client */;
/*!40101 SET character_set_client = utf8 */;
CREATE TABLE `ausgabe` (
  `ID` bigint(20) NOT NULL,
  `NAME` varchar(255) DEFAULT NULL,
  `PRICE` decimal(10,2) DEFAULT NULL,
  `VALUEE` decimal(10,2) DEFAULT NULL,
  PRIMARY KEY (`ID`)
) ENGINE=InnoDB DEFAULT CHARSET=latin1;
/*!40101 SET character_set_client = @saved_cs_client */;

--
-- Dumping data for table `ausgabe`
--

LOCK TABLES `ausgabe` WRITE;
/*!40000 ALTER TABLE `ausgabe` DISABLE KEYS */;
INSERT INTO `ausgabe` VALUES (7,'Erstausgabe',NULL,0.50),(8,'Folgeausgabe',NULL,0.20);
/*!40000 ALTER TABLE `ausgabe` ENABLE KEYS */;
UNLOCK TABLES;

--
-- Table structure for table `bindung`
--

DROP TABLE IF EXISTS `bindung`;
/*!40101 SET @saved_cs_client     = @@character_set_client */;
/*!40101 SET character_set_client = utf8 */;
CREATE TABLE `bindung` (
  `ID` varchar(255) NOT NULL,
  `DESCRIPTION` varchar(255) DEFAULT NULL,
  `PRICE` decimal(10,2) DEFAULT NULL,
  PRIMARY KEY (`ID`)
) ENGINE=InnoDB DEFAULT CHARSET=latin1;
/*!40101 SET character_set_client = @saved_cs_client */;

--
-- Dumping data for table `bindung`
--

LOCK TABLES `bindung` WRITE;
/*!40000 ALTER TABLE `bindung` DISABLE KEYS */;
INSERT INTO `bindung` VALUES ('Fadenheftung',NULL,NULL),('PUR-Bindung',NULL,NULL);
/*!40000 ALTER TABLE `bindung` ENABLE KEYS */;
UNLOCK TABLES;

--
-- Table structure for table `category`
--

DROP TABLE IF EXISTS `category`;
/*!40101 SET @saved_cs_client     = @@character_set_client */;
/*!40101 SET character_set_client = utf8 */;
CREATE TABLE `category` (
  `ID` bigint(20) NOT NULL AUTO_INCREMENT,
  `NAME` varchar(255) DEFAULT NULL,
  PRIMARY KEY (`ID`)
) ENGINE=InnoDB AUTO_INCREMENT=5 DEFAULT CHARSET=latin1;
/*!40101 SET character_set_client = @saved_cs_client */;

--
-- Dumping data for table `category`
--

LOCK TABLES `category` WRITE;
/*!40000 ALTER TABLE `category` DISABLE KEYS */;
INSERT INTO `category` VALUES (1,'Katalog'),(2,'Fleyer'),(3,'Prospekt'),(4,'BMEcat');
/*!40000 ALTER TABLE `category` ENABLE KEYS */;
UNLOCK TABLES;

--
-- Table structure for table `configuration`
--

DROP TABLE IF EXISTS `configuration`;
/*!40101 SET @saved_cs_client     = @@character_set_client */;
/*!40101 SET character_set_client = utf8 */;
CREATE TABLE `configuration` (
  `ID` bigint(20) NOT NULL AUTO_INCREMENT,
  `DATEAPPLICATION` date DEFAULT NULL,
  PRIMARY KEY (`ID`)
) ENGINE=InnoDB AUTO_INCREMENT=2 DEFAULT CHARSET=latin1;
/*!40101 SET character_set_client = @saved_cs_client */;

--
-- Dumping data for table `configuration`
--

LOCK TABLES `configuration` WRITE;
/*!40000 ALTER TABLE `configuration` DISABLE KEYS */;
INSERT INTO `configuration` VALUES (1,'2012-07-03');
/*!40000 ALTER TABLE `configuration` ENABLE KEYS */;
UNLOCK TABLES;

--
-- Table structure for table `configurationitem`
--

DROP TABLE IF EXISTS `configurationitem`;
/*!40101 SET @saved_cs_client     = @@character_set_client */;
/*!40101 SET character_set_client = utf8 */;
CREATE TABLE `configurationitem` (
  `ID` bigint(20) NOT NULL AUTO_INCREMENT,
  `DEFAULTVALUE` decimal(10,2) DEFAULT NULL,
  `NAME` varchar(255) DEFAULT NULL,
  `CONFIGURATION_ID` bigint(20) DEFAULT NULL,
  PRIMARY KEY (`ID`),
  KEY `FK_CONFIGURATIONITEM_CONFIGURATION_ID` (`CONFIGURATION_ID`),
  CONSTRAINT `FK_CONFIGURATIONITEM_CONFIGURATION_ID` FOREIGN KEY (`CONFIGURATION_ID`) REFERENCES `configuration` (`ID`)
) ENGINE=InnoDB AUTO_INCREMENT=4 DEFAULT CHARSET=latin1;
/*!40101 SET character_set_client = @saved_cs_client */;

--
-- Dumping data for table `configurationitem`
--

LOCK TABLES `configurationitem` WRITE;
/*!40000 ALTER TABLE `configurationitem` DISABLE KEYS */;
INSERT INTO `configurationitem` VALUES (1,56.25,'std_stz',NULL),(2,70.00,'std_stz_dtp',NULL),(3,56.25,'std_stz_pm',NULL);
/*!40000 ALTER TABLE `configurationitem` ENABLE KEYS */;
UNLOCK TABLES;

--
-- Table structure for table `correctionschluessel`
--

DROP TABLE IF EXISTS `correctionschluessel`;
/*!40101 SET @saved_cs_client     = @@character_set_client */;
/*!40101 SET character_set_client = utf8 */;
CREATE TABLE `correctionschluessel` (
  `ID` bigint(20) NOT NULL AUTO_INCREMENT,
  `PERCENT` int(11) DEFAULT NULL,
  `WERT` decimal(10,3) DEFAULT NULL,
  PRIMARY KEY (`ID`)
) ENGINE=InnoDB AUTO_INCREMENT=103 DEFAULT CHARSET=latin1;
/*!40101 SET character_set_client = @saved_cs_client */;

--
-- Dumping data for table `correctionschluessel`
--

LOCK TABLES `correctionschluessel` WRITE;
/*!40000 ALTER TABLE `correctionschluessel` DISABLE KEYS */;
INSERT INTO `correctionschluessel` VALUES (1,0,1.000),(2,1,1.000),(3,2,1.000),(4,3,1.000),(5,4,1.000),(6,5,1.000),(7,6,1.000),(8,7,1.000),(9,8,1.000),(10,9,1.000),(11,10,1.000),(12,11,1.000),(13,12,1.000),(14,13,1.000),(15,14,1.000),(17,15,1.050),(18,16,1.025),(19,17,1.025),(20,18,1.025),(21,19,1.025),(22,20,1.025),(23,21,1.025),(24,22,1.025),(25,23,1.025),(26,24,1.025),(27,25,1.025),(28,26,1.025),(29,27,1.025),(30,28,1.025),(31,29,1.025),(32,30,1.025),(33,31,1.050),(34,32,1.050),(35,33,1.050),(36,34,1.050),(37,35,1.050),(38,36,1.050),(39,37,1.050),(40,38,1.050),(41,39,1.050),(42,40,1.050),(43,41,1.050),(44,42,1.050),(45,43,1.050),(46,44,1.050),(47,45,1.050),(48,46,1.050),(49,47,1.050),(50,48,1.050),(51,49,1.050),(52,50,1.050),(53,51,1.100),(54,52,1.100),(55,53,1.100),(56,54,1.100),(57,55,1.100),(58,56,1.100),(59,57,1.100),(60,58,1.100),(61,59,1.100),(62,60,1.100),(63,61,1.100),(64,62,1.100),(65,63,1.100),(66,64,1.100),(67,65,1.100),(68,66,1.100),(69,67,1.100),(70,68,1.100),(71,69,1.100),(72,70,1.100),(73,71,1.100),(74,72,1.100),(75,73,1.100),(76,74,1.100),(77,75,1.100),(78,76,1.150),(79,77,1.150),(80,78,1.150),(81,79,1.150),(82,80,1.150),(83,81,1.150),(84,82,1.150),(85,83,1.150),(86,84,1.150),(87,85,1.150),(88,86,1.150),(89,87,1.150),(90,88,1.150),(91,89,1.150),(92,90,1.150),(93,91,1.150),(94,92,1.150),(95,93,1.150),(96,94,1.150),(97,95,1.150),(98,96,1.150),(99,97,1.150),(100,98,1.150),(101,99,1.150),(102,100,1.150);
/*!40000 ALTER TABLE `correctionschluessel` ENABLE KEYS */;
UNLOCK TABLES;

--
-- Table structure for table `cover`
--

DROP TABLE IF EXISTS `cover`;
/*!40101 SET @saved_cs_client     = @@character_set_client */;
/*!40101 SET character_set_client = utf8 */;
CREATE TABLE `cover` (
  `ID` varchar(255) NOT NULL,
  `DESCRIPTION` varchar(255) DEFAULT NULL,
  `PRICE` decimal(10,2) DEFAULT NULL,
  PRIMARY KEY (`ID`)
) ENGINE=InnoDB DEFAULT CHARSET=latin1;
/*!40101 SET character_set_client = @saved_cs_client */;

--
-- Dumping data for table `cover`
--

LOCK TABLES `cover` WRITE;
/*!40000 ALTER TABLE `cover` DISABLE KEYS */;
INSERT INTO `cover` VALUES ('Hardcover',NULL,NULL),('Softcover',NULL,NULL);
/*!40000 ALTER TABLE `cover` ENABLE KEYS */;
UNLOCK TABLES;

--
-- Table structure for table `demandcategory`
--

DROP TABLE IF EXISTS `demandcategory`;
/*!40101 SET @saved_cs_client     = @@character_set_client */;
/*!40101 SET character_set_client = utf8 */;
CREATE TABLE `demandcategory` (
  `ID` bigint(20) NOT NULL AUTO_INCREMENT,
  `ANZAHLBESTANDARTIKEL` int(11) DEFAULT NULL,
  `ANZAHLBESTANDPRODUKT` int(11) DEFAULT NULL,
  `ANZAHLBESTELLNRSEITEN` int(11) DEFAULT NULL,
  `ANZAHLBETEILIGTEN` int(11) DEFAULT NULL,
  `ANZAHLGENERIERUNGUPDATESEITEN` int(11) DEFAULT NULL,
  `ANZAHLGESAMTARTIKEL` int(11) DEFAULT NULL,
  `ANZAHLGESAMTPRODUKT` int(11) DEFAULT NULL,
  `ANZAHLGESAMTSEITEN` int(11) DEFAULT NULL,
  `ANZAHLIHVZSEITEN` int(11) DEFAULT NULL,
  `ANZAHLKAPITETEL` int(11) DEFAULT NULL,
  `ANZAHLLIEFERANTGESAMT` int(11) DEFAULT NULL,
  `ANZAHLLIEFERANTNEU` int(11) DEFAULT NULL,
  `ANZAHLMITGLIEDER` int(11) DEFAULT NULL,
  `ANZAHLNEUEARTIKEL` int(11) DEFAULT NULL,
  `ANZAHLNEUEPRODUKT` int(11) DEFAULT NULL,
  `ANZAHLSONDERSEITEN` int(11) DEFAULT NULL,
  `ANZAHLÜBERNAHMEARTIKEL` int(11) DEFAULT NULL,
  `BEARBEITUNGSZEIT` int(11) DEFAULT NULL,
  `DATEDEMANDCATEGORY` date DEFAULT NULL,
  `DATESYSTEM` date DEFAULT NULL,
  `DRUCK` tinyint(1) DEFAULT '0',
  `LIEFERTERMIN` date DEFAULT NULL,
  `NBRTOTALVALIDATION` int(11) DEFAULT NULL,
  `PERCENTSEITENFAKTOR` int(11) DEFAULT NULL,
  `SEITENANZAHL` int(11) DEFAULT NULL,
  `SUMMDRUCK` decimal(10,2) DEFAULT NULL,
  `SUMMUNITPRICE` decimal(10,2) DEFAULT NULL,
  `TEILNEHMERZAHL` int(11) DEFAULT NULL,
  `TEILNEHMERZAHLPRICING` decimal(10,2) DEFAULT NULL,
  `UMFANG` int(11) DEFAULT NULL,
  `UMSCHLAG` tinyint(1) DEFAULT '0',
  `SCHLUESSEL_ID` bigint(20) DEFAULT NULL,
  `ARTDERWEITERVERARBEITUNG_ID` bigint(20) DEFAULT NULL,
  `AUFLAGE_ID` int(11) DEFAULT NULL,
  `AUSGABE_ID` bigint(20) DEFAULT NULL,
  `BINDUNG_ID` varchar(255) DEFAULT NULL,
  `CATEGORY_ID` bigint(20) DEFAULT NULL,
  `CORRECTIONSCHLUESSEL_ID` bigint(20) DEFAULT NULL,
  `COVER_ID` varchar(255) DEFAULT NULL,
  `DEPARTMENT_ID` bigint(20) DEFAULT NULL,
  `DRUCKSEITEN_ID` bigint(20) DEFAULT NULL,
  `FARBIGKEIT_ID` varchar(255) DEFAULT NULL,
  `FORMATAUSWAEHLEN_ID` varchar(255) DEFAULT NULL,
  `KATALOGART_ID` bigint(20) DEFAULT NULL,
  `KONZEPTBEARBEITUNGFAKTOR_ID` bigint(20) DEFAULT NULL,
  `LAYOUT_ID` bigint(20) DEFAULT NULL,
  `MITGLIEDERKORREKTURFAKTOR_ID` bigint(20) DEFAULT NULL,
  `PAPIERMATERIALAUSWAEHLEN_ID` varchar(255) DEFAULT NULL,
  `PARTICIPANTFAKTOR_ID` bigint(20) DEFAULT NULL,
  `PRODUCT_ID` bigint(20) DEFAULT NULL,
  `PROZESS_ID` bigint(20) DEFAULT NULL,
  `REGISTER_ID` bigint(20) DEFAULT NULL,
  `UMSCHLAGFARBIGKEIT_ID` bigint(20) DEFAULT NULL,
  `UMSCHLAGPAPIERAUSWAEHLEN_ID` varchar(255) DEFAULT NULL,
  `USER_LOGIN` varchar(255) DEFAULT NULL,
  `VEREDLUNG_ID` varchar(255) DEFAULT NULL,
  `WECHSELFASSUNGVARIANTFAKTOR_ID` bigint(20) DEFAULT NULL,
  `PRODUCTSCHLUESSELFAKTOR` decimal(10,2) NOT NULL,
  `ARTIKELPERPAGELFAKTOR` decimal(10,2) NOT NULL,
  `LKSCHLUESSELFAKTOR` decimal(10,2) NOT NULL,
  `MKSCHLUESSELFAKTOR` decimal(10,2) NOT NULL,
  `SUMMEGLOBAL` decimal(10,2) DEFAULT NULL,
  PRIMARY KEY (`ID`),
  KEY `FK_DEMANDCATEGORY_PROZESS_ID` (`PROZESS_ID`),
  KEY `FK_DEMANDCATEGORY_REGISTER_ID` (`REGISTER_ID`),
  KEY `FK_DEMANDCATEGORY_CORRECTIONSCHLUESSEL_ID` (`CORRECTIONSCHLUESSEL_ID`),
  KEY `FK_DEMANDCATEGORY_PRODUCT_ID` (`PRODUCT_ID`),
  KEY `FK_DEMANDCATEGORY_CATEGORY_ID` (`CATEGORY_ID`),
  KEY `FK_DEMANDCATEGORY_DEPARTMENT_ID` (`DEPARTMENT_ID`),
  KEY `FK_DEMANDCATEGORY_KONZEPTBEARBEITUNGFAKTOR_ID` (`KONZEPTBEARBEITUNGFAKTOR_ID`),
  KEY `FK_DEMANDCATEGORY_VEREDLUNG_ID` (`VEREDLUNG_ID`),
  KEY `FK_DEMANDCATEGORY_COVER_ID` (`COVER_ID`),
  KEY `FK_DEMANDCATEGORY_PARTICIPANTFAKTOR_ID` (`PARTICIPANTFAKTOR_ID`),
  KEY `FK_DEMANDCATEGORY_LAYOUT_ID` (`LAYOUT_ID`),
  KEY `FK_DEMANDCATEGORY_DRUCKSEITEN_ID` (`DRUCKSEITEN_ID`),
  KEY `FK_DEMANDCATEGORY_MITGLIEDERKORREKTURFAKTOR_ID` (`MITGLIEDERKORREKTURFAKTOR_ID`),
  KEY `FK_DEMANDCATEGORY_USER_LOGIN` (`USER_LOGIN`),
  KEY `FK_DEMANDCATEGORY_KATALOGART_ID` (`KATALOGART_ID`),
  KEY `FK_DEMANDCATEGORY_FORMATAUSWAEHLEN_ID` (`FORMATAUSWAEHLEN_ID`),
  KEY `FK_DEMANDCATEGORY_SCHLUESSEL_ID` (`SCHLUESSEL_ID`),
  KEY `FK_DEMANDCATEGORY_ARTDERWEITERVERARBEITUNG_ID` (`ARTDERWEITERVERARBEITUNG_ID`),
  KEY `FK_DEMANDCATEGORY_AUFLAGE_ID` (`AUFLAGE_ID`),
  KEY `FK_DEMANDCATEGORY_UMSCHLAGPAPIERAUSWAEHLEN_ID` (`UMSCHLAGPAPIERAUSWAEHLEN_ID`),
  KEY `FK_DEMANDCATEGORY_BINDUNG_ID` (`BINDUNG_ID`),
  KEY `FK_DEMANDCATEGORY_PAPIERMATERIALAUSWAEHLEN_ID` (`PAPIERMATERIALAUSWAEHLEN_ID`),
  KEY `FK_DEMANDCATEGORY_UMSCHLAGFARBIGKEIT_ID` (`UMSCHLAGFARBIGKEIT_ID`),
  KEY `FK_DEMANDCATEGORY_WECHSELFASSUNGVARIANTFAKTOR_ID` (`WECHSELFASSUNGVARIANTFAKTOR_ID`),
  KEY `FK_DEMANDCATEGORY_AUSGABE_ID` (`AUSGABE_ID`),
  KEY `FK_DEMANDCATEGORY_FARBIGKEIT_ID` (`FARBIGKEIT_ID`),
  CONSTRAINT `FK_DEMANDCATEGORY_ARTDERWEITERVERARBEITUNG_ID` FOREIGN KEY (`ARTDERWEITERVERARBEITUNG_ID`) REFERENCES `artderweiterverarbeitung` (`ID`),
  CONSTRAINT `FK_DEMANDCATEGORY_AUFLAGE_ID` FOREIGN KEY (`AUFLAGE_ID`) REFERENCES `auflage` (`ID`),
  CONSTRAINT `FK_DEMANDCATEGORY_AUSGABE_ID` FOREIGN KEY (`AUSGABE_ID`) REFERENCES `ausgabe` (`ID`),
  CONSTRAINT `FK_DEMANDCATEGORY_BINDUNG_ID` FOREIGN KEY (`BINDUNG_ID`) REFERENCES `bindung` (`ID`),
  CONSTRAINT `FK_DEMANDCATEGORY_CATEGORY_ID` FOREIGN KEY (`CATEGORY_ID`) REFERENCES `category` (`ID`),
  CONSTRAINT `FK_DEMANDCATEGORY_CORRECTIONSCHLUESSEL_ID` FOREIGN KEY (`CORRECTIONSCHLUESSEL_ID`) REFERENCES `correctionschluessel` (`ID`),
  CONSTRAINT `FK_DEMANDCATEGORY_COVER_ID` FOREIGN KEY (`COVER_ID`) REFERENCES `cover` (`ID`),
  CONSTRAINT `FK_DEMANDCATEGORY_DEPARTMENT_ID` FOREIGN KEY (`DEPARTMENT_ID`) REFERENCES `departement` (`ID`),
  CONSTRAINT `FK_DEMANDCATEGORY_DRUCKSEITEN_ID` FOREIGN KEY (`DRUCKSEITEN_ID`) REFERENCES `seiten` (`ID`),
  CONSTRAINT `FK_DEMANDCATEGORY_FARBIGKEIT_ID` FOREIGN KEY (`FARBIGKEIT_ID`) REFERENCES `farbigkeit` (`ID`),
  CONSTRAINT `FK_DEMANDCATEGORY_FORMATAUSWAEHLEN_ID` FOREIGN KEY (`FORMATAUSWAEHLEN_ID`) REFERENCES `formatauswaehlen` (`ID`),
  CONSTRAINT `FK_DEMANDCATEGORY_KATALOGART_ID` FOREIGN KEY (`KATALOGART_ID`) REFERENCES `katalogart` (`ID`),
  CONSTRAINT `FK_DEMANDCATEGORY_KONZEPTBEARBEITUNGFAKTOR_ID` FOREIGN KEY (`KONZEPTBEARBEITUNGFAKTOR_ID`) REFERENCES `konzeptbearbeitungfaktor` (`ID`),
  CONSTRAINT `FK_DEMANDCATEGORY_LAYOUT_ID` FOREIGN KEY (`LAYOUT_ID`) REFERENCES `layout` (`ID`),
  CONSTRAINT `FK_DEMANDCATEGORY_MITGLIEDERKORREKTURFAKTOR_ID` FOREIGN KEY (`MITGLIEDERKORREKTURFAKTOR_ID`) REFERENCES `mitgliederkorrekturfaktor` (`ID`),
  CONSTRAINT `FK_DEMANDCATEGORY_PAPIERMATERIALAUSWAEHLEN_ID` FOREIGN KEY (`PAPIERMATERIALAUSWAEHLEN_ID`) REFERENCES `papiermaterialauswaehlen` (`ID`),
  CONSTRAINT `FK_DEMANDCATEGORY_PARTICIPANTFAKTOR_ID` FOREIGN KEY (`PARTICIPANTFAKTOR_ID`) REFERENCES `participantfaktor` (`ID`),
  CONSTRAINT `FK_DEMANDCATEGORY_PRODUCT_ID` FOREIGN KEY (`PRODUCT_ID`) REFERENCES `product` (`ID`),
  CONSTRAINT `FK_DEMANDCATEGORY_PROZESS_ID` FOREIGN KEY (`PROZESS_ID`) REFERENCES `prozess` (`ID`),
  CONSTRAINT `FK_DEMANDCATEGORY_REGISTER_ID` FOREIGN KEY (`REGISTER_ID`) REFERENCES `register` (`ID`),
  CONSTRAINT `FK_DEMANDCATEGORY_SCHLUESSEL_ID` FOREIGN KEY (`SCHLUESSEL_ID`) REFERENCES `schluessel` (`ID`),
  CONSTRAINT `FK_DEMANDCATEGORY_UMSCHLAGFARBIGKEIT_ID` FOREIGN KEY (`UMSCHLAGFARBIGKEIT_ID`) REFERENCES `umschlagfarbigkeit` (`ID`),
  CONSTRAINT `FK_DEMANDCATEGORY_UMSCHLAGPAPIERAUSWAEHLEN_ID` FOREIGN KEY (`UMSCHLAGPAPIERAUSWAEHLEN_ID`) REFERENCES `umschlagpapierauswaehlen` (`ID`),
  CONSTRAINT `FK_DEMANDCATEGORY_USER_LOGIN` FOREIGN KEY (`USER_LOGIN`) REFERENCES `user` (`LOGIN`),
  CONSTRAINT `FK_DEMANDCATEGORY_VEREDLUNG_ID` FOREIGN KEY (`VEREDLUNG_ID`) REFERENCES `veredlung` (`ID`),
  CONSTRAINT `FK_DEMANDCATEGORY_WECHSELFASSUNGVARIANTFAKTOR_ID` FOREIGN KEY (`WECHSELFASSUNGVARIANTFAKTOR_ID`) REFERENCES `wechselfassungvariantfaktor` (`ID`)
) ENGINE=InnoDB AUTO_INCREMENT=132 DEFAULT CHARSET=latin1;
/*!40101 SET character_set_client = @saved_cs_client */;

--
-- Dumping data for table `demandcategory`
--

LOCK TABLES `demandcategory` WRITE;
/*!40000 ALTER TABLE `demandcategory` DISABLE KEYS */;
INSERT INTO `demandcategory` VALUES (24,-1,0,5,2,0,6,2,0,4,15,13,14,20,7,2,0,9,3,'2017-07-23','2017-07-23',1,'2017-07-23',0,10,17,0.00,2338.19,16,NULL,0,0,NULL,NULL,NULL,7,'Fadenheftung',1,102,NULL,NULL,NULL,'1/1 -farbig',NULL,1,1,1,2,'65 g/qm',NULL,1,5,NULL,NULL,NULL,'walo',NULL,1,2.72,9.14,1.01,1.01,0.00),(25,-1,-1,5,0,0,6,10,0,4,15,13,14,0,7,11,0,9,0,'2017-07-23','2017-07-23',0,'2017-07-23',0,10,17,0.00,2128.19,16,NULL,0,0,NULL,NULL,NULL,7,NULL,1,102,NULL,NULL,NULL,NULL,NULL,2,1,3,2,NULL,NULL,1,5,NULL,NULL,NULL,'walo',NULL,1,0.00,0.00,0.00,0.00,0.00),(26,8,-1,5,0,4,6,10,0,4,15,13,14,0,7,11,3,9,0,'2017-07-23','2017-07-23',0,'2017-07-23',0,10,17,0.00,0.00,16,NULL,0,0,NULL,NULL,NULL,7,NULL,3,NULL,NULL,NULL,NULL,NULL,NULL,1,1,1,2,NULL,NULL,2,5,NULL,NULL,NULL,'kiki',NULL,1,0.00,0.00,0.00,0.00,0.00),(27,8,-1,5,0,4,6,10,0,4,15,13,14,0,7,11,3,9,0,'2017-07-24','2017-07-24',0,'2017-07-24',0,10,17,0.00,0.00,16,NULL,0,0,NULL,NULL,NULL,8,NULL,1,NULL,NULL,1,NULL,NULL,NULL,1,NULL,1,2,NULL,NULL,2,NULL,NULL,NULL,NULL,'ana',NULL,NULL,0.00,0.00,0.00,0.00,0.00),(29,-1,0,5,2,0,6,1,0,4,15,13,14,20,7,1,0,9,3,'2017-07-24','2017-07-24',1,'2017-07-24',0,10,17,0.00,2338.19,16,NULL,0,0,NULL,NULL,NULL,7,'Fadenheftung',1,102,NULL,NULL,NULL,'1/1 -farbig',NULL,1,1,2,2,'65 g/qm',NULL,1,5,NULL,NULL,NULL,'walo',NULL,1,4.70,15.80,1.10,1.05,0.00),(30,-1,0,5,2,0,6,1,0,4,15,13,14,20,7,1,0,9,3,'2017-07-24','2017-07-24',1,'2017-07-24',0,10,17,0.00,2338.19,16,NULL,0,0,NULL,NULL,NULL,7,'Fadenheftung',1,102,NULL,NULL,NULL,'1/1 -farbig',NULL,1,1,2,2,'65 g/qm',NULL,1,5,NULL,NULL,NULL,'walo',NULL,1,4.70,15.80,1.10,1.05,0.00),(32,-1,0,5,2,0,6,1,0,4,15,13,14,20,7,1,0,9,3,'2017-07-24','2017-07-24',1,'2017-07-24',1,10,17,0.00,2338.19,16,1.00,0,0,NULL,NULL,NULL,7,'Fadenheftung',1,102,NULL,NULL,NULL,'1/1 -farbig',NULL,1,1,1,2,'65 g/qm',NULL,1,5,NULL,NULL,NULL,'walo',NULL,1,4.70,15.80,1.10,1.05,0.00),(33,-1,0,5,2,0,6,1,0,4,15,13,14,20,7,1,0,9,3,'2017-07-24','2017-07-24',1,'2017-07-24',1,10,17,0.00,2338.19,21,1.20,0,0,NULL,NULL,NULL,7,NULL,1,102,NULL,NULL,NULL,'1/1 -farbig',NULL,1,1,2,2,'65 g/qm',NULL,1,5,NULL,NULL,NULL,'walo',NULL,1,4.70,15.80,1.10,1.05,0.00),(34,-1,0,5,2,0,6,1,0,4,15,13,14,20,7,1,0,9,3,'2017-07-24','2017-07-24',1,'2017-07-24',1,10,17,0.00,2338.19,16,1.00,0,0,NULL,NULL,NULL,7,'Fadenheftung',2,102,NULL,NULL,NULL,'1/1 -farbig',NULL,1,1,3,2,'65 g/qm',NULL,1,5,NULL,NULL,NULL,'walo',NULL,1,4.70,15.80,1.10,1.05,10026.74),(35,50,11,5,0,990,100,21,0,4,9,13,14,0,50,10,110,9,0,'2017-07-26','2017-07-26',0,'2017-07-26',1,10,17,0.00,2744.19,35,1.20,1100,0,NULL,NULL,NULL,7,NULL,1,1,NULL,NULL,NULL,NULL,NULL,2,1,2,2,NULL,NULL,2,5,NULL,NULL,NULL,'admin',NULL,1,4.70,15.80,1.10,1.05,23802.70),(36,50,20,5,0,1710,100,40,0,4,15,13,14,0,50,20,190,9,0,'2017-07-26','2017-07-26',0,'2017-07-26',0,10,17,0.00,0.00,40,0.00,1900,0,NULL,NULL,NULL,7,NULL,1,1,NULL,NULL,NULL,NULL,NULL,NULL,1,2,2,NULL,NULL,1,5,NULL,NULL,NULL,'admin',NULL,1,2.50,0.00,0.00,0.00,NULL),(37,50,20,5,0,1710,100,40,0,4,15,13,14,0,50,20,190,9,0,'2017-07-26','2017-07-26',0,'2017-07-26',0,10,17,0.00,0.00,40,0.00,1900,0,NULL,NULL,NULL,7,NULL,1,1,NULL,NULL,NULL,NULL,NULL,NULL,1,2,2,NULL,NULL,1,5,NULL,NULL,NULL,'admin',NULL,1,2.50,0.00,0.00,0.00,NULL),(38,50,20,5,0,1710,100,40,0,4,15,13,14,0,50,20,190,9,0,'2017-07-26','2017-07-26',0,'2017-07-26',0,10,17,0.00,0.00,40,0.00,1900,0,NULL,NULL,NULL,7,NULL,1,1,NULL,NULL,NULL,NULL,NULL,NULL,1,2,2,NULL,NULL,1,5,NULL,NULL,NULL,'admin',NULL,1,2.50,0.00,0.00,0.00,NULL),(39,3900,488,5,0,1710,4000,500,0,4,15,13,14,0,100,12,190,9,0,'2017-07-26','2017-07-26',0,'2017-07-26',1,10,17,0.00,3192.19,16,1.00,1900,0,NULL,NULL,NULL,8,NULL,2,1,NULL,NULL,NULL,NULL,NULL,3,1,2,2,NULL,NULL,1,6,NULL,NULL,NULL,'admin',NULL,1,8.00,26.90,1.00,1.00,43803.08),(41,910,190,5,0,900,1000,208,0,4,15,13,14,0,90,18,100,9,0,'2017-07-26','2017-07-26',0,'2017-07-26',1,10,17,0.00,2688.19,37,1.35,1000,0,NULL,NULL,NULL,7,NULL,1,1,NULL,NULL,NULL,NULL,NULL,2,1,1,2,NULL,NULL,2,5,NULL,NULL,NULL,'admin',NULL,1,4.80,16.10,1.00,1.00,26290.59),(42,1100,550,5,0,926,1900,950,0,4,9,16,14,0,800,400,102,9,0,'2017-07-27','2017-07-27',0,'2017-07-27',1,10,17,0.00,2733.41,16,1.00,1028,0,NULL,NULL,NULL,7,NULL,1,1,NULL,NULL,NULL,NULL,NULL,2,1,2,2,NULL,NULL,5,5,NULL,NULL,NULL,'admin',NULL,1,2.00,5.70,1.00,1.00,45859.84),(43,910,505,5,0,900,1000,555,0,4,15,13,14,0,90,50,100,9,0,'2017-07-27','2017-07-27',0,'2017-07-27',1,10,17,0.00,2717.66,16,1.00,1000,0,NULL,NULL,NULL,7,NULL,1,1,NULL,NULL,NULL,NULL,NULL,2,1,2,2,NULL,NULL,7,5,NULL,NULL,NULL,'admin',NULL,1,1.80,6.10,1.00,1.00,31873.54),(44,400,222,5,0,926,1200,666,0,4,9,13,14,0,800,444,102,9,0,'2017-07-27','2017-07-27',0,'2017-07-27',1,10,17,0.00,2733.41,16,1.00,1028,0,NULL,NULL,NULL,7,NULL,1,1,NULL,NULL,NULL,NULL,NULL,2,1,2,2,NULL,NULL,7,5,NULL,NULL,NULL,'admin',NULL,1,1.80,6.10,1.00,1.00,42904.63),(45,100,40,5,0,9000,1000,400,0,4,15,13,14,0,900,360,1000,9,0,'2017-07-27','2017-07-27',0,'2017-07-27',1,10,17,0.00,7780.16,16,1.00,10000,0,NULL,NULL,NULL,7,NULL,1,1,NULL,NULL,NULL,NULL,NULL,2,1,2,2,NULL,NULL,6,5,NULL,NULL,NULL,'admin',NULL,1,2.50,8.40,1.00,1.00,162942.36),(46,720,450,5,0,1710,800,500,0,4,15,13,14,0,80,50,190,9,0,'2017-07-27','2017-07-27',0,'2017-07-27',1,10,17,0.00,0.00,16,0.00,1900,0,NULL,NULL,NULL,7,NULL,1,1,NULL,NULL,NULL,NULL,NULL,1,1,1,2,NULL,NULL,1,5,NULL,NULL,NULL,'admin',NULL,1,1.60,0.00,0.00,0.00,NULL),(47,1810,1131,5,0,1710,1900,1187,0,4,15,13,14,0,90,56,190,9,0,'2017-07-27','2017-07-27',0,'2017-07-27',0,10,17,0.00,0.00,16,0.00,1900,0,NULL,NULL,NULL,7,NULL,1,1,NULL,NULL,NULL,NULL,NULL,2,1,1,2,NULL,NULL,1,6,NULL,NULL,NULL,'admin',NULL,1,1.60,0.00,0.00,0.00,NULL),(48,1090,681,5,0,1710,1980,1237,0,4,15,30,20,0,890,556,190,9,0,'2017-07-27','2017-07-27',0,'2017-07-27',1,10,17,0.00,3223.91,38,1.35,1900,0,NULL,NULL,NULL,7,NULL,1,1,NULL,NULL,NULL,NULL,NULL,2,1,2,2,NULL,NULL,1,5,NULL,NULL,NULL,'admin',NULL,1,1.60,5.38,1.15,1.08,67193.04),(49,1800,225,8,0,1800,1890,236,0,9,4,33,23,0,90,11,200,9,0,'2017-07-27','2017-07-27',0,'2017-07-27',1,10,17,0.00,3276.78,23,1.20,2000,0,NULL,NULL,NULL,7,NULL,1,1,NULL,NULL,NULL,NULL,NULL,1,1,1,2,NULL,NULL,1,5,NULL,NULL,NULL,'admin',NULL,1,8.00,26.90,1.00,1.00,40156.35),(50,2181,272,5,0,1800,2990,373,0,4,9,20,12,0,809,101,200,9,0,'2017-07-27','2017-07-27',0,'2017-07-27',1,10,17,0.00,3276.78,45,1.35,2000,0,NULL,NULL,NULL,7,NULL,1,1,NULL,NULL,NULL,NULL,NULL,1,1,2,2,NULL,NULL,3,5,NULL,NULL,NULL,'admin',NULL,1,8.00,26.90,1.00,1.00,44485.01),(51,729,202,5,0,1800,809,224,0,4,9,20,2,0,80,22,200,9,0,'2017-07-27','2017-07-27',0,'2017-07-27',1,10,17,0.00,3276.78,46,1.35,2000,0,NULL,NULL,NULL,7,NULL,2,1,NULL,NULL,NULL,NULL,NULL,1,1,1,2,NULL,NULL,2,5,NULL,NULL,NULL,'admin',NULL,1,3.60,12.10,1.10,1.05,38522.43),(52,7309,2149,5,0,1800,8098,2381,0,4,15,13,14,0,789,232,200,9,0,'2017-07-27','2017-07-27',0,'2017-07-27',1,10,17,0.00,3276.78,80,1.35,2000,0,NULL,NULL,NULL,7,NULL,1,1,NULL,NULL,NULL,NULL,NULL,1,1,1,2,NULL,NULL,1,5,NULL,NULL,NULL,'admin',NULL,1,3.40,11.43,1.11,1.05,74856.03),(53,7300,2920,5,2,1800,8000,3200,0,4,15,13,14,20,700,280,200,9,3,'2017-07-27','2017-07-27',1,'2017-07-27',1,10,17,0.00,3487.72,16,1.00,2000,0,NULL,NULL,3,8,'Fadenheftung',1,1,'Hardcover',NULL,NULL,'2/2 -farbig','A5',1,1,2,2,'65 g/qm',NULL,2,5,NULL,NULL,NULL,'admin',NULL,1,2.50,8.40,1.00,1.00,86551.15),(57,23217,4837,5,0,4212,23451,4885,0,4,15,13,14,0,234,48,467,9,0,'2017-07-27','2017-07-27',0,'2017-07-27',1,10,17,0.00,4783.72,16,1.00,4679,0,NULL,NULL,NULL,7,NULL,1,1,NULL,NULL,NULL,NULL,NULL,4,1,3,2,NULL,NULL,2,6,NULL,NULL,NULL,'admin',NULL,1,4.80,16.10,1.00,1.00,146061.47),(58,7000,875,5,0,8100,7890,986,0,4,34,78,21,0,890,111,900,9,0,'2017-07-27','2017-07-27',0,'2017-07-27',1,10,17,0.00,7217.66,34,1.20,9000,0,NULL,NULL,NULL,7,NULL,2,1,NULL,NULL,NULL,NULL,NULL,2,1,2,2,NULL,NULL,1,6,NULL,NULL,NULL,'admin',NULL,1,8.00,26.90,1.00,1.00,158783.43),(59,801,321,5,0,1701,890,356,0,4,9,30,27,0,89,35,189,9,0,'2017-07-27','2017-07-27',0,'2017-07-27',1,10,17,0.00,1788.04,16,1.00,1890,0,NULL,NULL,NULL,7,NULL,1,1,NULL,1,NULL,NULL,NULL,2,NULL,2,2,NULL,NULL,1,NULL,NULL,NULL,NULL,'ana',NULL,NULL,2.50,8.40,1.00,1.00,37812.60),(60,6700,837,5,0,3783,6789,848,0,4,15,13,14,0,89,11,6,9,0,'2017-07-27','2017-07-27',0,'2017-07-27',0,10,17,0.00,0.00,33,0.00,3789,0,NULL,NULL,NULL,7,NULL,1,1,NULL,NULL,NULL,NULL,NULL,1,1,1,2,NULL,NULL,2,5,NULL,NULL,NULL,'admin',NULL,1,8.00,0.00,0.00,0.00,NULL),(61,822,158,5,0,1800,900,173,0,4,15,13,14,0,78,15,200,9,0,'2017-07-27','2017-07-27',0,'2017-07-27',0,10,17,0.00,0.00,16,0.00,2000,0,NULL,NULL,NULL,7,NULL,2,1,NULL,1,NULL,NULL,NULL,1,NULL,2,2,NULL,NULL,3,NULL,NULL,NULL,NULL,'ana',NULL,NULL,5.20,0.00,0.00,0.00,NULL),(62,622,78,5,0,2700,700,87,0,4,15,13,14,0,78,9,300,9,0,'2017-07-27','2017-07-27',0,'2017-07-27',0,10,17,0.00,0.00,16,0.00,3000,0,NULL,NULL,NULL,8,NULL,1,1,NULL,1,NULL,NULL,NULL,2,NULL,2,2,NULL,NULL,2,NULL,NULL,NULL,NULL,'ana',NULL,NULL,8.00,0.00,0.00,0.00,NULL),(63,8901,5563,5,0,2700,8990,5618,0,4,9,13,4,0,89,55,299,9,0,'2017-07-27','2017-07-27',0,'2017-07-27',0,10,17,0.00,0.00,78,0.00,2999,0,NULL,NULL,NULL,7,NULL,1,1,NULL,NULL,NULL,NULL,NULL,1,1,2,2,NULL,NULL,2,5,NULL,NULL,NULL,'admin',NULL,1,1.60,0.00,0.00,0.00,NULL),(65,8901,5563,5,0,2700,8990,5618,0,4,9,13,4,0,89,55,299,9,0,'2017-07-27','2017-07-27',0,'2017-07-27',0,10,17,0.00,0.00,78,0.00,2999,0,NULL,NULL,NULL,7,NULL,1,1,NULL,NULL,NULL,NULL,NULL,1,1,2,2,NULL,NULL,2,5,NULL,NULL,NULL,'admin',NULL,1,1.60,0.00,0.00,0.00,NULL),(66,8901,5563,5,0,2700,8990,5618,0,4,9,13,4,0,89,55,299,9,0,'2017-07-27','2017-07-27',0,'2017-07-27',0,10,17,0.00,0.00,78,0.00,2999,0,NULL,NULL,NULL,7,NULL,1,1,NULL,NULL,NULL,NULL,NULL,1,1,2,2,NULL,NULL,2,5,NULL,NULL,NULL,'admin',NULL,1,1.60,0.00,0.00,0.00,NULL),(69,74889,46805,5,0,17018,75678,47298,0,4,9,20,2,0,789,493,1890,9,0,'2017-07-27','2017-07-27',0,'2017-07-27',1,10,17,0.00,12790.91,44,1.35,18908,0,NULL,NULL,NULL,7,NULL,3,1,NULL,NULL,NULL,NULL,NULL,2,1,3,2,NULL,NULL,1,5,NULL,NULL,NULL,'admin',NULL,1,1.60,5.38,1.15,1.08,927782.12),(71,820,12,5,0,1710,900,360,0,4,9,18,7,0,80,32,190,9,0,'2017-07-27','2017-07-27',0,'2017-07-27',1,10,17,0.00,572.43,16,1.00,1900,0,NULL,NULL,NULL,NULL,NULL,1,1,NULL,2,NULL,NULL,NULL,NULL,NULL,3,NULL,NULL,NULL,2,6,NULL,NULL,NULL,'dmd',NULL,NULL,2.50,8.40,1.00,1.00,1907.52),(72,1622,649,5,0,1710,1700,680,0,4,9,9,7,0,78,31,190,9,0,'2017-07-27','2017-07-27',0,'2017-07-27',1,10,17,0.00,1793.66,16,1.00,1900,0,NULL,NULL,NULL,7,NULL,1,1,NULL,1,NULL,NULL,NULL,2,NULL,3,2,NULL,NULL,1,NULL,NULL,NULL,NULL,'ana',NULL,NULL,2.50,8.40,1.00,1.00,41618.44),(73,1100,440,5,0,926,1900,760,0,4,9,16,14,0,800,320,102,9,0,'2017-07-28','2017-07-28',0,'2017-07-28',1,10,17,0.00,2733.41,35,1.20,1028,0,NULL,NULL,NULL,7,NULL,1,1,NULL,NULL,NULL,NULL,NULL,2,1,2,2,NULL,NULL,4,5,NULL,NULL,NULL,'admin',NULL,1,2.50,8.40,1.00,1.00,41456.39),(76,1100,305,5,0,926,1900,527,0,4,9,16,14,0,800,222,102,9,0,'2017-07-28','2017-07-28',0,'2017-07-28',1,10,17,0.00,2733.41,35,1.20,1028,0,NULL,NULL,NULL,7,NULL,1,1,NULL,NULL,NULL,NULL,NULL,2,1,2,2,NULL,NULL,3,5,NULL,NULL,NULL,'admin',NULL,1,3.60,12.10,1.10,1.05,36059.01),(77,1100,305,5,0,926,1900,527,0,4,9,16,14,0,800,222,102,9,0,'2017-07-28','2017-07-28',0,'2017-07-28',0,10,17,0.00,0.00,35,0.00,1028,0,NULL,NULL,NULL,7,NULL,1,1,NULL,NULL,NULL,NULL,NULL,1,1,2,2,NULL,NULL,1,5,NULL,NULL,NULL,'admin',NULL,1,3.60,0.00,0.00,0.00,NULL),(78,1100,305,5,0,926,1900,527,0,4,9,16,14,0,800,222,102,9,0,'2017-07-28','2017-07-28',0,'2017-07-28',0,10,17,0.00,0.00,35,0.00,1028,0,NULL,NULL,NULL,7,NULL,1,1,NULL,NULL,NULL,NULL,NULL,1,1,2,2,NULL,NULL,1,5,NULL,NULL,NULL,'admin',NULL,1,3.60,0.00,0.00,0.00,NULL),(79,1100,305,5,0,926,1900,527,0,4,9,16,14,0,800,222,102,9,0,'2017-07-28','2017-07-28',0,'2017-07-28',0,10,17,0.00,0.00,35,0.00,1028,0,NULL,NULL,NULL,7,NULL,1,1,NULL,NULL,NULL,NULL,NULL,1,1,2,2,NULL,NULL,1,5,NULL,NULL,NULL,'admin',NULL,1,3.60,0.00,0.00,0.00,NULL),(80,1100,305,5,0,926,1900,527,0,4,9,16,14,0,800,222,102,9,0,'2017-07-28','2017-07-28',0,'2017-07-28',0,10,17,0.00,0.00,35,0.00,1028,0,NULL,NULL,NULL,7,NULL,1,1,NULL,NULL,NULL,NULL,NULL,1,1,2,2,NULL,NULL,1,5,NULL,NULL,NULL,'admin',NULL,1,3.60,0.00,0.00,0.00,NULL),(81,1100,305,5,0,926,1900,527,0,4,9,16,14,0,800,222,102,9,0,'2017-07-28','2017-07-28',0,'2017-07-28',1,10,17,0.00,2733.41,35,1.20,1028,0,NULL,NULL,NULL,7,NULL,1,1,NULL,NULL,NULL,NULL,NULL,2,1,2,2,NULL,NULL,1,5,NULL,NULL,NULL,'admin',NULL,1,3.60,12.10,1.10,1.05,36059.01),(91,1100,440,5,0,926,1900,760,0,4,9,16,14,0,800,320,102,9,0,'2017-07-28','2017-07-28',0,'2017-07-28',0,10,17,0.00,0.00,35,0.00,1028,0,NULL,NULL,NULL,7,NULL,1,1,NULL,NULL,NULL,NULL,NULL,1,1,1,2,NULL,NULL,1,5,NULL,NULL,NULL,'admin',NULL,1,2.50,0.00,0.00,0.00,NULL),(92,1100,137,5,0,926,1900,237,0,4,9,16,14,0,800,100,102,9,0,'2017-07-28','2017-07-28',0,'2017-07-28',0,10,17,0.00,0.00,35,0.00,1028,0,NULL,NULL,NULL,7,NULL,1,1,NULL,NULL,NULL,NULL,NULL,1,1,NULL,2,NULL,NULL,1,5,NULL,NULL,NULL,'admin',NULL,1,8.00,0.00,0.00,0.00,NULL),(93,1100,272,5,0,926,1900,470,0,4,9,16,14,0,800,198,102,9,0,'2017-07-28','2017-07-28',0,'2017-07-28',1,10,17,0.00,2730.03,35,1.20,1028,0,NULL,NULL,NULL,7,NULL,1,1,NULL,NULL,NULL,NULL,NULL,1,1,3,2,NULL,NULL,1,5,NULL,NULL,NULL,'admin',NULL,1,4.04,13.58,1.09,1.05,33763.74),(94,1100,305,5,0,926,1900,527,0,4,9,16,14,0,800,222,102,9,0,'2017-07-28','2017-07-28',0,'2017-07-28',1,10,17,0.00,2730.03,35,1.20,1028,0,NULL,NULL,NULL,7,NULL,1,1,NULL,NULL,NULL,NULL,NULL,1,1,3,2,NULL,NULL,1,5,NULL,NULL,NULL,'admin',NULL,1,3.60,12.10,1.10,1.05,34966.65),(96,1100,305,5,0,926,1900,527,0,4,9,16,14,0,800,222,102,9,0,'2017-07-28','2017-07-28',0,'2017-07-28',1,10,17,0.00,2730.03,35,1.20,1028,0,NULL,NULL,NULL,7,NULL,1,1,NULL,NULL,NULL,NULL,NULL,1,1,1,2,NULL,NULL,1,5,NULL,NULL,NULL,'admin',NULL,1,3.60,12.10,1.10,1.05,34966.65),(97,1100,176,5,0,926,1900,304,0,4,9,16,14,0,800,128,102,9,0,'2017-07-28','2017-07-28',0,'2017-07-28',1,10,17,0.00,2731.91,35,1.20,1028,0,NULL,NULL,NULL,7,NULL,1,1,NULL,NULL,NULL,NULL,NULL,1,1,1,2,NULL,NULL,1,5,NULL,NULL,NULL,'admin',NULL,1,6.24,20.98,1.04,1.02,33820.64),(98,1100,687,5,0,926,1900,1187,0,4,9,16,14,0,800,500,102,9,0,'2017-07-28','2017-07-28',0,'2017-07-28',1,10,17,0.00,2737.17,35,1.20,1028,0,NULL,NULL,NULL,7,NULL,1,1,NULL,NULL,NULL,NULL,NULL,2,1,2,2,NULL,NULL,1,6,NULL,NULL,NULL,'admin',NULL,1,1.60,5.38,1.15,1.08,58482.79),(99,1100,137,5,0,926,1900,237,0,4,9,16,14,0,800,100,102,9,0,'2017-07-28','2017-07-28',0,'2017-07-28',1,10,17,0.00,2733.79,35,1.20,1028,0,NULL,NULL,NULL,7,NULL,1,1,NULL,NULL,NULL,NULL,NULL,1,1,1,2,NULL,NULL,1,5,NULL,NULL,NULL,'admin',NULL,1,8.00,26.90,1.00,1.00,35974.00),(100,1100,305,5,0,926,1900,527,0,4,9,16,14,0,800,222,102,9,0,'2017-07-28','2017-07-28',0,'2017-07-28',0,10,17,0.00,0.00,35,0.00,1028,0,NULL,NULL,NULL,7,NULL,1,1,NULL,NULL,NULL,NULL,NULL,2,1,2,2,NULL,NULL,1,5,NULL,NULL,NULL,'admin',NULL,1,3.60,0.00,0.00,0.00,NULL),(101,1100,305,5,0,926,1900,527,0,4,9,16,14,0,800,222,102,9,0,'2017-07-28','2017-07-28',0,'2017-07-28',0,10,17,0.00,0.00,35,0.00,1028,0,NULL,NULL,NULL,7,NULL,1,1,NULL,NULL,NULL,NULL,NULL,1,1,2,2,NULL,NULL,1,5,NULL,NULL,NULL,'admin',NULL,1,3.60,0.00,0.00,0.00,NULL),(102,10,0,5,0,926,1900,0,0,4,9,16,14,0,800,0,102,9,0,'2017-07-28','2017-07-28',0,'2017-07-28',1,10,17,0.00,2086.84,35,1.20,1028,0,NULL,NULL,NULL,7,NULL,1,1,NULL,NULL,NULL,NULL,NULL,1,1,3,2,NULL,NULL,2,5,NULL,NULL,NULL,'admin',NULL,1,3.60,12.10,1.10,1.05,30912.64),(103,1100,611,5,0,180,1900,1055,0,4,9,16,14,0,800,444,20,9,0,'2017-07-28','2017-07-28',0,'2017-07-28',1,10,17,0.00,1630.47,20,1.00,200,0,NULL,NULL,NULL,7,NULL,1,1,NULL,NULL,NULL,NULL,NULL,2,1,2,2,NULL,NULL,4,5,NULL,NULL,NULL,'admin',NULL,1,1.80,6.10,1.00,1.00,50457.87),(104,1100,611,5,0,926,1900,1055,0,4,9,16,14,0,800,444,102,9,0,'2017-07-28','2017-07-28',0,'2017-07-28',0,10,17,0.00,0.00,35,0.00,1028,0,NULL,NULL,NULL,7,NULL,1,1,NULL,NULL,NULL,NULL,NULL,2,1,2,2,NULL,NULL,1,5,NULL,NULL,NULL,'admin',NULL,1,1.80,0.00,0.00,0.00,NULL),(106,1100,611,5,0,926,1900,1055,0,4,9,16,14,0,800,444,102,9,0,'2017-07-28','2017-07-28',0,'2017-07-28',1,10,17,0.00,2096.22,35,1.20,1028,0,NULL,NULL,NULL,7,NULL,1,1,NULL,NULL,NULL,NULL,NULL,2,1,2,2,NULL,NULL,1,5,NULL,NULL,NULL,'admin',NULL,1,1.80,6.10,1.00,1.00,61958.04),(107,1100,611,10,0,160,1900,1055,0,10,9,16,14,0,800,444,20,9,0,'2017-07-28','2017-07-28',0,'2017-07-28',1,10,17,0.00,1630.47,20,1.00,200,0,NULL,NULL,NULL,7,NULL,1,1,NULL,NULL,NULL,NULL,NULL,2,1,2,2,NULL,NULL,2,5,NULL,NULL,NULL,'admin',NULL,1,1.80,6.10,1.00,1.00,50457.87),(112,1100,611,10,0,160,1900,1055,0,10,9,16,14,0,800,444,20,9,0,'2017-07-28','2017-07-28',0,'2017-07-28',0,10,17,0.00,0.00,35,0.00,200,0,NULL,NULL,NULL,7,NULL,1,1,NULL,NULL,NULL,NULL,NULL,2,1,2,2,NULL,NULL,1,5,NULL,NULL,NULL,'admin',NULL,1,1.80,0.00,0.00,0.00,NULL),(113,10,1,10,0,160,1900,1,0,10,9,16,14,0,800,1,20,9,0,'2017-07-28','2017-07-28',0,'2017-07-28',0,10,17,0.00,0.00,35,0.00,200,0,NULL,NULL,NULL,7,NULL,1,NULL,NULL,4,NULL,NULL,NULL,2,NULL,2,NULL,NULL,NULL,1,NULL,NULL,NULL,NULL,'pm',NULL,NULL,0.00,0.00,0.00,0.00,NULL),(114,10,1,10,0,160,1900,1,0,10,9,16,14,0,800,1,20,9,0,'2017-07-28','2017-07-28',0,'2017-07-28',0,10,17,0.00,0.00,35,0.00,200,0,NULL,NULL,NULL,7,NULL,1,NULL,NULL,4,NULL,NULL,NULL,2,NULL,2,NULL,NULL,NULL,1,NULL,NULL,NULL,NULL,'pm',NULL,NULL,0.00,0.00,0.00,0.00,NULL),(115,10,1,10,0,160,1900,1,0,10,9,16,14,0,800,1,20,9,0,'2017-07-28','2017-07-28',0,'2017-07-28',0,10,17,0.00,0.00,35,0.00,200,0,NULL,NULL,NULL,7,NULL,1,NULL,NULL,4,NULL,NULL,NULL,2,NULL,2,NULL,NULL,NULL,1,NULL,NULL,NULL,NULL,'pm',NULL,NULL,0.00,0.00,0.00,0.00,NULL),(116,10,1,10,0,160,1900,1,0,10,9,16,14,0,800,1,20,9,0,'2017-07-28','2017-07-28',0,'2017-07-28',0,10,17,0.00,0.00,35,0.00,200,0,NULL,NULL,NULL,7,NULL,1,NULL,NULL,4,NULL,NULL,NULL,2,NULL,2,NULL,NULL,NULL,1,NULL,NULL,NULL,NULL,'pm',NULL,NULL,0.00,0.00,0.00,0.00,NULL),(117,10,1,10,0,160,1900,1,0,10,9,16,14,0,800,1,20,9,0,'2017-07-28','2017-07-28',0,'2017-07-28',0,10,17,0.00,0.00,35,0.00,200,0,NULL,NULL,NULL,7,NULL,1,NULL,NULL,4,NULL,NULL,NULL,2,NULL,2,NULL,NULL,NULL,1,NULL,NULL,NULL,NULL,'pm',NULL,NULL,0.00,0.00,0.00,0.00,NULL),(118,10,1,10,0,160,1900,1,0,10,9,16,14,0,800,1,20,9,0,'2017-07-28','2017-07-28',0,'2017-07-28',0,10,17,0.00,0.00,35,0.00,200,0,NULL,NULL,NULL,7,NULL,1,NULL,NULL,4,NULL,NULL,NULL,2,NULL,2,NULL,NULL,NULL,1,NULL,NULL,NULL,NULL,'pm',NULL,NULL,0.00,0.00,0.00,0.00,NULL),(119,10,1,10,0,160,1900,1,0,10,9,16,14,0,800,1,20,9,0,'2017-07-28','2017-07-28',0,'2017-07-28',0,10,17,0.00,0.00,35,0.00,200,0,NULL,NULL,NULL,7,NULL,1,NULL,NULL,4,NULL,NULL,NULL,2,NULL,2,NULL,NULL,NULL,1,NULL,NULL,NULL,NULL,'pm',NULL,NULL,0.00,0.00,0.00,0.00,NULL),(120,10,1,10,0,160,1900,1,0,10,9,16,14,0,800,1,20,9,0,'2017-07-28','2017-07-28',0,'2017-07-28',0,10,17,0.00,0.00,35,0.00,200,0,NULL,NULL,NULL,7,NULL,1,NULL,NULL,4,NULL,NULL,NULL,2,NULL,2,NULL,NULL,NULL,1,NULL,NULL,NULL,NULL,'pm',NULL,NULL,0.00,0.00,0.00,0.00,NULL),(121,1100,440,10,0,160,1900,760,0,10,9,16,14,0,800,320,20,9,0,'2017-07-28','2017-07-28',0,'2017-07-28',0,10,17,0.00,0.00,35,0.00,200,0,NULL,NULL,NULL,7,NULL,1,1,NULL,NULL,NULL,NULL,NULL,2,1,2,2,NULL,NULL,2,5,NULL,NULL,NULL,'admin',NULL,1,2.50,0.00,0.00,0.00,NULL),(123,10,1,10,0,160,1900,1,0,10,9,16,14,0,800,1,20,9,0,'2017-07-28','2017-07-28',0,'2017-07-28',0,10,17,0.00,0.00,35,0.00,200,0,NULL,NULL,NULL,7,NULL,1,NULL,NULL,4,NULL,NULL,NULL,2,NULL,2,NULL,NULL,NULL,2,NULL,NULL,NULL,NULL,'pm',NULL,NULL,0.00,0.00,0.00,0.00,NULL),(124,10,1,10,0,160,1900,1,0,10,9,16,14,0,800,1,20,9,0,'2017-07-28','2017-07-28',0,'2017-07-28',0,10,17,0.00,0.00,35,0.00,200,0,NULL,NULL,NULL,7,NULL,1,NULL,NULL,4,NULL,NULL,NULL,2,NULL,2,NULL,NULL,NULL,2,NULL,NULL,NULL,NULL,'pm',NULL,NULL,0.00,0.00,0.00,0.00,NULL),(129,1100,611,10,0,160,1900,1055,0,10,9,16,14,0,800,444,20,9,0,'2017-07-28','2017-07-28',0,'2017-07-28',0,10,17,0.00,0.00,35,0.00,200,0,NULL,NULL,NULL,7,NULL,1,1,NULL,NULL,NULL,NULL,NULL,2,1,2,2,NULL,NULL,2,5,NULL,NULL,NULL,'admin',NULL,1,1.80,0.00,0.00,0.00,NULL),(130,1100,229,10,0,906,1900,395,0,10,9,16,14,0,800,166,102,9,0,'2017-07-30','2017-07-30',0,'2017-07-30',0,10,17,0.00,0.00,35,0.00,1028,0,NULL,NULL,NULL,7,NULL,2,1,NULL,NULL,NULL,NULL,NULL,2,1,3,2,NULL,NULL,2,5,NULL,NULL,NULL,'admin',NULL,1,4.80,0.00,0.00,0.00,NULL),(131,1100,305,10,0,906,1900,527,0,10,9,16,14,0,800,222,102,9,0,'2017-07-30','2017-07-30',0,'2017-07-30',1,10,17,0.00,2134.02,35,1.20,1028,0,NULL,NULL,NULL,7,NULL,1,1,NULL,NULL,NULL,NULL,NULL,2,1,3,2,NULL,NULL,2,5,NULL,NULL,NULL,'admin',NULL,1,3.60,12.10,1.10,1.05,49729.01);
/*!40000 ALTER TABLE `demandcategory` ENABLE KEYS */;
UNLOCK TABLES;

--
-- Table structure for table `demandcategorycalculation`
--

DROP TABLE IF EXISTS `demandcategorycalculation`;
/*!40101 SET @saved_cs_client     = @@character_set_client */;
/*!40101 SET character_set_client = utf8 */;
CREATE TABLE `demandcategorycalculation` (
  `ID` bigint(20) NOT NULL AUTO_INCREMENT,
  `SUMME` decimal(10,2) DEFAULT NULL,
  `SUMMEGLOBAL` decimal(10,0) DEFAULT NULL,
  `VALIDE` tinyint(1) DEFAULT '0',
  `DEMANDCATEGORYDEPARTEMENTCALCULATION_ID` bigint(20) DEFAULT NULL,
  `DEPARTEMENTCRITERIA_ID` bigint(20) DEFAULT NULL,
  PRIMARY KEY (`ID`),
  KEY `DMNDCTGRYCLCULATIONDMNDCTGRYDPRTEMENTCALCULATIONID` (`DEMANDCATEGORYDEPARTEMENTCALCULATION_ID`),
  KEY `DEMANDCATEGORYCALCULATION_DEPARTEMENTCRITERIA_ID` (`DEPARTEMENTCRITERIA_ID`),
  CONSTRAINT `DEMANDCATEGORYCALCULATION_DEPARTEMENTCRITERIA_ID` FOREIGN KEY (`DEPARTEMENTCRITERIA_ID`) REFERENCES `departementcriteria` (`ID`),
  CONSTRAINT `DMNDCTGRYCLCULATIONDMNDCTGRYDPRTEMENTCALCULATIONID` FOREIGN KEY (`DEMANDCATEGORYDEPARTEMENTCALCULATION_ID`) REFERENCES `demandcategorydepartementcalculation` (`ID`)
) ENGINE=InnoDB AUTO_INCREMENT=2099 DEFAULT CHARSET=latin1;
/*!40101 SET character_set_client = @saved_cs_client */;

--
-- Dumping data for table `demandcategorycalculation`
--

LOCK TABLES `demandcategorycalculation` WRITE;
/*!40000 ALTER TABLE `demandcategorycalculation` DISABLE KEYS */;
INSERT INTO `demandcategorycalculation` VALUES (371,224.00,NULL,0,98,1),(372,72.80,NULL,0,98,2),(373,56.28,NULL,0,98,3),(374,23.20,NULL,0,98,4),(375,28.00,NULL,0,98,5),(376,140.00,NULL,0,98,6),(377,115.23,NULL,0,98,7),(378,44.80,NULL,0,98,8),(379,56.00,NULL,0,99,9),(380,28.58,NULL,0,99,10),(381,484.96,NULL,0,99,11),(382,0.28,NULL,0,99,12),(383,0.00,NULL,0,99,13),(384,0.06,NULL,0,99,14),(385,0.00,NULL,0,100,15),(386,0.00,NULL,0,100,16),(387,0.00,NULL,0,100,17),(388,0.00,NULL,0,100,18),(389,0.00,NULL,0,100,19),(390,0.00,NULL,0,100,20),(391,168.00,NULL,0,101,28),(392,0.00,NULL,0,102,21),(393,0.00,NULL,0,102,22),(394,0.00,NULL,0,102,23),(395,0.00,NULL,0,103,24),(396,0.00,NULL,0,103,25),(397,896.00,NULL,0,104,27),(398,224.00,NULL,0,105,1),(399,72.80,NULL,0,105,2),(400,56.28,NULL,0,105,3),(401,23.20,NULL,0,105,4),(402,28.00,NULL,0,105,5),(403,140.00,NULL,0,105,6),(404,115.23,NULL,0,105,7),(405,44.80,NULL,0,105,8),(406,56.00,NULL,0,106,9),(407,28.58,NULL,0,106,10),(408,484.96,NULL,0,106,11),(409,0.28,NULL,0,106,12),(410,0.00,NULL,0,106,13),(411,0.06,NULL,0,106,14),(412,0.00,NULL,0,107,15),(413,0.00,NULL,0,107,16),(414,0.00,NULL,0,107,17),(415,0.00,NULL,0,107,18),(416,0.00,NULL,0,107,19),(417,0.00,NULL,0,107,20),(418,168.00,NULL,0,108,28),(419,0.00,NULL,0,109,21),(420,0.00,NULL,0,109,22),(421,0.00,NULL,0,109,23),(422,0.00,NULL,0,110,24),(423,0.00,NULL,0,110,25),(424,686.00,NULL,0,111,27),(425,224.00,NULL,0,112,1),(426,NULL,NULL,0,112,2),(427,224.00,NULL,0,113,1),(428,NULL,NULL,0,113,2),(430,224.00,1400,0,115,1),(431,72.80,73,0,115,2),(432,56.28,898,0,115,3),(433,23.20,17,0,115,4),(434,28.00,392,0,115,5),(435,140.00,2100,0,115,6),(436,115.23,1120,0,115,7),(437,44.80,560,0,115,8),(438,56.00,560,0,116,9),(439,28.58,395,0,116,10),(440,484.96,956,0,116,11),(441,0.28,2,0,116,12),(442,0.00,0,0,116,13),(443,0.06,0,0,116,14),(444,0.00,0,0,117,15),(445,0.00,0,0,117,16),(446,0.00,0,0,117,17),(447,0.00,0,0,117,18),(448,0.00,0,0,117,19),(449,0.00,0,0,117,20),(450,168.00,168,0,118,28),(451,0.00,0,0,119,21),(452,0.00,0,0,119,22),(453,0.00,0,0,119,23),(454,0.00,0,0,120,24),(455,0.00,0,0,120,25),(456,896.00,1386,0,121,27),(457,224.00,1400,0,122,1),(458,72.80,73,0,122,2),(459,56.28,898,0,122,3),(460,23.20,17,0,122,4),(461,28.00,392,0,122,5),(462,140.00,2100,0,122,6),(463,115.23,1120,0,122,7),(464,44.80,560,0,122,8),(465,56.00,560,0,123,9),(466,28.58,395,0,123,10),(467,484.96,956,0,123,11),(468,0.28,2,0,123,12),(469,0.00,0,0,123,13),(470,0.06,0,0,123,14),(471,0.00,0,0,124,15),(472,0.00,0,0,124,16),(473,0.00,0,0,124,17),(474,0.00,0,0,124,18),(475,0.00,0,0,124,19),(476,0.00,0,0,124,20),(477,168.00,168,0,125,28),(478,0.00,0,0,126,21),(479,0.00,0,0,126,22),(480,0.00,0,0,126,23),(481,0.00,0,0,127,24),(482,0.00,0,0,127,25),(483,896.00,1386,0,128,27),(511,224.00,1400,0,136,1),(512,72.80,73,0,136,2),(513,56.28,898,0,136,3),(514,23.20,17,0,136,4),(515,28.00,392,0,136,5),(516,140.00,2100,0,136,6),(517,115.23,1120,0,136,7),(518,44.80,560,0,136,8),(519,56.00,560,0,137,9),(520,28.58,395,0,137,10),(521,484.96,956,0,137,11),(522,0.28,2,0,137,12),(523,0.00,0,0,137,13),(524,0.06,0,0,137,14),(525,0.00,0,0,138,15),(526,0.00,0,0,138,16),(527,0.00,0,0,138,17),(528,0.00,0,0,138,18),(529,0.00,0,0,138,19),(530,0.00,0,0,138,20),(531,168.00,168,0,139,28),(532,0.00,0,0,140,21),(533,0.00,0,0,140,22),(534,0.00,0,0,140,23),(535,0.00,0,0,141,24),(536,0.00,0,0,141,25),(537,896.00,1386,0,142,27),(538,224.00,1400,0,143,1),(539,72.80,73,0,143,2),(540,56.28,898,0,143,3),(541,23.20,17,0,143,4),(542,28.00,392,0,143,5),(543,140.00,2100,0,143,6),(544,115.23,1120,0,143,7),(545,44.80,560,0,143,8),(546,56.00,560,0,144,9),(547,28.58,395,0,144,10),(548,484.96,956,0,144,11),(549,0.28,2,0,144,12),(550,0.00,0,0,144,13),(551,0.06,0,0,144,14),(552,0.00,0,0,145,15),(553,0.00,0,0,145,16),(554,0.00,0,0,145,17),(555,0.00,0,0,145,18),(556,0.00,0,0,145,19),(557,0.00,0,0,145,20),(558,168.00,168,0,146,28),(559,0.00,0,0,147,21),(560,0.00,0,0,147,22),(561,0.00,0,0,147,23),(562,0.00,0,0,148,24),(563,0.00,0,0,148,25),(564,896.00,1386,0,149,27),(565,224.00,1400,0,150,1),(566,72.80,73,0,150,2),(567,56.28,898,0,150,3),(568,23.20,17,0,150,4),(569,28.00,392,0,150,5),(570,140.00,2100,0,150,6),(571,115.23,1120,0,150,7),(572,44.80,560,0,150,8),(573,56.00,560,0,151,9),(574,28.58,395,0,151,10),(575,484.96,956,0,151,11),(576,0.28,2,0,151,12),(577,0.00,0,0,151,13),(578,0.06,0,0,151,14),(579,0.00,0,0,152,15),(580,0.00,0,0,152,16),(581,0.00,0,0,152,17),(582,0.00,0,0,152,18),(583,0.00,0,0,152,19),(584,0.00,0,0,152,20),(585,168.00,168,0,153,28),(586,0.00,0,0,154,21),(587,0.00,0,0,154,22),(588,0.00,0,0,154,23),(589,0.00,0,0,155,24),(590,0.00,0,0,155,25),(591,896.00,1386,0,156,27),(592,224.00,1400,0,157,1),(593,688.80,5214,0,157,2),(594,56.28,924,0,157,3),(595,23.20,7270,0,157,4),(596,28.00,392,0,157,5),(597,140.00,1260,0,157,6),(598,115.23,4368,0,157,7),(599,44.80,426,0,157,8),(600,56.00,560,0,158,9),(601,28.58,412,0,158,10),(602,484.96,956,0,158,11),(603,0.28,28,0,158,12),(604,0.00,0,0,158,13),(605,0.06,6,0,158,14),(606,0.00,0,0,159,15),(607,0.00,0,0,159,16),(608,0.00,0,0,159,17),(609,0.00,0,0,159,18),(610,0.00,0,0,159,19),(611,0.00,0,0,159,20),(612,168.00,168,0,160,28),(613,0.00,0,0,161,21),(614,0.00,0,0,161,22),(615,0.00,0,0,161,23),(616,0.00,0,0,162,24),(617,0.00,0,0,162,25),(618,686.00,420,0,163,27),(619,224.00,1400,0,164,1),(620,NULL,NULL,0,164,2),(621,224.00,1400,0,165,1),(622,NULL,NULL,0,165,2),(623,224.00,1400,0,166,1),(624,NULL,NULL,0,166,2),(625,224.00,1400,0,167,1),(626,1136.80,11502,0,167,2),(627,56.28,2016,0,167,3),(628,23.20,15094,0,167,4),(629,28.00,392,0,167,5),(630,140.00,2100,0,167,6),(631,115.23,6860,0,167,7),(632,44.80,560,0,167,8),(633,56.00,560,0,168,9),(634,28.58,430,0,168,10),(635,484.96,956,0,168,11),(636,0.28,1120,0,168,12),(637,0.00,0,0,168,13),(638,0.06,224,0,168,14),(639,0.00,0,0,169,15),(640,0.00,0,0,169,16),(641,0.00,0,0,169,17),(642,0.00,0,0,169,18),(643,0.00,0,0,169,19),(644,0.00,0,0,169,20),(645,168.00,168,0,170,28),(646,0.00,0,0,171,21),(647,0.00,0,0,171,22),(648,0.00,0,0,171,23),(649,0.00,0,0,172,24),(650,0.00,0,0,172,25),(651,686.00,420,0,173,27),(679,224.00,1400,0,181,1),(680,632.80,5902,0,181,2),(681,56.28,1176,0,181,3),(682,23.20,7766,0,181,4),(683,28.00,392,0,181,5),(684,140.00,2100,0,181,6),(685,115.23,4126,0,181,7),(686,44.80,560,0,181,8),(687,56.00,560,0,182,9),(688,28.58,428,0,182,10),(689,232.96,340,0,182,11),(690,0.28,280,0,182,12),(691,0.00,0,0,182,13),(692,0.00,0,0,182,14),(693,0.00,0,0,183,15),(694,0.00,0,0,183,16),(695,0.00,0,0,183,17),(696,0.00,0,0,183,18),(697,0.00,0,0,183,19),(698,0.00,0,0,183,20),(699,168.00,168,0,184,28),(700,0.00,0,0,185,21),(701,0.00,0,0,185,22),(702,0.00,0,0,185,23),(703,0.00,0,0,186,24),(704,0.00,0,0,186,25),(705,686.00,420,0,187,27),(706,225.00,1406,0,188,1),(707,653.07,15510,0,188,2),(708,56.53,1434,0,188,3),(709,25.00,17437,0,188,4),(710,42.19,394,0,188,5),(711,140.63,1266,0,188,6),(712,115.74,4436,0,188,7),(713,45.00,428,0,188,8),(714,56.25,563,0,189,9),(715,28.71,768,0,189,10),(716,487.13,988,0,189,11),(717,0.28,534,0,189,12),(718,0.00,0,0,189,13),(719,0.06,107,0,189,14),(720,0.00,0,0,190,15),(721,0.00,0,0,190,16),(722,0.00,0,0,190,17),(723,0.00,0,0,190,18),(724,0.00,0,0,190,19),(725,0.00,0,0,190,20),(726,168.75,169,0,191,28),(727,0.00,0,0,192,21),(728,0.00,0,0,192,22),(729,0.00,0,0,192,23),(730,0.00,0,0,193,24),(731,0.00,0,0,193,25),(732,689.07,422,0,194,27),(733,225.00,1406,0,195,1),(734,637.32,8609,0,195,2),(735,56.53,1181,0,195,3),(736,25.00,10481,0,195,4),(737,42.19,394,0,195,5),(738,140.63,2109,0,195,6),(739,115.74,4242,0,195,7),(740,45.00,563,0,195,8),(741,56.25,563,0,196,9),(742,28.71,437,0,196,10),(743,487.13,961,0,196,11),(744,0.28,281,0,196,12),(745,0.00,0,0,196,13),(746,0.06,56,0,196,14),(747,0.00,0,0,197,15),(748,0.00,0,0,197,16),(749,0.00,0,0,197,17),(750,0.00,0,0,197,18),(751,0.00,0,0,197,19),(752,0.00,0,0,197,20),(753,168.75,169,0,198,28),(754,0.00,0,0,199,21),(755,0.00,0,0,199,22),(756,0.00,0,0,199,23),(757,0.00,0,0,200,24),(758,0.00,0,0,200,25),(759,689.07,422,0,201,27),(760,225.00,1406,0,202,1),(761,653.07,14298,0,202,2),(762,56.53,1238,0,202,3),(763,25.00,16224,0,202,4),(764,0.00,0,0,202,5),(765,140.63,1266,0,202,6),(766,115.74,4356,0,202,7),(767,45.00,428,0,202,8),(768,56.25,563,0,203,9),(769,28.71,778,0,203,10),(770,487.13,961,0,203,11),(771,0.28,338,0,203,12),(772,0.00,0,0,203,13),(773,0.06,68,0,203,14),(774,0.00,0,0,204,15),(775,0.00,0,0,204,16),(776,0.00,0,0,204,17),(777,0.00,0,0,204,18),(778,0.00,0,0,204,19),(779,0.00,0,0,204,20),(780,168.75,169,0,205,28),(781,0.00,0,0,206,21),(782,0.00,0,0,206,22),(783,0.00,0,0,206,23),(784,0.00,0,0,207,24),(785,0.00,0,0,207,25),(786,689.07,422,0,208,27),(787,225.00,1406,0,209,1),(788,5699.82,51986,0,209,2),(789,56.53,1181,0,209,3),(790,25.00,71216,0,209,4),(791,42.19,759,0,209,5),(792,140.63,2109,0,209,6),(793,115.74,30843,0,209,7),(794,45.00,563,0,209,8),(795,56.25,563,0,210,9),(796,28.71,793,0,210,10),(797,487.13,961,0,210,11),(798,0.28,281,0,210,12),(799,0.00,0,0,210,13),(800,0.06,56,0,210,14),(801,0.00,0,0,211,15),(802,0.00,0,0,211,16),(803,0.00,0,0,211,17),(804,0.00,0,0,211,18),(805,0.00,0,0,211,19),(806,0.00,0,0,211,20),(807,168.75,169,0,212,28),(808,0.00,0,0,213,21),(809,0.00,0,0,213,22),(810,0.00,0,0,213,23),(811,0.00,0,0,214,24),(812,0.00,0,0,214,25),(813,900.01,1856,0,215,27),(814,225.00,1406,0,216,1),(815,1141.88,11981,0,216,2),(816,56.53,1125,0,216,3),(817,23.31,15589,0,216,4),(818,NULL,NULL,0,216,5),(819,225.00,1406,0,217,1),(820,1143.57,16644,0,217,2),(821,56.53,1434,0,217,3),(822,25.00,20252,0,217,4),(823,NULL,NULL,0,217,5),(824,225.00,1406,0,218,1),(825,1143.57,23141,0,218,2),(826,56.53,1457,0,218,3),(827,25.00,26749,0,218,4),(828,47.57,563,0,218,5),(829,140.63,2109,0,218,6),(830,115.74,7098,0,218,7),(831,45.00,563,0,218,8),(832,56.25,563,0,219,9),(833,28.71,1004,0,219,10),(834,487.13,1283,0,219,11),(835,0.28,557,0,219,12),(836,0.00,0,0,219,13),(837,0.06,111,0,219,14),(838,0.00,0,0,220,15),(839,0.00,0,0,220,16),(840,0.00,0,0,220,17),(841,0.00,0,0,220,18),(842,0.00,0,0,220,19),(843,0.00,0,0,220,20),(844,168.75,169,0,221,28),(845,0.00,0,0,222,21),(846,0.00,0,0,222,22),(847,0.00,0,0,222,23),(848,0.00,0,0,223,24),(849,0.00,0,0,223,25),(850,689.07,422,0,224,27),(851,225.00,1406,0,225,1),(852,1198.13,10508,0,225,2),(853,56.53,1432,0,225,3),(854,23.31,14308,0,225,4),(855,311.19,647,0,225,5),(856,140.63,563,0,225,6),(857,115.74,7112,0,225,7),(858,45.00,315,0,225,8),(859,56.25,563,0,226,9),(860,28.71,681,0,226,10),(861,487.13,1394,0,226,11),(862,0.28,532,0,226,12),(863,0.00,0,0,226,13),(864,0.06,106,0,226,14),(865,0.00,0,0,227,15),(866,0.00,0,0,227,16),(867,0.00,0,0,227,17),(868,0.00,0,0,227,18),(869,0.00,0,0,227,19),(870,0.00,0,0,227,20),(871,168.75,169,0,228,28),(872,0.00,0,0,229,21),(873,0.00,0,0,229,22),(874,0.00,0,0,229,23),(875,0.00,0,0,230,24),(876,0.00,0,0,230,25),(877,689.07,422,0,231,27),(878,225.00,1406,0,232,1),(879,1198.13,12291,0,232,2),(880,56.53,1741,0,232,3),(881,23.31,16092,0,232,4),(882,311.19,607,0,232,5),(883,140.63,1266,0,232,6),(884,115.74,7151,0,232,7),(885,45.00,428,0,232,8),(886,56.25,563,0,233,9),(887,28.71,644,0,233,10),(888,487.13,968,0,233,11),(889,0.28,841,0,233,12),(890,0.00,0,0,233,13),(891,0.06,168,0,233,14),(892,0.00,0,0,234,15),(893,0.00,0,0,234,16),(894,0.00,0,0,234,17),(895,0.00,0,0,234,18),(896,0.00,0,0,234,19),(897,0.00,0,0,234,20),(898,168.75,169,0,235,28),(899,0.00,0,0,236,21),(900,0.00,0,0,236,22),(901,0.00,0,0,236,23),(902,0.00,0,0,237,24),(903,0.00,0,0,237,25),(904,689.07,422,0,238,27),(905,225.00,1406,0,239,1),(906,1198.13,10564,0,239,2),(907,56.53,1128,0,239,3),(908,23.31,14365,0,239,4),(909,7529.07,189,0,239,5),(910,140.63,1266,0,239,6),(911,115.74,7109,0,239,7),(912,45.00,428,0,239,8),(913,56.25,563,0,240,9),(914,28.71,89,0,240,10),(915,487.13,686,0,240,11),(916,0.28,228,0,240,12),(917,0.00,0,0,240,13),(918,0.06,46,0,240,14),(919,0.00,0,0,241,15),(920,0.00,0,0,241,16),(921,0.00,0,0,241,17),(922,0.00,0,0,241,18),(923,0.00,0,0,241,19),(924,0.00,0,0,241,20),(925,168.75,169,0,242,28),(926,0.00,0,0,243,21),(927,0.00,0,0,243,22),(928,0.00,0,0,243,23),(929,0.00,0,0,244,24),(930,0.00,0,0,244,25),(931,689.07,422,0,245,27),(932,225.00,1406,0,246,1),(933,1198.13,25059,0,246,2),(934,56.53,3178,0,246,3),(935,23.31,28860,0,246,4),(936,7145.41,57522239,0,246,5),(937,140.63,2109,0,246,6),(938,115.74,7716,0,246,7),(939,45.00,563,0,246,8),(940,56.25,563,0,247,9),(941,28.71,724,0,247,10),(942,487.13,961,0,247,11),(943,0.28,2278,0,247,12),(944,0.00,0,0,247,13),(945,0.06,456,0,247,14),(946,0.00,0,0,248,15),(947,0.00,0,0,248,16),(948,0.00,0,0,248,17),(949,0.00,0,0,248,18),(950,0.00,0,0,248,19),(951,0.00,0,0,248,20),(952,168.75,169,0,249,28),(953,0.00,0,0,250,21),(954,0.00,0,0,250,22),(955,0.00,0,0,250,23),(956,0.00,0,0,251,24),(957,0.00,0,0,251,25),(958,689.07,422,0,252,27),(959,225.00,1406,0,253,1),(960,1198.13,30206,0,253,2),(961,56.53,3150,0,253,3),(962,23.31,34007,0,253,4),(963,4767.19,37800675,0,253,5),(964,140.63,2109,0,253,6),(965,115.74,7946,0,253,7),(966,45.00,563,0,253,8),(967,56.25,563,0,254,9),(968,28.71,704,0,254,10),(969,487.13,961,0,254,11),(970,0.28,2250,0,254,12),(971,0.00,0,0,254,13),(972,0.06,450,0,254,14),(973,0.00,0,0,255,15),(974,0.00,0,0,255,16),(975,0.00,0,0,255,17),(976,0.00,0,0,255,18),(977,0.00,0,0,255,19),(978,0.00,0,0,255,20),(979,168.75,169,0,256,28),(980,0.00,0,0,257,21),(981,0.00,0,0,257,22),(982,0.00,0,0,257,23),(983,0.00,0,0,258,24),(984,0.00,0,0,258,25),(985,900.01,1392,0,259,27),(1023,225.00,1406,0,269,1),(1024,2705.07,49130,0,269,2),(1025,56.53,7496,0,269,3),(1026,23.31,58097,0,269,4),(1027,42.19,394,0,269,5),(1028,140.63,2109,0,269,6),(1029,115.74,16351,0,269,7),(1030,45.00,563,0,269,8),(1031,56.25,563,0,270,9),(1032,28.71,487,0,270,10),(1033,487.13,961,0,270,11),(1034,0.28,6596,0,270,12),(1035,0.00,0,0,270,13),(1036,0.06,1319,0,270,14),(1037,0.00,0,0,271,15),(1038,0.00,0,0,271,16),(1039,0.00,0,0,271,17),(1040,0.00,0,0,271,18),(1041,0.00,0,0,271,19),(1042,0.00,0,0,271,20),(1043,168.75,169,0,272,28),(1044,0.00,0,0,273,21),(1045,0.00,0,0,273,22),(1046,0.00,0,0,273,23),(1047,0.00,0,0,274,24),(1048,0.00,0,0,274,25),(1049,689.07,422,0,275,27),(1050,225.00,1406,0,276,1),(1051,5137.32,48031,0,276,2),(1052,56.53,3119,0,276,3),(1053,25.00,65332,0,276,4),(1054,42.19,591,0,276,5),(1055,140.63,4781,0,276,6),(1056,115.74,28047,0,276,7),(1057,45.00,990,0,276,8),(1058,56.25,563,0,277,9),(1059,28.71,928,0,277,10),(1060,487.13,1743,0,277,11),(1061,0.28,2219,0,277,12),(1062,0.00,0,0,277,13),(1063,0.06,444,0,277,14),(1064,0.00,0,0,278,15),(1065,0.00,0,0,278,16),(1066,0.00,0,0,278,17),(1067,0.00,0,0,278,18),(1068,0.00,0,0,278,19),(1069,0.00,0,0,278,20),(1070,168.75,169,0,279,28),(1071,0.00,0,0,280,21),(1072,0.00,0,0,280,22),(1073,0.00,0,0,280,23),(1074,0.00,0,0,281,24),(1075,0.00,0,0,281,25),(1076,689.07,422,0,282,27),(1077,225.00,1406,0,283,1),(1078,1137.95,11197,0,283,2),(1079,56.53,1150,0,283,3),(1080,25.00,14786,0,283,4),(1081,4768.19,4206009,0,283,5),(1082,140.63,1266,0,283,6),(1083,115.74,6821,0,283,7),(1084,45.00,428,0,283,8),(1085,225.00,1406,0,284,1),(1086,2204.44,22001,0,284,2),(1087,56.53,2809,0,284,3),(1088,23.31,29252,0,284,4),(1089,NULL,NULL,0,284,5),(1090,225.00,1406,0,285,1),(1091,1198.13,10198,0,285,2),(1092,56.53,1153,0,285,3),(1093,23.31,13999,0,285,4),(1094,NULL,NULL,0,285,5),(1095,225.00,1406,0,286,1),(1096,1762.32,14206,0,286,2),(1097,56.53,1097,0,286,3),(1098,25.00,19935,0,286,4),(1099,NULL,NULL,0,286,5),(1100,225.00,1406,0,287,1),(1101,1760.07,45772,0,287,2),(1102,56.53,3428,0,287,3),(1103,23.31,51499,0,287,4),(1104,NULL,NULL,0,287,5),(1110,225.00,1406,0,289,1),(1111,1760.07,45772,0,289,2),(1112,56.53,3428,0,289,3),(1113,23.31,51499,0,289,4),(1114,NULL,NULL,0,289,5),(1115,225.00,1406,0,290,1),(1116,1760.07,45772,0,290,2),(1117,56.53,3428,0,290,3),(1118,23.31,51499,0,290,4),(1119,NULL,NULL,0,290,5),(1130,225.00,1406,0,293,1),(1131,10710.57,383900,0,293,2),(1132,56.53,22184,0,293,3),(1133,25.00,420309,0,293,4),(1134,42.19,56,0,293,5),(1135,140.63,1266,0,293,6),(1136,115.74,70405,0,293,7),(1137,45.00,428,0,293,8),(1138,56.25,563,0,294,9),(1139,28.71,448,0,294,10),(1140,487.13,686,0,294,11),(1141,0.28,21284,0,294,12),(1142,0.00,0,0,294,13),(1143,0.06,4257,0,294,14),(1144,0.00,0,0,295,15),(1145,0.00,0,0,295,16),(1146,0.00,0,0,295,17),(1147,0.00,0,0,295,18),(1148,0.00,0,0,295,19),(1149,0.00,0,0,295,20),(1150,168.75,169,0,296,28),(1151,0.00,0,0,297,21),(1152,0.00,0,0,297,22),(1153,0.00,0,0,297,23),(1154,0.00,0,0,298,24),(1155,0.00,0,0,298,25),(1156,689.07,422,0,299,27),(1184,56.25,563,0,307,9),(1185,28.71,232,0,307,10),(1186,487.13,809,0,307,11),(1187,0.28,253,0,307,12),(1188,0.00,0,0,307,13),(1189,0.06,51,0,307,14),(1190,225.00,1406,0,308,1),(1191,1143.57,13197,0,308,2),(1192,56.53,1378,0,308,3),(1193,25.00,16805,0,308,4),(1194,4768.19,8032697,0,308,5),(1195,140.63,1266,0,308,6),(1196,115.74,6941,0,308,7),(1197,45.00,428,0,308,8),(1198,225.00,1406,0,309,1),(1199,653.07,13840,0,309,2),(1200,56.53,1434,0,309,3),(1201,25.00,15766,0,309,4),(1202,4768.19,8977894,0,309,5),(1203,140.63,1266,0,309,6),(1204,115.74,4382,0,309,7),(1205,45.00,428,0,309,8),(1206,56.25,563,0,310,9),(1207,28.71,793,0,310,10),(1208,487.13,988,0,310,11),(1209,0.28,534,0,310,12),(1210,0.00,0,0,310,13),(1211,0.06,107,0,310,14),(1212,0.00,0,0,311,15),(1213,0.00,0,0,311,16),(1214,0.00,0,0,311,17),(1215,0.00,0,0,311,18),(1216,0.00,0,0,311,19),(1217,0.00,0,0,311,20),(1218,168.75,169,0,312,28),(1219,0.00,0,0,313,21),(1220,0.00,0,0,313,22),(1221,0.00,0,0,313,23),(1222,0.00,0,0,314,24),(1223,0.00,0,0,314,25),(1224,689.07,422,0,315,27),(1279,225.00,1406,0,330,1),(1280,653.07,10690,0,330,2),(1281,56.53,1434,0,330,3),(1282,25.00,12617,0,330,4),(1283,7588.13,14225456,0,330,5),(1284,140.63,1266,0,330,6),(1285,115.74,4317,0,330,7),(1286,45.00,428,0,330,8),(1287,56.25,563,0,331,9),(1288,28.71,726,0,331,10),(1289,487.13,988,0,331,11),(1290,0.28,534,0,331,12),(1291,0.00,0,0,331,13),(1292,0.06,107,0,331,14),(1293,0.00,0,0,332,15),(1294,0.00,0,0,332,16),(1295,0.00,0,0,332,17),(1296,0.00,0,0,332,18),(1297,0.00,0,0,332,19),(1298,0.00,0,0,332,20),(1299,168.75,169,0,333,28),(1300,0.00,0,0,334,21),(1301,0.00,0,0,334,22),(1302,0.00,0,0,334,23),(1303,0.00,0,0,335,24),(1304,0.00,0,0,335,25),(1305,689.07,422,0,336,27),(1306,225.00,1406,0,337,1),(1307,651.38,10144,0,337,2),(1308,56.53,1434,0,337,3),(1309,23.31,12070,0,337,4),(1310,NULL,NULL,0,337,5),(1311,225.00,1406,0,338,1),(1312,651.38,10144,0,338,2),(1313,56.53,1434,0,338,3),(1314,23.31,12070,0,338,4),(1315,NULL,NULL,0,338,5),(1316,225.00,1406,0,339,1),(1317,651.38,10144,0,339,2),(1318,56.53,1434,0,339,3),(1319,23.31,12070,0,339,4),(1320,NULL,NULL,0,339,5),(1321,225.00,1406,0,340,1),(1322,651.38,10144,0,340,2),(1323,56.53,1434,0,340,3),(1324,23.31,12070,0,340,4),(1325,NULL,NULL,0,340,5),(1326,225.00,1406,0,341,1),(1327,653.07,10690,0,341,2),(1328,56.53,1434,0,341,3),(1329,25.00,12617,0,341,4),(1330,7534.98,14225456,0,341,5),(1331,140.63,1266,0,341,6),(1332,115.74,4317,0,341,7),(1333,45.00,428,0,341,8),(1334,56.25,563,0,342,9),(1335,28.71,726,0,342,10),(1336,487.13,988,0,342,11),(1337,0.28,534,0,342,12),(1338,0.00,0,0,342,13),(1339,0.06,107,0,342,14),(1340,0.00,0,0,343,15),(1341,0.00,0,0,343,16),(1342,0.00,0,0,343,17),(1343,0.00,0,0,343,18),(1344,0.00,0,0,343,19),(1345,0.00,0,0,343,20),(1346,168.75,169,0,344,28),(1347,0.00,0,0,345,21),(1348,0.00,0,0,345,22),(1349,0.00,0,0,345,23),(1350,0.00,0,0,346,24),(1351,0.00,0,0,346,25),(1352,689.07,422,0,347,27),(1398,225.00,1406,0,357,1),(1399,651.38,12557,0,357,2),(1400,56.53,1434,0,357,3),(1401,23.31,14484,0,357,4),(1402,NULL,NULL,0,357,5),(1403,225.00,1406,0,358,1),(1404,651.38,7140,0,358,2),(1405,56.53,1434,0,358,3),(1406,23.31,9067,0,358,4),(1407,NULL,NULL,0,358,5),(1408,225.00,1406,0,359,1),(1409,651.38,9554,0,359,2),(1410,56.53,1434,0,359,3),(1411,23.31,11480,0,359,4),(1412,8374.31,15820245,0,359,5),(1413,140.63,1266,0,359,6),(1414,115.74,4301,0,359,7),(1415,45.00,428,0,359,8),(1416,56.25,563,0,360,9),(1417,28.71,720,0,360,10),(1418,487.13,988,0,360,11),(1419,0.28,534,0,360,12),(1420,0.00,0,0,360,13),(1421,0.06,107,0,360,14),(1422,0.00,0,0,361,15),(1423,0.00,0,0,361,16),(1424,0.00,0,0,361,17),(1425,0.00,0,0,361,18),(1426,0.00,0,0,361,19),(1427,0.00,0,0,361,20),(1428,168.75,169,0,362,28),(1429,0.00,0,0,363,21),(1430,0.00,0,0,363,22),(1431,0.00,0,0,363,23),(1432,0.00,0,0,364,24),(1433,0.00,0,0,364,25),(1434,689.07,422,0,365,27),(1435,225.00,1406,0,366,1),(1436,651.38,10144,0,366,2),(1437,56.53,1434,0,366,3),(1438,23.31,12070,0,366,4),(1439,7534.98,14236678,0,366,5),(1440,140.63,1266,0,366,6),(1441,115.74,4317,0,366,7),(1442,45.00,428,0,366,8),(1443,56.25,563,0,367,9),(1444,28.71,726,0,367,10),(1445,487.13,988,0,367,11),(1446,0.28,534,0,367,12),(1447,0.00,0,0,367,13),(1448,0.06,107,0,367,14),(1449,0.00,0,0,368,15),(1450,0.00,0,0,368,16),(1451,0.00,0,0,368,17),(1452,0.00,0,0,368,18),(1453,0.00,0,0,368,19),(1454,0.00,0,0,368,20),(1455,168.75,169,0,369,28),(1456,0.00,0,0,370,21),(1457,0.00,0,0,370,22),(1458,0.00,0,0,370,23),(1459,0.00,0,0,371,24),(1460,0.00,0,0,371,25),(1461,689.07,422,0,372,27),(1489,225.00,1406,0,380,1),(1490,651.38,10144,0,380,2),(1491,56.53,1434,0,380,3),(1492,23.31,12070,0,380,4),(1493,7534.98,14236678,0,380,5),(1494,140.63,1266,0,380,6),(1495,115.74,4317,0,380,7),(1496,45.00,428,0,380,8),(1497,56.25,563,0,381,9),(1498,28.71,726,0,381,10),(1499,487.13,988,0,381,11),(1500,0.28,534,0,381,12),(1501,0.00,0,0,381,13),(1502,0.06,107,0,381,14),(1503,0.00,0,0,382,15),(1504,0.00,0,0,382,16),(1505,0.00,0,0,382,17),(1506,0.00,0,0,382,18),(1507,0.00,0,0,382,19),(1508,0.00,0,0,382,20),(1509,168.75,169,0,383,28),(1510,0.00,0,0,384,21),(1511,0.00,0,0,384,22),(1512,0.00,0,0,384,23),(1513,0.00,0,0,385,24),(1514,0.00,0,0,385,25),(1515,689.07,422,0,386,27),(1516,225.00,1406,0,387,1),(1517,651.38,7832,0,387,2),(1518,56.53,1434,0,387,3),(1519,23.31,9759,0,387,4),(1520,12327.01,23341538,0,387,5),(1521,140.63,1266,0,387,6),(1522,115.74,4254,0,387,7),(1523,45.00,428,0,387,8),(1524,56.25,563,0,388,9),(1525,28.71,704,0,388,10),(1526,487.13,988,0,388,11),(1527,0.28,534,0,388,12),(1528,0.00,0,0,388,13),(1529,0.06,107,0,388,14),(1530,0.00,0,0,389,15),(1531,0.00,0,0,389,16),(1532,0.00,0,0,389,17),(1533,0.00,0,0,389,18),(1534,0.00,0,0,389,19),(1535,0.00,0,0,389,20),(1536,168.75,169,0,390,28),(1537,0.00,0,0,391,21),(1538,0.00,0,0,391,22),(1539,0.00,0,0,391,23),(1540,0.00,0,0,392,24),(1541,0.00,0,0,392,25),(1542,689.07,422,0,393,27),(1543,225.00,1406,0,394,1),(1544,653.07,18214,0,394,2),(1545,56.53,1434,0,394,3),(1546,25.00,20141,0,394,4),(1547,40.40,23693,0,394,5),(1548,142.51,4828,0,394,6),(1549,115.74,4502,0,394,7),(1550,45.00,428,0,394,8),(1551,56.25,563,0,395,9),(1552,28.71,791,0,395,10),(1553,487.13,988,0,395,11),(1554,0.28,534,0,395,12),(1555,0.00,0,0,395,13),(1556,0.06,107,0,395,14),(1557,0.00,0,0,396,15),(1558,0.00,0,0,396,16),(1559,0.00,0,0,396,17),(1560,0.00,0,0,396,18),(1561,0.00,0,0,396,19),(1562,0.00,0,0,396,20),(1563,168.75,169,0,397,28),(1564,0.00,0,0,398,21),(1565,0.00,0,0,398,22),(1566,0.00,0,0,398,23),(1567,0.00,0,0,399,24),(1568,0.00,0,0,399,25),(1569,689.07,422,0,400,27),(1570,225.00,1406,0,401,1),(1571,651.38,7140,0,401,2),(1572,56.53,1434,0,401,3),(1573,23.31,9067,0,401,4),(1574,59.08,32456,0,401,5),(1575,142.51,4828,0,401,6),(1576,115.74,4235,0,401,7),(1577,45.00,428,0,401,8),(1578,56.25,563,0,402,9),(1579,28.71,697,0,402,10),(1580,487.13,988,0,402,11),(1581,0.28,534,0,402,12),(1582,0.00,0,0,402,13),(1583,0.06,107,0,402,14),(1584,0.00,0,0,403,15),(1585,0.00,0,0,403,16),(1586,0.00,0,0,403,17),(1587,0.00,0,0,403,18),(1588,0.00,0,0,403,19),(1589,0.00,0,0,403,20),(1590,168.75,169,0,404,28),(1591,0.00,0,0,405,21),(1592,0.00,0,0,405,22),(1593,0.00,0,0,405,23),(1594,0.00,0,0,406,24),(1595,0.00,0,0,406,25),(1596,689.07,422,0,407,27),(1597,225.00,1406,0,408,1),(1598,653.07,10690,0,408,2),(1599,56.53,1434,0,408,3),(1600,25.00,12617,0,408,4),(1601,44.07,3956,0,408,5),(1602,142.51,4828,0,408,6),(1603,115.74,4317,0,408,7),(1604,45.00,428,0,408,8),(1605,56.25,563,0,409,9),(1606,28.64,671,0,409,10),(1607,NULL,NULL,0,409,11),(1608,225.00,1406,0,410,1),(1609,651.38,10144,0,410,2),(1610,56.53,1434,0,410,3),(1611,23.31,12070,0,410,4),(1612,44.07,3956,0,410,5),(1613,142.51,4828,0,410,6),(1614,115.74,4317,0,410,7),(1615,45.00,428,0,410,8),(1616,56.25,563,0,411,9),(1617,28.64,671,0,411,10),(1618,149.63,988,0,411,11),(1619,0.28,534,0,411,12),(1620,NULL,NULL,0,411,13),(1621,225.00,1406,0,412,1),(1622,651.38,4682,0,412,2),(1623,56.53,1434,0,412,3),(1624,23.31,6609,0,412,4),(1625,60.30,34772,0,412,5),(1626,142.51,4828,0,412,6),(1627,115.74,4168,0,412,7),(1628,45.00,428,0,412,8),(1629,56.25,563,0,413,9),(1630,28.64,619,0,413,10),(1631,149.63,988,0,413,11),(1632,0.28,534,0,413,12),(1633,6.60,5280,0,413,13),(1634,0.06,107,0,413,14),(1635,0.00,0,0,414,15),(1636,0.00,0,0,414,16),(1637,0.00,0,0,414,17),(1638,0.00,0,0,414,18),(1639,0.00,0,0,414,19),(1640,0.00,0,0,414,20),(1641,168.75,169,0,415,28),(1642,0.00,0,0,416,21),(1643,0.00,0,0,416,22),(1644,0.00,0,0,416,23),(1645,0.00,0,0,417,24),(1646,0.00,0,0,417,25),(1647,379.69,422,0,418,27),(1648,225.00,1406,0,419,1),(1649,187.32,12979,0,419,2),(1650,56.53,1434,0,419,3),(1651,25.00,13308,0,419,4),(1652,59.08,32456,0,419,5),(1653,142.51,4828,0,419,6),(1654,115.74,2014,0,419,7),(1655,45.00,428,0,419,8),(1656,56.25,563,0,420,9),(1657,28.64,723,0,420,10),(1658,149.63,988,0,420,11),(1659,0.28,534,0,420,12),(1660,30.00,25800,0,420,13),(1661,0.06,107,0,420,14),(1662,0.00,0,0,421,15),(1663,0.00,0,0,421,16),(1664,0.00,0,0,421,17),(1665,0.00,0,0,421,18),(1666,0.00,0,0,421,19),(1667,0.00,0,0,421,20),(1668,168.75,169,0,422,28),(1669,0.00,0,0,423,21),(1670,0.00,0,0,423,22),(1671,0.00,0,0,423,23),(1672,0.00,0,0,424,24),(1673,0.00,0,0,424,25),(1674,379.69,422,0,425,27),(1675,225.00,1406,0,426,1),(1676,653.07,16705,0,426,2),(1677,56.53,1434,0,426,3),(1678,25.00,18631,0,426,4),(1679,44.07,3956,0,426,5),(1680,142.51,4828,0,426,6),(1681,115.74,4465,0,426,7),(1682,45.00,428,0,426,8),(1683,56.25,563,0,427,9),(1684,28.64,723,0,427,10),(1685,149.63,988,0,427,11),(1686,0.28,534,0,427,12),(1687,6.00,6600,0,427,13),(1688,0.06,107,0,427,14),(1689,0.00,0,0,428,15),(1690,0.00,0,0,428,16),(1691,0.00,0,0,428,17),(1692,0.00,0,0,428,18),(1693,0.00,0,0,428,19),(1694,0.00,0,0,428,20),(1695,168.75,169,0,429,28),(1696,0.00,0,0,430,21),(1697,0.00,0,0,430,22),(1698,0.00,0,0,430,23),(1699,0.00,0,0,431,24),(1700,0.00,0,0,431,25),(1701,NULL,NULL,0,432,27),(1729,225.00,1406,0,440,1),(1730,653.07,16705,0,440,2),(1731,56.53,1434,0,440,3),(1732,25.00,18631,0,440,4),(1733,59.08,32456,0,440,5),(1734,142.51,4828,0,440,6),(1735,115.74,4465,0,440,7),(1736,45.00,428,0,440,8),(1737,56.25,563,0,441,9),(1738,28.64,723,0,441,10),(1739,149.63,988,0,441,11),(1740,0.28,534,0,441,12),(1741,30.00,25800,0,441,13),(1742,0.06,107,0,441,14),(1743,0.00,0,0,442,15),(1744,0.00,0,0,442,16),(1745,0.00,0,0,442,17),(1746,0.00,0,0,442,18),(1747,0.00,0,0,442,19),(1748,0.00,0,0,442,20),(1749,168.75,169,0,443,28),(1750,0.00,0,0,444,21),(1751,0.00,0,0,444,22),(1752,0.00,0,0,444,23),(1753,0.00,0,0,445,24),(1754,0.00,0,0,445,25),(1755,379.69,422,0,446,27),(1756,225.00,1406,0,447,1),(1757,187.32,12979,0,447,2),(1758,56.53,1434,0,447,3),(1759,25.00,13308,0,447,4),(1760,59.08,32456,0,447,5),(1761,142.51,4828,0,447,6),(1762,115.74,2014,0,447,7),(1763,45.00,428,0,447,8),(1764,56.25,563,0,448,9),(1765,28.64,723,0,448,10),(1766,149.63,988,0,448,11),(1767,0.28,534,0,448,12),(1768,30.00,25800,0,448,13),(1769,0.06,107,0,448,14),(1770,0.00,0,0,449,15),(1771,0.00,0,0,449,16),(1772,0.00,0,0,449,17),(1773,0.00,0,0,449,18),(1774,0.00,0,0,449,19),(1775,0.00,0,0,449,20),(1776,168.75,169,0,450,28),(1777,0.00,0,0,451,21),(1778,0.00,0,0,451,22),(1779,0.00,0,0,451,23),(1780,0.00,0,0,452,24),(1781,0.00,0,0,452,25),(1782,379.69,422,0,453,27),(1873,225.00,1406,0,473,1),(1874,187.32,12979,0,473,2),(1875,56.53,1434,0,473,3),(1876,25.00,13308,0,473,4),(1877,44.07,3956,0,473,5),(1878,142.51,4828,0,473,6),(1879,115.74,2014,0,473,7),(1880,45.00,428,0,473,8),(1881,56.25,563,0,474,9),(1882,28.64,723,0,474,10),(1883,149.63,988,0,474,11),(1884,0.28,534,0,474,12),(1885,6.00,6600,0,474,13),(1886,0.06,107,0,474,14),(1887,0.00,0,0,475,15),(1888,0.00,0,0,475,16),(1889,0.00,0,0,475,17),(1890,0.00,0,0,475,18),(1891,0.00,0,0,475,19),(1892,0.00,0,0,475,20),(1893,NULL,NULL,0,476,28),(1894,NULL,NULL,0,477,28),(1895,NULL,NULL,0,478,28),(1896,NULL,NULL,0,479,28),(1897,NULL,NULL,0,480,28),(1898,NULL,NULL,0,481,28),(1899,NULL,NULL,0,482,28),(1900,NULL,NULL,0,483,28),(1901,NULL,NULL,0,484,28),(1902,225.00,1406,0,485,1),(1903,187.32,9619,0,485,2),(1904,56.53,1434,0,485,3),(1905,25.00,9948,0,485,4),(1906,44.07,3956,0,485,5),(1907,142.51,4828,0,485,6),(1908,115.74,1931,0,485,7),(1909,45.00,428,0,485,8),(1910,56.25,563,0,486,9),(1911,28.64,694,0,486,10),(1912,149.63,988,0,486,11),(1913,0.28,534,0,486,12),(1914,6.00,6600,0,486,13),(1915,0.06,107,0,486,14),(1916,0.00,0,0,487,15),(1917,0.00,0,0,487,16),(1918,0.00,0,0,487,17),(1919,0.00,0,0,487,18),(1920,0.00,0,0,487,19),(1921,0.00,0,0,487,20),(1922,NULL,NULL,0,488,28),(1944,NULL,NULL,0,493,28),(1945,NULL,NULL,0,494,28),(2030,225.00,1406,0,511,1),(2031,187.32,12979,0,511,2),(2032,56.53,1434,0,511,3),(2033,25.00,13308,0,511,4),(2034,44.07,3956,0,511,5),(2035,142.51,4828,0,511,6),(2036,115.74,2014,0,511,7),(2037,45.00,428,0,511,8),(2038,56.25,563,0,512,9),(2039,28.64,723,0,512,10),(2040,149.63,988,0,512,11),(2041,0.28,534,0,512,12),(2042,6.00,6600,0,512,13),(2043,0.06,107,0,512,14),(2044,0.00,0,0,513,15),(2045,0.00,0,0,513,16),(2046,0.00,0,0,513,17),(2047,0.00,0,0,513,18),(2048,0.00,0,0,513,19),(2049,0.00,0,0,513,20),(2050,NULL,NULL,0,514,28),(2051,225.00,1406,0,515,1),(2052,653.07,9181,0,515,2),(2053,56.53,1434,0,515,3),(2054,25.00,11107,0,515,4),(2055,44.07,3956,0,515,5),(2056,142.51,4828,0,515,6),(2057,115.74,4280,0,515,7),(2058,45.00,428,0,515,8),(2059,56.25,563,0,516,9),(2060,28.64,658,0,516,10),(2061,149.63,988,0,516,11),(2062,0.28,534,0,516,12),(2063,6.00,6600,0,516,13),(2064,0.06,107,0,516,14),(2065,0.00,0,0,517,15),(2066,0.00,0,0,517,16),(2067,0.00,0,0,517,17),(2068,0.00,0,0,517,18),(2069,0.00,0,0,517,19),(2070,0.00,0,0,517,20),(2071,NULL,NULL,0,518,28),(2072,225.00,1406,0,519,1),(2073,653.07,10690,0,519,2),(2074,56.53,1434,0,519,3),(2075,25.00,12617,0,519,4),(2076,44.07,3956,0,519,5),(2077,142.51,4828,0,519,6),(2078,115.74,4317,0,519,7),(2079,45.00,428,0,519,8),(2080,56.25,563,0,520,9),(2081,28.64,671,0,520,10),(2082,84.38,619,0,520,11),(2083,0.28,534,0,520,12),(2084,0.00,0,0,520,13),(2085,0.06,107,0,520,14),(2086,0.00,0,0,521,15),(2087,0.00,0,0,521,16),(2088,0.00,0,0,521,17),(2089,0.00,0,0,521,18),(2090,0.00,0,0,521,19),(2091,0.00,0,0,521,20),(2092,206.55,169,0,522,28),(2093,0.00,0,0,523,21),(2094,0.00,0,0,523,22),(2095,0.00,0,0,523,23),(2096,0.00,0,0,524,24),(2097,0.00,0,0,524,25),(2098,323.44,84,0,525,27);
/*!40000 ALTER TABLE `demandcategorycalculation` ENABLE KEYS */;
UNLOCK TABLES;

--
-- Table structure for table `demandcategorycalculationitem`
--

DROP TABLE IF EXISTS `demandcategorycalculationitem`;
/*!40101 SET @saved_cs_client     = @@character_set_client */;
/*!40101 SET character_set_client = utf8 */;
CREATE TABLE `demandcategorycalculationitem` (
  `ID` bigint(20) NOT NULL AUTO_INCREMENT,
  `CALCULTAED` tinyint(1) DEFAULT '0',
  `PRICE` decimal(10,2) DEFAULT NULL,
  `PRICEGLOBAL` decimal(10,2) DEFAULT NULL,
  `PRICEGLOBALUPDATE` decimal(10,2) DEFAULT NULL,
  `PRICEUPDATE` decimal(10,2) DEFAULT NULL,
  `DEMANDCATEGORYCALCULATION_ID` bigint(20) DEFAULT NULL,
  `DEPARTEMENTCRITERIAITEM_ID` bigint(20) DEFAULT NULL,
  PRIMARY KEY (`ID`),
  KEY `DMNDCATEGORYCALCULATIONITEMDPRTEMENTCRITERIAITEMID` (`DEPARTEMENTCRITERIAITEM_ID`),
  KEY `DMNDCTEGORYCALCULATIONITEMDMNDCTEGORYCALCULATIONID` (`DEMANDCATEGORYCALCULATION_ID`),
  CONSTRAINT `DMNDCATEGORYCALCULATIONITEMDPRTEMENTCRITERIAITEMID` FOREIGN KEY (`DEPARTEMENTCRITERIAITEM_ID`) REFERENCES `departementcriteriaitem` (`ID`),
  CONSTRAINT `DMNDCTEGORYCALCULATIONITEMDMNDCTEGORYCALCULATIONID` FOREIGN KEY (`DEMANDCATEGORYCALCULATION_ID`) REFERENCES `demandcategorycalculation` (`ID`)
) ENGINE=InnoDB AUTO_INCREMENT=4758 DEFAULT CHARSET=latin1;
/*!40101 SET character_set_client = @saved_cs_client */;

--
-- Dumping data for table `demandcategorycalculationitem`
--

LOCK TABLES `demandcategorycalculationitem` WRITE;
/*!40000 ALTER TABLE `demandcategorycalculationitem` DISABLE KEYS */;
INSERT INTO `demandcategorycalculationitem` VALUES (813,1,56.00,448.00,448.00,56.00,371,1),(814,1,56.00,336.00,336.00,56.00,371,2),(815,1,56.00,168.00,168.00,56.00,371,7),(816,1,56.00,448.00,448.00,56.00,371,8),(817,1,56.00,56.00,56.00,56.00,372,3),(818,1,0.00,0.00,0.00,0.00,372,4),(819,1,5.60,11.20,11.20,5.60,372,16),(820,1,11.20,22.40,22.40,11.20,372,17),(821,1,0.28,1.68,1.68,0.28,373,11),(822,1,56.00,896.00,896.00,56.00,373,12),(823,1,6.40,0.00,0.00,6.40,374,13),(824,1,11.20,22.40,22.40,11.20,374,19),(825,1,5.60,11.20,11.20,5.60,374,20),(826,1,28.00,392.00,392.00,28.00,375,14),(827,1,0.00,0.00,0.00,0.00,375,15),(828,1,0.00,0.00,0.00,0.00,375,21),(829,1,0.00,0.00,0.00,0.00,375,22),(830,1,0.00,0.00,0.00,0.00,375,23),(831,1,0.00,0.00,0.00,0.00,375,24),(832,1,0.00,0.00,0.00,0.00,376,25),(833,1,140.00,2100.00,2100.00,140.00,376,26),(834,1,0.28,0.56,0.56,0.28,377,27),(835,1,56.00,672.00,672.00,56.00,377,28),(836,1,56.00,448.00,448.00,56.00,377,29),(837,1,2.95,0.00,0.00,2.95,377,30),(838,1,22.40,336.00,336.00,22.40,378,31),(839,1,22.40,224.00,224.00,22.40,378,32),(840,1,56.00,560.00,560.00,56.00,379,5),(841,1,0.23,0.47,0.47,0.23,380,33),(842,1,0.35,2.45,2.45,0.35,380,34),(843,1,28.00,392.00,392.00,28.00,380,35),(844,1,224.00,224.00,224.00,224.00,381,36),(845,1,28.00,392.00,392.00,28.00,381,37),(846,1,8.96,116.48,116.48,8.96,381,38),(847,1,224.00,224.00,224.00,224.00,381,39),(848,1,0.28,1.68,1.68,0.28,382,40),(849,1,0.00,0.00,0.00,0.00,383,6),(850,1,0.06,0.34,0.34,0.06,384,41),(851,1,0.00,0.00,0.00,0.00,391,48),(852,1,0.00,0.00,0.00,0.00,391,49),(853,1,0.00,0.00,0.00,0.00,391,50),(854,1,0.00,0.00,0.00,0.00,391,51),(855,1,0.00,0.00,0.00,0.00,391,52),(856,1,0.00,0.00,0.00,0.00,391,53),(857,1,0.00,0.00,0.00,0.00,391,54),(858,1,0.00,0.00,0.00,0.00,391,55),(859,1,0.00,0.00,0.00,0.00,391,58),(860,1,0.00,0.00,0.00,0.00,391,59),(861,1,0.00,0.00,0.00,0.00,391,60),(862,1,0.00,0.00,0.00,0.00,391,61),(863,1,0.00,0.00,0.00,0.00,391,62),(864,1,168.00,168.00,168.00,168.00,391,63),(865,1,0.00,0.00,0.00,0.00,391,64),(866,1,252.00,504.00,504.00,252.00,397,42),(867,1,168.00,336.00,336.00,168.00,397,43),(868,1,42.00,84.00,84.00,42.00,397,44),(869,1,14.00,42.00,42.00,14.00,397,45),(870,1,336.00,336.00,336.00,336.00,397,46),(871,1,84.00,84.00,84.00,84.00,397,47),(872,1,56.00,448.00,448.00,56.00,398,1),(873,1,56.00,336.00,336.00,56.00,398,2),(874,1,56.00,168.00,168.00,56.00,398,7),(875,1,56.00,448.00,448.00,56.00,398,8),(876,1,56.00,56.00,56.00,56.00,399,3),(877,1,0.00,0.00,0.00,0.00,399,4),(878,1,5.60,56.00,56.00,5.60,399,16),(879,1,11.20,123.20,123.20,11.20,399,17),(880,1,0.28,1.68,1.68,0.28,400,11),(881,1,56.00,896.00,896.00,56.00,400,12),(882,1,6.40,0.00,0.00,6.40,401,13),(883,1,11.20,123.20,123.20,11.20,401,19),(884,1,5.60,56.00,56.00,5.60,401,20),(885,1,28.00,392.00,392.00,28.00,402,14),(886,1,0.00,0.00,0.00,0.00,402,15),(887,1,0.00,0.00,0.00,0.00,402,21),(888,1,0.00,0.00,0.00,0.00,402,22),(889,1,0.00,0.00,0.00,0.00,402,23),(890,1,0.00,0.00,0.00,0.00,402,24),(891,1,0.00,0.00,0.00,0.00,403,25),(892,1,140.00,2100.00,2100.00,140.00,403,26),(893,1,0.28,2.80,2.80,0.28,404,27),(894,1,56.00,672.00,672.00,56.00,404,28),(895,1,56.00,448.00,448.00,56.00,404,29),(896,1,2.95,0.00,0.00,2.95,404,30),(897,1,22.40,336.00,336.00,22.40,405,31),(898,1,22.40,224.00,224.00,22.40,405,32),(899,1,56.00,560.00,560.00,56.00,406,5),(900,1,0.23,2.57,2.57,0.23,407,33),(901,1,0.35,2.45,2.45,0.35,407,34),(902,1,28.00,392.00,392.00,28.00,407,35),(903,1,224.00,224.00,224.00,224.00,408,36),(904,1,28.00,392.00,392.00,28.00,408,37),(905,1,8.96,116.48,116.48,8.96,408,38),(906,1,224.00,224.00,224.00,224.00,408,39),(907,1,0.28,1.68,1.68,0.28,409,40),(908,1,0.00,0.00,0.00,0.00,410,6),(909,1,0.06,0.34,0.34,0.06,411,41),(910,1,0.00,0.00,0.00,0.00,418,48),(911,1,0.00,0.00,0.00,0.00,418,49),(912,1,0.00,0.00,0.00,0.00,418,50),(913,1,0.00,0.00,0.00,0.00,418,51),(914,1,0.00,0.00,0.00,0.00,418,52),(915,1,0.00,0.00,0.00,0.00,418,53),(916,1,0.00,0.00,0.00,0.00,418,54),(917,1,0.00,0.00,0.00,0.00,418,55),(918,1,0.00,0.00,0.00,0.00,418,58),(919,1,0.00,0.00,0.00,0.00,418,59),(920,1,0.00,0.00,0.00,0.00,418,60),(921,1,0.00,0.00,0.00,0.00,418,61),(922,1,0.00,0.00,0.00,0.00,418,62),(923,1,168.00,168.00,168.00,168.00,418,63),(924,1,0.00,0.00,0.00,0.00,418,64),(925,1,252.00,0.00,0.00,252.00,424,42),(926,1,0.00,0.00,0.00,0.00,424,43),(927,1,0.00,0.00,0.00,0.00,424,44),(928,1,14.00,0.00,0.00,14.00,424,45),(929,1,336.00,336.00,336.00,336.00,424,46),(930,1,84.00,84.00,84.00,84.00,424,47),(931,1,56.00,448.00,448.00,56.00,425,1),(932,1,56.00,336.00,336.00,56.00,425,2),(933,1,56.00,168.00,168.00,56.00,425,7),(934,1,56.00,448.00,448.00,56.00,425,8),(935,1,56.00,56.00,56.00,56.00,426,3),(936,1,0.00,0.00,0.00,0.00,426,4),(937,1,56.00,448.00,448.00,56.00,427,1),(938,1,56.00,336.00,336.00,56.00,427,2),(939,1,56.00,168.00,168.00,56.00,427,7),(940,1,56.00,448.00,448.00,56.00,427,8),(941,1,56.00,56.00,56.00,56.00,428,3),(942,1,0.00,0.00,0.00,0.00,428,4),(943,1,56.00,448.00,448.00,56.00,430,1),(944,1,56.00,336.00,336.00,56.00,430,2),(945,1,56.00,168.00,168.00,56.00,430,7),(946,1,56.00,448.00,448.00,56.00,430,8),(947,1,56.00,56.00,56.00,56.00,431,3),(948,1,0.00,0.00,0.00,0.00,431,4),(949,1,5.60,5.60,5.60,5.60,431,16),(950,1,11.20,11.20,11.20,11.20,431,17),(951,1,0.28,1.68,1.68,0.28,432,11),(952,1,56.00,896.00,896.00,56.00,432,12),(953,1,6.40,0.00,0.00,6.40,433,13),(954,1,11.20,11.20,11.20,11.20,433,19),(955,1,5.60,5.60,5.60,5.60,433,20),(956,1,28.00,392.00,392.00,28.00,434,14),(957,1,0.00,0.00,0.00,0.00,434,15),(958,1,0.00,0.00,0.00,0.00,434,21),(959,1,0.00,0.00,0.00,0.00,434,22),(960,1,0.00,0.00,0.00,0.00,434,23),(961,1,0.00,0.00,0.00,0.00,434,24),(962,1,0.00,0.00,0.00,0.00,435,25),(963,1,140.00,2100.00,2100.00,140.00,435,26),(964,1,0.28,0.28,0.28,0.28,436,27),(965,1,56.00,672.00,672.00,56.00,436,28),(966,1,56.00,448.00,448.00,56.00,436,29),(967,1,2.95,0.00,0.00,2.95,436,30),(968,1,22.40,336.00,336.00,22.40,437,31),(969,1,22.40,224.00,224.00,22.40,437,32),(970,1,56.00,560.00,560.00,56.00,438,5),(971,1,0.23,0.23,0.23,0.23,439,33),(972,1,0.35,2.45,2.45,0.35,439,34),(973,1,28.00,392.00,392.00,28.00,439,35),(974,1,224.00,224.00,224.00,224.00,440,36),(975,1,28.00,392.00,392.00,28.00,440,37),(976,1,8.96,116.48,116.48,8.96,440,38),(977,1,224.00,224.00,224.00,224.00,440,39),(978,1,0.28,1.68,1.68,0.28,441,40),(979,1,0.00,0.00,0.00,0.00,442,6),(980,1,0.06,0.34,0.34,0.06,443,41),(981,1,0.00,0.00,0.00,0.00,450,48),(982,1,0.00,0.00,0.00,0.00,450,49),(983,1,0.00,0.00,0.00,0.00,450,50),(984,1,0.00,0.00,0.00,0.00,450,51),(985,1,0.00,0.00,0.00,0.00,450,52),(986,1,0.00,0.00,0.00,0.00,450,53),(987,1,0.00,0.00,0.00,0.00,450,54),(988,1,0.00,0.00,0.00,0.00,450,55),(989,1,0.00,0.00,0.00,0.00,450,58),(990,1,0.00,0.00,0.00,0.00,450,59),(991,1,0.00,0.00,0.00,0.00,450,60),(992,1,0.00,0.00,0.00,0.00,450,61),(993,1,0.00,0.00,0.00,0.00,450,62),(994,1,168.00,168.00,168.00,168.00,450,63),(995,1,0.00,0.00,0.00,0.00,450,64),(996,1,252.00,504.00,504.00,252.00,456,42),(997,1,168.00,336.00,336.00,168.00,456,43),(998,1,42.00,84.00,84.00,42.00,456,44),(999,1,14.00,42.00,42.00,14.00,456,45),(1000,1,336.00,336.00,336.00,336.00,456,46),(1001,1,84.00,84.00,84.00,84.00,456,47),(1002,1,56.00,448.00,448.00,56.00,457,1),(1003,1,56.00,336.00,336.00,56.00,457,2),(1004,1,56.00,168.00,168.00,56.00,457,7),(1005,1,56.00,448.00,448.00,56.00,457,8),(1006,1,56.00,56.00,56.00,56.00,458,3),(1007,1,0.00,0.00,0.00,0.00,458,4),(1008,1,5.60,5.60,5.60,5.60,458,16),(1009,1,11.20,11.20,11.20,11.20,458,17),(1010,1,0.28,1.68,1.68,0.28,459,11),(1011,1,56.00,896.00,896.00,56.00,459,12),(1012,1,6.40,0.00,0.00,6.40,460,13),(1013,1,11.20,11.20,11.20,11.20,460,19),(1014,1,5.60,5.60,5.60,5.60,460,20),(1015,1,28.00,392.00,392.00,28.00,461,14),(1016,1,0.00,0.00,0.00,0.00,461,15),(1017,1,0.00,0.00,0.00,0.00,461,21),(1018,1,0.00,0.00,0.00,0.00,461,22),(1019,1,0.00,0.00,0.00,0.00,461,23),(1020,1,0.00,0.00,0.00,0.00,461,24),(1021,1,0.00,0.00,0.00,0.00,462,25),(1022,1,140.00,2100.00,2100.00,140.00,462,26),(1023,1,0.28,0.28,0.28,0.28,463,27),(1024,1,56.00,672.00,672.00,56.00,463,28),(1025,1,56.00,448.00,448.00,56.00,463,29),(1026,1,2.95,0.00,0.00,2.95,463,30),(1027,1,22.40,336.00,336.00,22.40,464,31),(1028,1,22.40,224.00,224.00,22.40,464,32),(1029,1,56.00,560.00,560.00,56.00,465,5),(1030,1,0.23,0.23,0.23,0.23,466,33),(1031,1,0.35,2.45,2.45,0.35,466,34),(1032,1,28.00,392.00,392.00,28.00,466,35),(1033,1,224.00,224.00,224.00,224.00,467,36),(1034,1,28.00,392.00,392.00,28.00,467,37),(1035,1,8.96,116.48,116.48,8.96,467,38),(1036,1,224.00,224.00,224.00,224.00,467,39),(1037,1,0.28,1.68,1.68,0.28,468,40),(1038,1,0.00,0.00,0.00,0.00,469,6),(1039,1,0.06,0.34,0.34,0.06,470,41),(1040,1,0.00,0.00,0.00,0.00,477,48),(1041,1,0.00,0.00,0.00,0.00,477,49),(1042,1,0.00,0.00,0.00,0.00,477,50),(1043,1,0.00,0.00,0.00,0.00,477,51),(1044,1,0.00,0.00,0.00,0.00,477,52),(1045,1,0.00,0.00,0.00,0.00,477,53),(1046,1,0.00,0.00,0.00,0.00,477,54),(1047,1,0.00,0.00,0.00,0.00,477,55),(1048,1,0.00,0.00,0.00,0.00,477,58),(1049,1,0.00,0.00,0.00,0.00,477,59),(1050,1,0.00,0.00,0.00,0.00,477,60),(1051,1,0.00,0.00,0.00,0.00,477,61),(1052,1,0.00,0.00,0.00,0.00,477,62),(1053,1,168.00,168.00,168.00,168.00,477,63),(1054,1,0.00,0.00,0.00,0.00,477,64),(1055,1,252.00,504.00,504.00,252.00,483,42),(1056,1,168.00,336.00,336.00,168.00,483,43),(1057,1,42.00,84.00,84.00,42.00,483,44),(1058,1,14.00,42.00,42.00,14.00,483,45),(1059,1,336.00,336.00,336.00,336.00,483,46),(1060,1,84.00,84.00,84.00,84.00,483,47),(1119,1,56.00,448.00,448.00,56.00,511,1),(1120,1,56.00,336.00,336.00,56.00,511,2),(1121,1,56.00,168.00,168.00,56.00,511,7),(1122,1,56.00,448.00,448.00,56.00,511,8),(1123,1,56.00,56.00,56.00,56.00,512,3),(1124,1,0.00,0.00,0.00,0.00,512,4),(1125,1,5.60,5.60,5.60,5.60,512,16),(1126,1,11.20,11.20,11.20,11.20,512,17),(1127,1,0.28,1.68,1.68,0.28,513,11),(1128,1,56.00,896.00,896.00,56.00,513,12),(1129,1,6.40,0.00,0.00,6.40,514,13),(1130,1,11.20,11.20,11.20,11.20,514,19),(1131,1,5.60,5.60,5.60,5.60,514,20),(1132,1,28.00,392.00,392.00,28.00,515,14),(1133,1,0.00,0.00,0.00,0.00,515,15),(1134,1,0.00,0.00,0.00,0.00,515,21),(1135,1,0.00,0.00,0.00,0.00,515,22),(1136,1,0.00,0.00,0.00,0.00,515,23),(1137,1,0.00,0.00,0.00,0.00,515,24),(1138,1,0.00,0.00,0.00,0.00,516,25),(1139,1,140.00,2100.00,2100.00,140.00,516,26),(1140,1,0.28,0.28,0.28,0.28,517,27),(1141,1,56.00,672.00,672.00,56.00,517,28),(1142,1,56.00,448.00,448.00,56.00,517,29),(1143,1,2.95,0.00,0.00,2.95,517,30),(1144,1,22.40,336.00,336.00,22.40,518,31),(1145,1,22.40,224.00,224.00,22.40,518,32),(1146,1,56.00,560.00,560.00,56.00,519,5),(1147,1,0.23,0.23,0.23,0.23,520,33),(1148,1,0.35,2.45,2.45,0.35,520,34),(1149,1,28.00,392.00,392.00,28.00,520,35),(1150,1,224.00,224.00,224.00,224.00,521,36),(1151,1,28.00,392.00,392.00,28.00,521,37),(1152,1,8.96,116.48,116.48,8.96,521,38),(1153,1,224.00,224.00,224.00,224.00,521,39),(1154,1,0.28,1.68,1.68,0.28,522,40),(1155,1,0.00,0.00,0.00,0.00,523,6),(1156,1,0.06,0.34,0.34,0.06,524,41),(1157,1,0.00,0.00,0.00,0.00,531,48),(1158,1,0.00,0.00,0.00,0.00,531,49),(1159,1,0.00,0.00,0.00,0.00,531,50),(1160,1,0.00,0.00,0.00,0.00,531,51),(1161,1,0.00,0.00,0.00,0.00,531,52),(1162,1,0.00,0.00,0.00,0.00,531,53),(1163,1,0.00,0.00,0.00,0.00,531,54),(1164,1,0.00,0.00,0.00,0.00,531,55),(1165,1,0.00,0.00,0.00,0.00,531,58),(1166,1,0.00,0.00,0.00,0.00,531,59),(1167,1,0.00,0.00,0.00,0.00,531,60),(1168,1,0.00,0.00,0.00,0.00,531,61),(1169,1,0.00,0.00,0.00,0.00,531,62),(1170,1,168.00,168.00,168.00,168.00,531,63),(1171,1,0.00,0.00,0.00,0.00,531,64),(1172,1,252.00,504.00,504.00,252.00,537,42),(1173,1,168.00,336.00,336.00,168.00,537,43),(1174,1,42.00,84.00,84.00,42.00,537,44),(1175,1,14.00,42.00,42.00,14.00,537,45),(1176,1,336.00,336.00,336.00,336.00,537,46),(1177,1,84.00,84.00,84.00,84.00,537,47),(1178,1,56.00,448.00,448.00,56.00,538,1),(1179,1,56.00,336.00,336.00,56.00,538,2),(1180,1,56.00,168.00,168.00,56.00,538,7),(1181,1,56.00,448.00,448.00,56.00,538,8),(1182,1,56.00,56.00,56.00,56.00,539,3),(1183,1,0.00,0.00,0.00,0.00,539,4),(1184,1,5.60,5.60,5.60,5.60,539,16),(1185,1,11.20,11.20,11.20,11.20,539,17),(1186,1,0.28,1.68,1.68,0.28,540,11),(1187,1,56.00,896.00,896.00,56.00,540,12),(1188,1,6.40,0.00,0.00,6.40,541,13),(1189,1,11.20,11.20,11.20,11.20,541,19),(1190,1,5.60,5.60,5.60,5.60,541,20),(1191,1,28.00,392.00,392.00,28.00,542,14),(1192,1,0.00,0.00,0.00,0.00,542,15),(1193,1,0.00,0.00,0.00,0.00,542,21),(1194,1,0.00,0.00,0.00,0.00,542,22),(1195,1,0.00,0.00,0.00,0.00,542,23),(1196,1,0.00,0.00,0.00,0.00,542,24),(1197,1,0.00,0.00,0.00,0.00,543,25),(1198,1,140.00,2100.00,2100.00,140.00,543,26),(1199,1,0.28,0.28,0.28,0.28,544,27),(1200,1,56.00,672.00,672.00,56.00,544,28),(1201,1,56.00,448.00,448.00,56.00,544,29),(1202,1,2.95,0.00,0.00,2.95,544,30),(1203,1,22.40,336.00,336.00,22.40,545,31),(1204,1,22.40,224.00,224.00,22.40,545,32),(1205,1,56.00,560.00,560.00,56.00,546,5),(1206,1,0.23,0.23,0.23,0.23,547,33),(1207,1,0.35,2.45,2.45,0.35,547,34),(1208,1,28.00,392.00,392.00,28.00,547,35),(1209,1,224.00,224.00,224.00,224.00,548,36),(1210,1,28.00,392.00,392.00,28.00,548,37),(1211,1,8.96,116.48,116.48,8.96,548,38),(1212,1,224.00,224.00,224.00,224.00,548,39),(1213,1,0.28,1.68,1.68,0.28,549,40),(1214,1,0.00,0.00,0.00,0.00,550,6),(1215,1,0.06,0.34,0.34,0.06,551,41),(1216,1,0.00,0.00,0.00,0.00,558,48),(1217,1,0.00,0.00,0.00,0.00,558,49),(1218,1,0.00,0.00,0.00,0.00,558,50),(1219,1,0.00,0.00,0.00,0.00,558,51),(1220,1,0.00,0.00,0.00,0.00,558,52),(1221,1,0.00,0.00,0.00,0.00,558,53),(1222,1,0.00,0.00,0.00,0.00,558,54),(1223,1,0.00,0.00,0.00,0.00,558,55),(1224,1,0.00,0.00,0.00,0.00,558,58),(1225,1,0.00,0.00,0.00,0.00,558,59),(1226,1,0.00,0.00,0.00,0.00,558,60),(1227,1,0.00,0.00,0.00,0.00,558,61),(1228,1,0.00,0.00,0.00,0.00,558,62),(1229,1,168.00,168.00,168.00,168.00,558,63),(1230,1,0.00,0.00,0.00,0.00,558,64),(1231,1,252.00,504.00,504.00,252.00,564,42),(1232,1,168.00,336.00,336.00,168.00,564,43),(1233,1,42.00,84.00,84.00,42.00,564,44),(1234,1,14.00,42.00,42.00,14.00,564,45),(1235,1,336.00,336.00,336.00,336.00,564,46),(1236,1,84.00,84.00,84.00,84.00,564,47),(1237,1,56.00,448.00,448.00,56.00,565,1),(1238,1,56.00,336.00,336.00,56.00,565,2),(1239,1,56.00,168.00,168.00,56.00,565,7),(1240,1,56.00,448.00,448.00,56.00,565,8),(1241,1,56.00,56.00,56.00,56.00,566,3),(1242,1,0.00,0.00,0.00,0.00,566,4),(1243,1,5.60,5.60,5.60,5.60,566,16),(1244,1,11.20,11.20,11.20,11.20,566,17),(1245,1,0.28,1.68,1.68,0.28,567,11),(1246,1,56.00,896.00,896.00,56.00,567,12),(1247,1,6.40,0.00,0.00,6.40,568,13),(1248,1,11.20,11.20,11.20,11.20,568,19),(1249,1,5.60,5.60,5.60,5.60,568,20),(1250,1,28.00,392.00,392.00,28.00,569,14),(1251,1,0.00,0.00,0.00,0.00,569,15),(1252,1,0.00,0.00,0.00,0.00,569,21),(1253,1,0.00,0.00,0.00,0.00,569,22),(1254,1,0.00,0.00,0.00,0.00,569,23),(1255,1,0.00,0.00,0.00,0.00,569,24),(1256,1,0.00,0.00,0.00,0.00,570,25),(1257,1,140.00,2100.00,2100.00,140.00,570,26),(1258,1,0.28,0.28,0.28,0.28,571,27),(1259,1,56.00,672.00,672.00,56.00,571,28),(1260,1,56.00,448.00,448.00,56.00,571,29),(1261,1,2.95,0.00,0.00,2.95,571,30),(1262,1,22.40,336.00,336.00,22.40,572,31),(1263,1,22.40,224.00,224.00,22.40,572,32),(1264,1,56.00,560.00,560.00,56.00,573,5),(1265,1,0.23,0.23,0.23,0.23,574,33),(1266,1,0.35,2.45,2.45,0.35,574,34),(1267,1,28.00,392.00,392.00,28.00,574,35),(1268,1,224.00,224.00,224.00,224.00,575,36),(1269,1,28.00,392.00,392.00,28.00,575,37),(1270,1,8.96,116.48,116.48,8.96,575,38),(1271,1,224.00,224.00,224.00,224.00,575,39),(1272,1,0.28,1.68,1.68,0.28,576,40),(1273,1,0.00,0.00,0.00,0.00,577,6),(1274,1,0.06,0.34,0.34,0.06,578,41),(1275,1,0.00,0.00,0.00,0.00,585,48),(1276,1,0.00,0.00,0.00,0.00,585,49),(1277,1,0.00,0.00,0.00,0.00,585,50),(1278,1,0.00,0.00,0.00,0.00,585,51),(1279,1,0.00,0.00,0.00,0.00,585,52),(1280,1,0.00,0.00,0.00,0.00,585,53),(1281,1,0.00,0.00,0.00,0.00,585,54),(1282,1,0.00,0.00,0.00,0.00,585,55),(1283,1,0.00,0.00,0.00,0.00,585,58),(1284,1,0.00,0.00,0.00,0.00,585,59),(1285,1,0.00,0.00,0.00,0.00,585,60),(1286,1,0.00,0.00,0.00,0.00,585,61),(1287,1,0.00,0.00,0.00,0.00,585,62),(1288,1,168.00,168.00,168.00,168.00,585,63),(1289,1,0.00,0.00,0.00,0.00,585,64),(1290,1,252.00,504.00,504.00,252.00,591,42),(1291,1,168.00,336.00,336.00,168.00,591,43),(1292,1,42.00,84.00,84.00,42.00,591,44),(1293,1,14.00,42.00,42.00,14.00,591,45),(1294,1,336.00,336.00,336.00,336.00,591,46),(1295,1,84.00,84.00,84.00,84.00,591,47),(1296,1,56.00,448.00,448.00,56.00,592,1),(1297,1,56.00,336.00,336.00,56.00,592,2),(1298,1,56.00,168.00,168.00,56.00,592,7),(1299,1,56.00,448.00,448.00,56.00,592,8),(1300,1,56.00,56.00,56.00,56.00,593,3),(1301,1,616.00,4928.00,4928.00,616.00,593,4),(1302,1,5.60,117.60,117.60,5.60,593,16),(1303,1,11.20,112.00,112.00,11.20,593,17),(1304,1,0.28,28.00,28.00,0.28,594,11),(1305,1,56.00,896.00,896.00,56.00,594,12),(1306,1,6.40,7040.00,7040.00,6.40,595,13),(1307,1,11.20,112.00,112.00,11.20,595,19),(1308,1,5.60,117.60,117.60,5.60,595,20),(1309,1,28.00,392.00,392.00,28.00,596,14),(1310,1,0.00,0.00,0.00,0.00,596,15),(1311,1,0.00,0.00,0.00,0.00,596,21),(1312,1,0.00,0.00,0.00,0.00,596,22),(1313,1,0.00,0.00,0.00,0.00,596,23),(1314,1,0.00,0.00,0.00,0.00,596,24),(1315,1,0.00,0.00,0.00,0.00,597,25),(1316,1,140.00,1260.00,1260.00,140.00,597,26),(1317,1,0.28,5.88,5.88,0.28,598,27),(1318,1,56.00,672.00,672.00,56.00,598,28),(1319,1,56.00,448.00,448.00,56.00,598,29),(1320,1,2.95,3242.11,3242.11,2.95,598,30),(1321,1,22.40,201.60,201.60,22.40,599,31),(1322,1,22.40,224.00,224.00,22.40,599,32),(1323,1,56.00,560.00,560.00,56.00,600,5),(1324,1,0.23,2.33,2.33,0.23,601,33),(1325,1,0.35,17.50,17.50,0.35,601,34),(1326,1,28.00,392.00,392.00,28.00,601,35),(1327,1,224.00,224.00,224.00,224.00,602,36),(1328,1,28.00,392.00,392.00,28.00,602,37),(1329,1,8.96,116.48,116.48,8.96,602,38),(1330,1,224.00,224.00,224.00,224.00,602,39),(1331,1,0.28,28.00,28.00,0.28,603,40),(1332,1,0.00,0.00,0.00,0.00,604,6),(1333,1,0.06,5.60,5.60,0.06,605,41),(1334,1,0.00,0.00,0.00,0.00,612,48),(1335,1,0.00,0.00,0.00,0.00,612,49),(1336,1,0.00,0.00,0.00,0.00,612,50),(1337,1,0.00,0.00,0.00,0.00,612,51),(1338,1,0.00,0.00,0.00,0.00,612,52),(1339,1,0.00,0.00,0.00,0.00,612,53),(1340,1,0.00,0.00,0.00,0.00,612,54),(1341,1,0.00,0.00,0.00,0.00,612,55),(1342,1,0.00,0.00,0.00,0.00,612,58),(1343,1,0.00,0.00,0.00,0.00,612,59),(1344,1,0.00,0.00,0.00,0.00,612,60),(1345,1,0.00,0.00,0.00,0.00,612,61),(1346,1,0.00,0.00,0.00,0.00,612,62),(1347,1,168.00,168.00,168.00,168.00,612,63),(1348,1,0.00,0.00,0.00,0.00,612,64),(1349,1,252.00,0.00,0.00,252.00,618,42),(1350,1,0.00,0.00,0.00,0.00,618,43),(1351,1,0.00,0.00,0.00,0.00,618,44),(1352,1,14.00,0.00,0.00,14.00,618,45),(1353,1,336.00,336.00,336.00,336.00,618,46),(1354,1,84.00,84.00,84.00,84.00,618,47),(1355,1,56.00,448.00,448.00,56.00,619,1),(1356,1,56.00,336.00,336.00,56.00,619,2),(1357,1,56.00,168.00,168.00,56.00,619,7),(1358,1,56.00,448.00,448.00,56.00,619,8),(1359,1,56.00,56.00,56.00,56.00,620,3),(1360,1,1064.00,8512.00,8512.00,1064.00,620,4),(1361,1,56.00,448.00,448.00,56.00,621,1),(1362,1,56.00,336.00,336.00,56.00,621,2),(1363,1,56.00,168.00,168.00,56.00,621,7),(1364,1,56.00,448.00,448.00,56.00,621,8),(1365,1,56.00,56.00,56.00,56.00,622,3),(1366,1,1064.00,8512.00,8512.00,1064.00,622,4),(1367,1,56.00,448.00,448.00,56.00,623,1),(1368,1,56.00,336.00,336.00,56.00,623,2),(1369,1,56.00,168.00,168.00,56.00,623,7),(1370,1,56.00,448.00,448.00,56.00,623,8),(1371,1,56.00,56.00,56.00,56.00,624,3),(1372,1,1064.00,8512.00,8512.00,1064.00,624,4),(1373,1,56.00,448.00,448.00,56.00,625,1),(1374,1,56.00,336.00,336.00,56.00,625,2),(1375,1,56.00,168.00,168.00,56.00,625,7),(1376,1,56.00,448.00,448.00,56.00,625,8),(1377,1,56.00,56.00,56.00,56.00,626,3),(1378,1,1064.00,8512.00,8512.00,1064.00,626,4),(1379,1,5.60,2800.00,2800.00,5.60,626,16),(1380,1,11.20,134.40,134.40,11.20,626,17),(1381,1,0.28,1120.00,1120.00,0.28,627,11),(1382,1,56.00,896.00,896.00,56.00,627,12),(1383,1,6.40,12160.00,12160.00,6.40,628,13),(1384,1,11.20,134.40,134.40,11.20,628,19),(1385,1,5.60,2800.00,2800.00,5.60,628,20),(1386,1,28.00,392.00,392.00,28.00,629,14),(1387,1,0.00,0.00,0.00,0.00,629,15),(1388,1,0.00,0.00,0.00,0.00,629,21),(1389,1,0.00,0.00,0.00,0.00,629,22),(1390,1,0.00,0.00,0.00,0.00,629,23),(1391,1,0.00,0.00,0.00,0.00,629,24),(1392,1,0.00,0.00,0.00,0.00,630,25),(1393,1,140.00,2100.00,2100.00,140.00,630,26),(1394,1,0.28,140.00,140.00,0.28,631,27),(1395,1,56.00,672.00,672.00,56.00,631,28),(1396,1,56.00,448.00,448.00,56.00,631,29),(1397,1,2.95,5600.00,5600.00,2.95,631,30),(1398,1,22.40,336.00,336.00,22.40,632,31),(1399,1,22.40,224.00,224.00,22.40,632,32),(1400,1,56.00,560.00,560.00,56.00,633,5),(1401,1,0.23,2.80,2.80,0.23,634,33),(1402,1,0.35,35.00,35.00,0.35,634,34),(1403,1,28.00,392.00,392.00,28.00,634,35),(1404,1,224.00,224.00,224.00,224.00,635,36),(1405,1,28.00,392.00,392.00,28.00,635,37),(1406,1,8.96,116.48,116.48,8.96,635,38),(1407,1,224.00,224.00,224.00,224.00,635,39),(1408,1,0.28,1120.00,1120.00,0.28,636,40),(1409,1,0.00,0.00,0.00,0.00,637,6),(1410,1,0.06,224.00,224.00,0.06,638,41),(1411,1,0.00,0.00,0.00,0.00,645,48),(1412,1,0.00,0.00,0.00,0.00,645,49),(1413,1,0.00,0.00,0.00,0.00,645,50),(1414,1,0.00,0.00,0.00,0.00,645,51),(1415,1,0.00,0.00,0.00,0.00,645,52),(1416,1,0.00,0.00,0.00,0.00,645,53),(1417,1,0.00,0.00,0.00,0.00,645,54),(1418,1,0.00,0.00,0.00,0.00,645,55),(1419,1,0.00,0.00,0.00,0.00,645,58),(1420,1,0.00,0.00,0.00,0.00,645,59),(1421,1,0.00,0.00,0.00,0.00,645,60),(1422,1,0.00,0.00,0.00,0.00,645,61),(1423,1,0.00,0.00,0.00,0.00,645,62),(1424,1,168.00,168.00,168.00,168.00,645,63),(1425,1,0.00,0.00,0.00,0.00,645,64),(1426,1,252.00,0.00,0.00,252.00,651,42),(1427,1,0.00,0.00,0.00,0.00,651,43),(1428,1,0.00,0.00,0.00,0.00,651,44),(1429,1,14.00,0.00,0.00,14.00,651,45),(1430,1,336.00,336.00,336.00,336.00,651,46),(1431,1,84.00,84.00,84.00,84.00,651,47),(1490,1,56.00,448.00,448.00,56.00,679,1),(1491,1,56.00,336.00,336.00,56.00,679,2),(1492,1,56.00,168.00,168.00,56.00,679,7),(1493,1,56.00,448.00,448.00,56.00,679,8),(1494,1,56.00,56.00,56.00,56.00,680,3),(1495,1,560.00,4480.00,4480.00,560.00,680,4),(1496,1,5.60,1164.80,1164.80,5.60,680,16),(1497,1,11.20,201.60,201.60,11.20,680,17),(1498,1,0.28,280.00,280.00,0.28,681,11),(1499,1,56.00,896.00,896.00,56.00,681,12),(1500,1,6.40,6400.00,6400.00,6.40,682,13),(1501,1,11.20,201.60,201.60,11.20,682,19),(1502,1,5.60,1164.80,1164.80,5.60,682,20),(1503,1,28.00,392.00,392.00,28.00,683,14),(1504,1,0.00,0.00,0.00,0.00,683,15),(1505,1,0.00,0.00,0.00,0.00,683,21),(1506,1,0.00,0.00,0.00,0.00,683,22),(1507,1,0.00,0.00,0.00,0.00,683,23),(1508,1,0.00,0.00,0.00,0.00,683,24),(1509,1,0.00,0.00,0.00,0.00,684,25),(1510,1,140.00,2100.00,2100.00,140.00,684,26),(1511,1,0.28,58.24,58.24,0.28,685,27),(1512,1,56.00,672.00,672.00,56.00,685,28),(1513,1,56.00,448.00,448.00,56.00,685,29),(1514,1,2.95,2947.37,2947.37,2.95,685,30),(1515,1,22.40,336.00,336.00,22.40,686,31),(1516,1,22.40,224.00,224.00,22.40,686,32),(1517,1,56.00,560.00,560.00,56.00,687,5),(1518,1,0.23,4.20,4.20,0.23,688,33),(1519,1,0.35,31.50,31.50,0.35,688,34),(1520,1,28.00,392.00,392.00,28.00,688,35),(1521,1,224.00,224.00,224.00,224.00,689,36),(1522,0,28.00,392.00,0.00,0.00,689,37),(1523,1,8.96,116.48,116.48,8.96,689,38),(1524,0,224.00,224.00,0.00,0.00,689,39),(1525,1,0.28,280.00,280.00,0.28,690,40),(1526,1,0.00,0.00,0.00,0.00,691,6),(1527,0,0.06,56.00,0.00,0.00,692,41),(1528,1,0.00,0.00,0.00,0.00,699,48),(1529,1,0.00,0.00,0.00,0.00,699,49),(1530,1,0.00,0.00,0.00,0.00,699,50),(1531,1,0.00,0.00,0.00,0.00,699,51),(1532,1,0.00,0.00,0.00,0.00,699,52),(1533,1,0.00,0.00,0.00,0.00,699,53),(1534,1,0.00,0.00,0.00,0.00,699,54),(1535,1,0.00,0.00,0.00,0.00,699,55),(1536,1,0.00,0.00,0.00,0.00,699,58),(1537,1,0.00,0.00,0.00,0.00,699,59),(1538,1,0.00,0.00,0.00,0.00,699,60),(1539,1,0.00,0.00,0.00,0.00,699,61),(1540,1,0.00,0.00,0.00,0.00,699,62),(1541,1,168.00,168.00,168.00,168.00,699,63),(1542,1,0.00,0.00,0.00,0.00,699,64),(1543,1,252.00,0.00,0.00,252.00,705,42),(1544,1,0.00,0.00,0.00,0.00,705,43),(1545,1,0.00,0.00,0.00,0.00,705,44),(1546,1,14.00,0.00,0.00,14.00,705,45),(1547,1,336.00,336.00,336.00,336.00,705,46),(1548,1,84.00,84.00,84.00,84.00,705,47),(1549,1,56.25,450.00,450.00,56.25,706,1),(1550,1,56.25,337.50,337.50,56.25,706,2),(1551,1,56.25,168.75,168.75,56.25,706,7),(1552,1,56.25,450.00,450.00,56.25,706,8),(1553,1,56.25,56.25,56.25,56.25,707,3),(1554,1,578.25,4626.00,4626.00,578.25,707,4),(1555,1,6.19,5878.13,5878.13,6.19,707,16),(1556,1,12.38,4950.00,4950.00,12.38,707,17),(1557,1,0.28,534.38,534.38,0.28,708,11),(1558,1,56.25,900.00,900.00,56.25,708,12),(1559,1,6.43,6608.57,6608.57,6.43,709,13),(1560,1,12.38,4950.00,4950.00,12.38,709,19),(1561,1,6.19,5878.13,5878.13,6.19,709,20),(1562,1,28.13,393.75,393.75,28.13,710,14),(1563,1,14.06,0.00,0.00,14.06,710,15),(1564,1,0.00,0.00,0.00,0.00,710,21),(1565,1,0.00,0.00,0.00,0.00,710,22),(1566,1,0.00,0.00,0.00,0.00,710,23),(1567,1,0.00,0.00,0.00,0.00,710,24),(1568,1,0.00,0.00,0.00,0.00,711,25),(1569,1,140.63,1265.63,1265.63,140.63,711,26),(1570,1,0.28,267.19,267.19,0.28,712,27),(1571,1,56.25,675.00,675.00,56.25,712,28),(1572,1,56.25,450.00,450.00,56.25,712,29),(1573,1,2.96,3043.42,3043.42,2.96,712,30),(1574,1,22.50,202.50,202.50,22.50,713,31),(1575,1,22.50,225.00,225.00,22.50,713,32),(1576,1,56.25,562.50,562.50,56.25,714,5),(1577,1,0.23,93.75,93.75,0.23,715,33),(1578,1,0.35,280.00,280.00,0.35,715,34),(1579,1,28.13,393.75,393.75,28.13,715,35),(1580,1,225.00,225.00,225.00,225.00,716,36),(1581,1,28.13,393.75,393.75,28.13,716,37),(1582,1,9.00,144.00,144.00,9.00,716,38),(1583,1,225.00,225.00,225.00,225.00,716,39),(1584,1,0.28,534.38,534.38,0.28,717,40),(1585,1,0.00,0.00,0.00,0.00,718,6),(1586,1,0.06,106.88,106.88,0.06,719,41),(1587,1,0.00,0.00,0.00,0.00,726,48),(1588,1,0.00,0.00,0.00,0.00,726,49),(1589,1,0.00,0.00,0.00,0.00,726,50),(1590,1,0.00,0.00,0.00,0.00,726,51),(1591,1,0.00,0.00,0.00,0.00,726,52),(1592,1,0.00,0.00,0.00,0.00,726,53),(1593,1,0.00,0.00,0.00,0.00,726,54),(1594,1,0.00,0.00,0.00,0.00,726,55),(1595,1,0.00,0.00,0.00,0.00,726,58),(1596,1,0.00,0.00,0.00,0.00,726,59),(1597,1,0.00,0.00,0.00,0.00,726,60),(1598,1,0.00,0.00,0.00,0.00,726,61),(1599,1,0.00,0.00,0.00,0.00,726,62),(1600,1,168.75,168.75,168.75,168.75,726,63),(1601,1,0.00,0.00,0.00,0.00,726,64),(1602,1,253.13,0.00,0.00,253.13,732,42),(1603,1,0.00,0.00,0.00,0.00,732,43),(1604,1,0.00,0.00,0.00,0.00,732,44),(1605,1,14.06,0.00,0.00,14.06,732,45),(1606,1,337.50,337.50,337.50,337.50,732,46),(1607,1,84.38,84.38,84.38,84.38,732,47),(1608,1,56.25,450.00,450.00,56.25,733,1),(1609,1,56.25,337.50,337.50,56.25,733,2),(1610,1,56.25,168.75,168.75,56.25,733,7),(1611,1,56.25,450.00,450.00,56.25,733,8),(1612,1,56.25,56.25,56.25,56.25,734,3),(1613,1,562.50,4500.00,4500.00,562.50,734,4),(1614,1,6.19,3434.06,3434.06,6.19,734,16),(1615,1,12.38,618.75,618.75,12.38,734,17),(1616,1,0.28,281.25,281.25,0.28,735,11),(1617,1,56.25,900.00,900.00,56.25,735,12),(1618,1,6.43,6428.57,6428.57,6.43,736,13),(1619,1,12.38,618.75,618.75,12.38,736,19),(1620,1,6.19,3434.06,3434.06,6.19,736,20),(1621,1,28.13,393.75,393.75,28.13,737,14),(1622,1,14.06,0.00,0.00,14.06,737,15),(1623,1,0.00,0.00,0.00,0.00,737,21),(1624,1,0.00,0.00,0.00,0.00,737,22),(1625,1,0.00,0.00,0.00,0.00,737,23),(1626,1,0.00,0.00,0.00,0.00,737,24),(1627,1,0.00,0.00,0.00,0.00,738,25),(1628,1,140.63,2109.38,2109.38,140.63,738,26),(1629,1,0.28,156.09,156.09,0.28,739,27),(1630,1,56.25,675.00,675.00,56.25,739,28),(1631,1,56.25,450.00,450.00,56.25,739,29),(1632,1,2.96,2960.53,2960.53,2.96,739,30),(1633,1,22.50,337.50,337.50,22.50,740,31),(1634,1,22.50,225.00,225.00,22.50,740,32),(1635,1,56.25,562.50,562.50,56.25,741,5),(1636,1,0.23,11.72,11.72,0.23,742,33),(1637,1,0.35,31.50,31.50,0.35,742,34),(1638,1,28.13,393.75,393.75,28.13,742,35),(1639,1,225.00,225.00,225.00,225.00,743,36),(1640,1,28.13,393.75,393.75,28.13,743,37),(1641,1,9.00,117.00,117.00,9.00,743,38),(1642,1,225.00,225.00,225.00,225.00,743,39),(1643,1,0.28,281.25,281.25,0.28,744,40),(1644,1,0.00,0.00,0.00,0.00,745,6),(1645,1,0.06,56.25,56.25,0.06,746,41),(1646,1,0.00,0.00,0.00,0.00,753,48),(1647,1,0.00,0.00,0.00,0.00,753,49),(1648,1,0.00,0.00,0.00,0.00,753,50),(1649,1,0.00,0.00,0.00,0.00,753,51),(1650,1,0.00,0.00,0.00,0.00,753,52),(1651,1,0.00,0.00,0.00,0.00,753,53),(1652,1,0.00,0.00,0.00,0.00,753,54),(1653,1,0.00,0.00,0.00,0.00,753,55),(1654,1,0.00,0.00,0.00,0.00,753,58),(1655,1,0.00,0.00,0.00,0.00,753,59),(1656,1,0.00,0.00,0.00,0.00,753,60),(1657,1,0.00,0.00,0.00,0.00,753,61),(1658,1,0.00,0.00,0.00,0.00,753,62),(1659,1,168.75,168.75,168.75,168.75,753,63),(1660,1,0.00,0.00,0.00,0.00,753,64),(1661,1,253.13,0.00,0.00,253.13,759,42),(1662,1,0.00,0.00,0.00,0.00,759,43),(1663,1,0.00,0.00,0.00,0.00,759,44),(1664,1,14.06,0.00,0.00,14.06,759,45),(1665,1,337.50,337.50,337.50,337.50,759,46),(1666,1,84.38,84.38,84.38,84.38,759,47),(1667,1,56.25,450.00,450.00,56.25,760,1),(1668,1,56.25,337.50,337.50,56.25,760,2),(1669,1,56.25,168.75,168.75,56.25,760,7),(1670,1,56.25,450.00,450.00,56.25,760,8),(1671,1,56.25,56.25,56.25,56.25,761,3),(1672,1,578.25,4626.00,4626.00,578.25,761,4),(1673,1,6.19,4120.88,4120.88,6.19,761,16),(1674,1,12.38,5494.50,5494.50,12.38,761,17),(1675,1,0.28,337.50,337.50,0.28,762,11),(1676,1,56.25,900.00,900.00,56.25,762,12),(1677,1,6.43,6608.57,6608.57,6.43,763,13),(1678,1,12.38,5494.50,5494.50,12.38,763,19),(1679,1,6.19,4120.88,4120.88,6.19,763,20),(1680,0,28.13,393.75,0.00,0.00,764,14),(1681,0,14.06,0.00,0.00,0.00,764,15),(1682,1,0.00,0.00,0.00,0.00,764,21),(1683,1,0.00,0.00,0.00,0.00,764,22),(1684,1,0.00,0.00,0.00,0.00,764,23),(1685,1,0.00,0.00,0.00,0.00,764,24),(1686,1,0.00,0.00,0.00,0.00,765,25),(1687,1,140.63,1265.63,1265.63,140.63,765,26),(1688,1,0.28,187.31,187.31,0.28,766,27),(1689,1,56.25,675.00,675.00,56.25,766,28),(1690,1,56.25,450.00,450.00,56.25,766,29),(1691,1,2.96,3043.42,3043.42,2.96,766,30),(1692,1,22.50,202.50,202.50,22.50,767,31),(1693,1,22.50,225.00,225.00,22.50,767,32),(1694,1,56.25,562.50,562.50,56.25,768,5),(1695,1,0.23,104.06,104.06,0.23,769,33),(1696,1,0.35,280.00,280.00,0.35,769,34),(1697,1,28.13,393.75,393.75,28.13,769,35),(1698,1,225.00,225.00,225.00,225.00,770,36),(1699,1,28.13,393.75,393.75,28.13,770,37),(1700,1,9.00,117.00,117.00,9.00,770,38),(1701,1,225.00,225.00,225.00,225.00,770,39),(1702,1,0.28,337.50,337.50,0.28,771,40),(1703,1,0.00,0.00,0.00,0.00,772,6),(1704,1,0.06,67.50,67.50,0.06,773,41),(1705,1,0.00,0.00,0.00,0.00,780,48),(1706,1,0.00,0.00,0.00,0.00,780,49),(1707,1,0.00,0.00,0.00,0.00,780,50),(1708,1,0.00,0.00,0.00,0.00,780,51),(1709,1,0.00,0.00,0.00,0.00,780,52),(1710,1,0.00,0.00,0.00,0.00,780,53),(1711,1,0.00,0.00,0.00,0.00,780,54),(1712,1,0.00,0.00,0.00,0.00,780,55),(1713,1,0.00,0.00,0.00,0.00,780,58),(1714,1,0.00,0.00,0.00,0.00,780,59),(1715,1,0.00,0.00,0.00,0.00,780,60),(1716,1,0.00,0.00,0.00,0.00,780,61),(1717,1,0.00,0.00,0.00,0.00,780,62),(1718,1,168.75,168.75,168.75,168.75,780,63),(1719,1,0.00,0.00,0.00,0.00,780,64),(1720,1,253.13,0.00,0.00,253.13,786,42),(1721,1,0.00,0.00,0.00,0.00,786,43),(1722,1,0.00,0.00,0.00,0.00,786,44),(1723,1,14.06,0.00,0.00,14.06,786,45),(1724,1,337.50,337.50,337.50,337.50,786,46),(1725,1,84.38,84.38,84.38,84.38,786,47),(1726,1,56.25,450.00,450.00,56.25,787,1),(1727,1,56.25,337.50,337.50,56.25,787,2),(1728,1,56.25,168.75,168.75,56.25,787,7),(1729,1,56.25,450.00,450.00,56.25,787,8),(1730,1,56.25,56.25,56.25,56.25,788,3),(1731,1,5625.00,45000.00,45000.00,5625.00,788,4),(1732,1,6.19,2475.00,2475.00,6.19,788,16),(1733,1,12.38,4455.00,4455.00,12.38,788,17),(1734,1,0.28,281.25,281.25,0.28,789,11),(1735,1,56.25,900.00,900.00,56.25,789,12),(1736,1,6.43,64285.71,64285.71,6.43,790,13),(1737,1,12.38,4455.00,4455.00,12.38,790,19),(1738,1,6.19,2475.00,2475.00,6.19,790,20),(1739,1,28.13,393.75,393.75,28.13,791,14),(1740,1,14.06,365.63,365.63,14.06,791,15),(1741,1,0.00,0.00,0.00,0.00,791,21),(1742,1,0.00,0.00,0.00,0.00,791,22),(1743,1,0.00,0.00,0.00,0.00,791,23),(1744,1,0.00,0.00,0.00,0.00,791,24),(1745,1,0.00,0.00,0.00,0.00,792,25),(1746,1,140.63,2109.38,2109.38,140.63,792,26),(1747,1,0.28,112.50,112.50,0.28,793,27),(1748,1,56.25,675.00,675.00,56.25,793,28),(1749,1,56.25,450.00,450.00,56.25,793,29),(1750,1,2.96,29605.26,29605.26,2.96,793,30),(1751,1,22.50,337.50,337.50,22.50,794,31),(1752,1,22.50,225.00,225.00,22.50,794,32),(1753,1,56.25,562.50,562.50,56.25,795,5),(1754,1,0.23,84.38,84.38,0.23,796,33),(1755,1,0.35,315.00,315.00,0.35,796,34),(1756,1,28.13,393.75,393.75,28.13,796,35),(1757,1,225.00,225.00,225.00,225.00,797,36),(1758,1,28.13,393.75,393.75,28.13,797,37),(1759,1,9.00,117.00,117.00,9.00,797,38),(1760,1,225.00,225.00,225.00,225.00,797,39),(1761,1,0.28,281.25,281.25,0.28,798,40),(1762,1,0.00,0.00,0.00,0.00,799,6),(1763,1,0.06,56.25,56.25,0.06,800,41),(1764,1,0.00,0.00,0.00,0.00,807,48),(1765,1,0.00,0.00,0.00,0.00,807,49),(1766,1,0.00,0.00,0.00,0.00,807,50),(1767,1,0.00,0.00,0.00,0.00,807,51),(1768,1,0.00,0.00,0.00,0.00,807,52),(1769,1,0.00,0.00,0.00,0.00,807,53),(1770,1,0.00,0.00,0.00,0.00,807,54),(1771,1,0.00,0.00,0.00,0.00,807,55),(1772,1,0.00,0.00,0.00,0.00,807,58),(1773,1,0.00,0.00,0.00,0.00,807,59),(1774,1,0.00,0.00,0.00,0.00,807,60),(1775,1,0.00,0.00,0.00,0.00,807,61),(1776,1,0.00,0.00,0.00,0.00,807,62),(1777,1,168.75,168.75,168.75,168.75,807,63),(1778,1,0.00,0.00,0.00,0.00,807,64),(1779,1,253.13,759.38,759.38,253.13,813,42),(1780,1,168.75,506.25,506.25,168.75,813,43),(1781,1,42.19,126.56,126.56,42.19,813,44),(1782,1,14.06,42.19,42.19,14.06,813,45),(1783,1,337.50,337.50,337.50,337.50,813,46),(1784,1,84.38,84.38,84.38,84.38,813,47),(1785,1,56.25,450.00,450.00,56.25,814,1),(1786,1,56.25,337.50,337.50,56.25,814,2),(1787,1,56.25,168.75,168.75,56.25,814,7),(1788,1,56.25,450.00,450.00,56.25,814,8),(1789,1,56.25,56.25,56.25,56.25,815,3),(1790,1,1068.75,8550.00,8550.00,1068.75,815,4),(1791,1,5.63,2812.50,2812.50,5.63,815,16),(1792,1,11.25,562.50,562.50,11.25,815,17),(1793,1,0.28,225.00,225.00,0.28,816,11),(1794,1,56.25,900.00,900.00,56.25,816,12),(1795,1,6.43,12214.29,12214.29,6.43,817,13),(1796,1,11.25,562.50,562.50,11.25,817,19),(1797,1,5.63,2812.50,2812.50,5.63,817,20),(1798,1,28.13,393.75,393.75,28.13,818,14),(1799,1,14.06,0.00,0.00,14.06,818,15),(1800,1,56.25,450.00,450.00,56.25,819,1),(1801,1,56.25,337.50,337.50,56.25,819,2),(1802,1,56.25,168.75,168.75,56.25,819,7),(1803,1,56.25,450.00,450.00,56.25,819,8),(1804,1,56.25,56.25,56.25,56.25,820,3),(1805,1,1068.75,8550.00,8550.00,1068.75,820,4),(1806,1,6.19,7344.56,7344.56,6.19,820,16),(1807,1,12.38,693.00,693.00,12.38,820,17),(1808,1,0.28,534.38,534.38,0.28,821,11),(1809,1,56.25,900.00,900.00,56.25,821,12),(1810,1,6.43,12214.29,12214.29,6.43,822,13),(1811,1,12.38,693.00,693.00,12.38,822,19),(1812,1,6.19,7344.56,7344.56,6.19,822,20),(1813,1,28.13,393.75,393.75,28.13,823,14),(1814,1,14.06,0.00,0.00,14.06,823,15),(1815,1,56.25,450.00,450.00,56.25,824,1),(1816,1,56.25,337.50,337.50,56.25,824,2),(1817,1,56.25,168.75,168.75,56.25,824,7),(1818,1,56.25,450.00,450.00,56.25,824,8),(1819,1,56.25,56.25,56.25,56.25,825,3),(1820,1,1068.75,8550.00,8550.00,1068.75,825,4),(1821,1,6.19,7653.94,7653.94,6.19,825,16),(1822,1,12.38,6880.50,6880.50,12.38,825,17),(1823,1,0.28,556.88,556.88,0.28,826,11),(1824,1,56.25,900.00,900.00,56.25,826,12),(1825,1,6.43,12214.29,12214.29,6.43,827,13),(1826,1,12.38,6880.50,6880.50,12.38,827,19),(1827,1,6.19,7653.94,7653.94,6.19,827,20),(1828,1,28.13,562.50,562.50,28.13,828,14),(1829,1,14.06,0.00,0.00,14.06,828,15),(1830,1,5.38,0.00,0.00,5.38,828,21),(1831,1,0.00,0.00,0.00,0.00,828,22),(1832,1,0.00,0.00,0.00,0.00,828,23),(1833,1,0.00,0.00,0.00,0.00,828,24),(1834,1,0.00,0.00,0.00,0.00,829,25),(1835,1,140.63,2109.38,2109.38,140.63,829,26),(1836,1,0.28,347.91,347.91,0.28,830,27),(1837,1,56.25,675.00,675.00,56.25,830,28),(1838,1,56.25,450.00,450.00,56.25,830,29),(1839,1,2.96,5625.00,5625.00,2.96,830,30),(1840,1,22.50,337.50,337.50,22.50,831,31),(1841,1,22.50,225.00,225.00,22.50,831,32),(1842,1,56.25,562.50,562.50,56.25,832,5),(1843,1,0.23,130.31,130.31,0.23,833,33),(1844,1,0.35,311.50,311.50,0.35,833,34),(1845,1,28.13,562.50,562.50,28.13,833,35),(1846,1,225.00,225.00,225.00,225.00,834,36),(1847,1,28.13,562.50,562.50,28.13,834,37),(1848,1,9.00,270.00,270.00,9.00,834,38),(1849,1,225.00,225.00,225.00,225.00,834,39),(1850,1,0.28,556.88,556.88,0.28,835,40),(1851,1,0.00,0.00,0.00,0.00,836,6),(1852,1,0.06,111.38,111.38,0.06,837,41),(1853,1,0.00,0.00,0.00,0.00,844,48),(1854,1,0.00,0.00,0.00,0.00,844,49),(1855,1,0.00,0.00,0.00,0.00,844,50),(1856,1,0.00,0.00,0.00,0.00,844,51),(1857,1,0.00,0.00,0.00,0.00,844,52),(1858,1,0.00,0.00,0.00,0.00,844,53),(1859,1,0.00,0.00,0.00,0.00,844,54),(1860,1,0.00,0.00,0.00,0.00,844,55),(1861,1,0.00,0.00,0.00,0.00,844,58),(1862,1,0.00,0.00,0.00,0.00,844,59),(1863,1,0.00,0.00,0.00,0.00,844,60),(1864,1,0.00,0.00,0.00,0.00,844,61),(1865,1,0.00,0.00,0.00,0.00,844,62),(1866,1,168.75,168.75,168.75,168.75,844,63),(1867,1,0.00,0.00,0.00,0.00,844,64),(1868,1,253.13,0.00,0.00,253.13,850,42),(1869,1,0.00,0.00,0.00,0.00,850,43),(1870,1,0.00,0.00,0.00,0.00,850,44),(1871,1,14.06,0.00,0.00,14.06,850,45),(1872,1,337.50,337.50,337.50,337.50,850,46),(1873,1,84.38,84.38,84.38,84.38,850,47),(1874,1,56.25,450.00,450.00,56.25,851,1),(1875,1,56.25,337.50,337.50,56.25,851,2),(1876,1,56.25,168.75,168.75,56.25,851,7),(1877,1,56.25,450.00,450.00,56.25,851,8),(1878,1,56.25,56.25,56.25,56.25,852,3),(1879,1,1125.00,9000.00,9000.00,1125.00,852,4),(1880,1,5.63,1327.50,1327.50,5.63,852,16),(1881,1,11.25,123.75,123.75,11.25,852,17),(1882,1,0.28,531.56,531.56,0.28,853,11),(1883,1,56.25,900.00,900.00,56.25,853,12),(1884,1,6.43,12857.14,12857.14,6.43,854,13),(1885,1,11.25,123.75,123.75,11.25,854,19),(1886,1,5.63,1327.50,1327.50,5.63,854,20),(1887,1,28.13,646.88,646.88,28.13,855,14),(1888,1,14.06,0.00,0.00,14.06,855,15),(1889,1,269.00,0.00,0.00,269.00,855,21),(1890,1,0.00,0.00,0.00,0.00,855,22),(1891,1,0.00,0.00,0.00,0.00,855,23),(1892,1,0.00,0.00,0.00,0.00,855,24),(1893,1,0.00,0.00,0.00,0.00,856,25),(1894,1,140.63,562.50,562.50,140.63,856,26),(1895,1,0.28,66.38,66.38,0.28,857,27),(1896,1,56.25,675.00,675.00,56.25,857,28),(1897,1,56.25,450.00,450.00,56.25,857,29),(1898,1,2.96,5921.05,5921.05,2.96,857,30),(1899,1,22.50,90.00,90.00,22.50,858,31),(1900,1,22.50,225.00,225.00,22.50,858,32),(1901,1,56.25,562.50,562.50,56.25,859,5),(1902,1,0.23,2.58,2.58,0.23,860,33),(1903,1,0.35,31.50,31.50,0.35,860,34),(1904,1,28.13,646.88,646.88,28.13,860,35),(1905,1,225.00,225.00,225.00,225.00,861,36),(1906,1,28.13,646.88,646.88,28.13,861,37),(1907,1,9.00,297.00,297.00,9.00,861,38),(1908,1,225.00,225.00,225.00,225.00,861,39),(1909,1,0.28,531.56,531.56,0.28,862,40),(1910,1,0.00,0.00,0.00,0.00,863,6),(1911,1,0.06,106.31,106.31,0.06,864,41),(1912,1,0.00,0.00,0.00,0.00,871,48),(1913,1,0.00,0.00,0.00,0.00,871,49),(1914,1,0.00,0.00,0.00,0.00,871,50),(1915,1,0.00,0.00,0.00,0.00,871,51),(1916,1,0.00,0.00,0.00,0.00,871,52),(1917,1,0.00,0.00,0.00,0.00,871,53),(1918,1,0.00,0.00,0.00,0.00,871,54),(1919,1,0.00,0.00,0.00,0.00,871,55),(1920,1,0.00,0.00,0.00,0.00,871,58),(1921,1,0.00,0.00,0.00,0.00,871,59),(1922,1,0.00,0.00,0.00,0.00,871,60),(1923,1,0.00,0.00,0.00,0.00,871,61),(1924,1,0.00,0.00,0.00,0.00,871,62),(1925,1,168.75,168.75,168.75,168.75,871,63),(1926,1,0.00,0.00,0.00,0.00,871,64),(1927,1,253.13,0.00,0.00,253.13,877,42),(1928,1,0.00,0.00,0.00,0.00,877,43),(1929,1,0.00,0.00,0.00,0.00,877,44),(1930,1,14.06,0.00,0.00,14.06,877,45),(1931,1,337.50,337.50,337.50,337.50,877,46),(1932,1,84.38,84.38,84.38,84.38,877,47),(1933,1,56.25,450.00,450.00,56.25,878,1),(1934,1,56.25,337.50,337.50,56.25,878,2),(1935,1,56.25,168.75,168.75,56.25,878,7),(1936,1,56.25,450.00,450.00,56.25,878,8),(1937,1,56.25,56.25,56.25,56.25,879,3),(1938,1,1125.00,9000.00,9000.00,1125.00,879,4),(1939,1,5.63,2098.13,2098.13,5.63,879,16),(1940,1,11.25,1136.25,1136.25,11.25,879,17),(1941,1,0.28,840.94,840.94,0.28,880,11),(1942,1,56.25,900.00,900.00,56.25,880,12),(1943,1,6.43,12857.14,12857.14,6.43,881,13),(1944,1,11.25,1136.25,1136.25,11.25,881,19),(1945,1,5.63,2098.13,2098.13,5.63,881,20),(1946,1,28.13,337.50,337.50,28.13,882,14),(1947,1,14.06,0.00,0.00,14.06,882,15),(1948,1,269.00,269.00,269.00,269.00,882,21),(1949,1,0.00,0.00,0.00,0.00,882,22),(1950,1,0.00,0.00,0.00,0.00,882,23),(1951,1,0.00,0.00,0.00,0.00,882,24),(1952,1,0.00,0.00,0.00,0.00,883,25),(1953,1,140.63,1265.63,1265.63,140.63,883,26),(1954,1,0.28,104.91,104.91,0.28,884,27),(1955,1,56.25,675.00,675.00,56.25,884,28),(1956,1,56.25,450.00,450.00,56.25,884,29),(1957,1,2.96,5921.05,5921.05,2.96,884,30),(1958,1,22.50,202.50,202.50,22.50,885,31),(1959,1,22.50,225.00,225.00,22.50,885,32),(1960,1,56.25,562.50,562.50,56.25,886,5),(1961,1,0.23,23.67,23.67,0.23,887,33),(1962,1,0.35,283.15,283.15,0.35,887,34),(1963,1,28.13,337.50,337.50,28.13,887,35),(1964,1,225.00,225.00,225.00,225.00,888,36),(1965,1,28.13,337.50,337.50,28.13,888,37),(1966,1,9.00,180.00,180.00,9.00,888,38),(1967,1,225.00,225.00,225.00,225.00,888,39),(1968,1,0.28,840.94,840.94,0.28,889,40),(1969,1,0.00,0.00,0.00,0.00,890,6),(1970,1,0.06,168.19,168.19,0.06,891,41),(1971,1,0.00,0.00,0.00,0.00,898,48),(1972,1,0.00,0.00,0.00,0.00,898,49),(1973,1,0.00,0.00,0.00,0.00,898,50),(1974,1,0.00,0.00,0.00,0.00,898,51),(1975,1,0.00,0.00,0.00,0.00,898,52),(1976,1,0.00,0.00,0.00,0.00,898,53),(1977,1,0.00,0.00,0.00,0.00,898,54),(1978,1,0.00,0.00,0.00,0.00,898,55),(1979,1,0.00,0.00,0.00,0.00,898,58),(1980,1,0.00,0.00,0.00,0.00,898,59),(1981,1,0.00,0.00,0.00,0.00,898,60),(1982,1,0.00,0.00,0.00,0.00,898,61),(1983,1,0.00,0.00,0.00,0.00,898,62),(1984,1,168.75,168.75,168.75,168.75,898,63),(1985,1,0.00,0.00,0.00,0.00,898,64),(1986,1,253.13,0.00,0.00,253.13,904,42),(1987,1,0.00,0.00,0.00,0.00,904,43),(1988,1,0.00,0.00,0.00,0.00,904,44),(1989,1,14.06,0.00,0.00,14.06,904,45),(1990,1,337.50,337.50,337.50,337.50,904,46),(1991,1,84.38,84.38,84.38,84.38,904,47),(1992,1,56.25,450.00,450.00,56.25,905,1),(1993,1,56.25,337.50,337.50,56.25,905,2),(1994,1,56.25,168.75,168.75,56.25,905,7),(1995,1,56.25,450.00,450.00,56.25,905,8),(1996,1,56.25,56.25,56.25,56.25,906,3),(1997,1,1125.00,9000.00,9000.00,1125.00,906,4),(1998,1,5.63,1260.00,1260.00,5.63,906,16),(1999,1,11.25,247.50,247.50,11.25,906,17),(2000,1,0.28,227.53,227.53,0.28,907,11),(2001,1,56.25,900.00,900.00,56.25,907,12),(2002,1,6.43,12857.14,12857.14,6.43,908,13),(2003,1,11.25,247.50,247.50,11.25,908,19),(2004,1,5.63,1260.00,1260.00,5.63,908,20),(2005,1,28.13,56.25,56.25,28.13,909,14),(2006,1,14.06,0.00,0.00,14.06,909,15),(2007,1,7486.88,133.10,133.10,7486.88,909,21),(2008,1,0.00,0.00,0.00,0.00,909,22),(2009,1,0.00,0.00,0.00,0.00,909,23),(2010,1,0.00,0.00,0.00,0.00,909,24),(2011,1,0.00,0.00,0.00,0.00,910,25),(2012,1,140.63,1265.63,1265.63,140.63,910,26),(2013,1,0.28,63.00,63.00,0.28,911,27),(2014,1,56.25,675.00,675.00,56.25,911,28),(2015,1,56.25,450.00,450.00,56.25,911,29),(2016,1,2.96,5921.05,5921.05,2.96,911,30),(2017,1,22.50,202.50,202.50,22.50,912,31),(2018,1,22.50,225.00,225.00,22.50,912,32),(2019,1,56.25,562.50,562.50,56.25,913,5),(2020,1,0.23,5.16,5.16,0.23,914,33),(2021,1,0.35,28.00,28.00,0.35,914,34),(2022,1,28.13,56.25,56.25,28.13,914,35),(2023,1,225.00,225.00,225.00,225.00,915,36),(2024,1,28.13,56.25,56.25,28.13,915,37),(2025,1,9.00,180.00,180.00,9.00,915,38),(2026,1,225.00,225.00,225.00,225.00,915,39),(2027,1,0.28,227.53,227.53,0.28,916,40),(2028,1,0.00,0.00,0.00,0.00,917,6),(2029,1,0.06,45.51,45.51,0.06,918,41),(2030,1,0.00,0.00,0.00,0.00,925,48),(2031,1,0.00,0.00,0.00,0.00,925,49),(2032,1,0.00,0.00,0.00,0.00,925,50),(2033,1,0.00,0.00,0.00,0.00,925,51),(2034,1,0.00,0.00,0.00,0.00,925,52),(2035,1,0.00,0.00,0.00,0.00,925,53),(2036,1,0.00,0.00,0.00,0.00,925,54),(2037,1,0.00,0.00,0.00,0.00,925,55),(2038,1,0.00,0.00,0.00,0.00,925,58),(2039,1,0.00,0.00,0.00,0.00,925,59),(2040,1,0.00,0.00,0.00,0.00,925,60),(2041,1,0.00,0.00,0.00,0.00,925,61),(2042,1,0.00,0.00,0.00,0.00,925,62),(2043,1,168.75,168.75,168.75,168.75,925,63),(2044,1,0.00,0.00,0.00,0.00,925,64),(2045,1,253.13,0.00,0.00,253.13,931,42),(2046,1,0.00,0.00,0.00,0.00,931,43),(2047,1,0.00,0.00,0.00,0.00,931,44),(2048,1,14.06,0.00,0.00,14.06,931,45),(2049,1,337.50,337.50,337.50,337.50,931,46),(2050,1,84.38,84.38,84.38,84.38,931,47),(2051,1,56.25,450.00,450.00,56.25,932,1),(2052,1,56.25,337.50,337.50,56.25,932,2),(2053,1,56.25,168.75,168.75,56.25,932,7),(2054,1,56.25,450.00,450.00,56.25,932,8),(2055,1,56.25,56.25,56.25,56.25,933,3),(2056,1,1125.00,9000.00,9000.00,1125.00,933,4),(2057,1,5.63,13393.13,13393.13,5.63,933,16),(2058,1,11.25,2610.00,2610.00,11.25,933,17),(2059,1,0.28,2277.56,2277.56,0.28,934,11),(2060,1,56.25,900.00,900.00,56.25,934,12),(2061,1,6.43,12857.14,12857.14,6.43,935,13),(2062,1,11.25,2610.00,2610.00,11.25,935,19),(2063,1,5.63,13393.13,13393.13,5.63,935,20),(2064,1,28.13,393.75,393.75,28.13,936,14),(2065,1,14.06,0.00,0.00,14.06,936,15),(2066,1,7103.22,57521845.19,57521845.19,7103.22,936,21),(2067,1,0.00,0.00,0.00,0.00,936,22),(2068,1,0.00,0.00,0.00,0.00,936,23),(2069,1,0.00,0.00,0.00,0.00,936,24),(2070,1,0.00,0.00,0.00,0.00,937,25),(2071,1,140.63,2109.38,2109.38,140.63,937,26),(2072,1,0.28,669.66,669.66,0.28,938,27),(2073,1,56.25,675.00,675.00,56.25,938,28),(2074,1,56.25,450.00,450.00,56.25,938,29),(2075,1,2.96,5921.05,5921.05,2.96,938,30),(2076,1,22.50,337.50,337.50,22.50,939,31),(2077,1,22.50,225.00,225.00,22.50,939,32),(2078,1,56.25,562.50,562.50,56.25,940,5),(2079,1,0.23,54.38,54.38,0.23,941,33),(2080,1,0.35,276.15,276.15,0.35,941,34),(2081,1,28.13,393.75,393.75,28.13,941,35),(2082,1,225.00,225.00,225.00,225.00,942,36),(2083,1,28.13,393.75,393.75,28.13,942,37),(2084,1,9.00,117.00,117.00,9.00,942,38),(2085,1,225.00,225.00,225.00,225.00,942,39),(2086,1,0.28,2277.56,2277.56,0.28,943,40),(2087,1,0.00,0.00,0.00,0.00,944,6),(2088,1,0.06,455.51,455.51,0.06,945,41),(2089,1,0.00,0.00,0.00,0.00,952,48),(2090,1,0.00,0.00,0.00,0.00,952,49),(2091,1,0.00,0.00,0.00,0.00,952,50),(2092,1,0.00,0.00,0.00,0.00,952,51),(2093,1,0.00,0.00,0.00,0.00,952,52),(2094,1,0.00,0.00,0.00,0.00,952,53),(2095,1,0.00,0.00,0.00,0.00,952,54),(2096,1,0.00,0.00,0.00,0.00,952,55),(2097,1,0.00,0.00,0.00,0.00,952,58),(2098,1,0.00,0.00,0.00,0.00,952,59),(2099,1,0.00,0.00,0.00,0.00,952,60),(2100,1,0.00,0.00,0.00,0.00,952,61),(2101,1,0.00,0.00,0.00,0.00,952,62),(2102,1,168.75,168.75,168.75,168.75,952,63),(2103,1,0.00,0.00,0.00,0.00,952,64),(2104,1,253.13,0.00,0.00,253.13,958,42),(2105,1,0.00,0.00,0.00,0.00,958,43),(2106,1,0.00,0.00,0.00,0.00,958,44),(2107,1,14.06,0.00,0.00,14.06,958,45),(2108,1,337.50,337.50,337.50,337.50,958,46),(2109,1,84.38,84.38,84.38,84.38,958,47),(2110,1,56.25,450.00,450.00,56.25,959,1),(2111,1,56.25,337.50,337.50,56.25,959,2),(2112,1,56.25,168.75,168.75,56.25,959,7),(2113,1,56.25,450.00,450.00,56.25,959,8),(2114,1,56.25,56.25,56.25,56.25,960,3),(2115,1,1125.00,9000.00,9000.00,1125.00,960,4),(2116,1,5.63,18000.00,18000.00,5.63,960,16),(2117,1,11.25,3150.00,3150.00,11.25,960,17),(2118,1,0.28,2250.00,2250.00,0.28,961,11),(2119,1,56.25,900.00,900.00,56.25,961,12),(2120,1,6.43,12857.14,12857.14,6.43,962,13),(2121,1,11.25,3150.00,3150.00,11.25,962,19),(2122,1,5.63,18000.00,18000.00,5.63,962,20),(2123,1,28.13,393.75,393.75,28.13,963,14),(2124,1,14.06,281.25,281.25,14.06,963,15),(2125,1,4725.00,37800000.00,37800000.00,4725.00,963,21),(2126,1,0.00,0.00,0.00,0.00,963,22),(2127,1,0.00,0.00,0.00,0.00,963,23),(2128,1,0.00,0.00,0.00,0.00,963,24),(2129,1,0.00,0.00,0.00,0.00,964,25),(2130,1,140.63,2109.38,2109.38,140.63,964,26),(2131,1,0.28,900.00,900.00,0.28,965,27),(2132,1,56.25,675.00,675.00,56.25,965,28),(2133,1,56.25,450.00,450.00,56.25,965,29),(2134,1,2.96,5921.05,5921.05,2.96,965,30),(2135,1,22.50,337.50,337.50,22.50,966,31),(2136,1,22.50,225.00,225.00,22.50,966,32),(2137,1,56.25,562.50,562.50,56.25,967,5),(2138,1,0.23,65.63,65.63,0.23,968,33),(2139,1,0.35,245.00,245.00,0.35,968,34),(2140,1,28.13,393.75,393.75,28.13,968,35),(2141,1,225.00,225.00,225.00,225.00,969,36),(2142,1,28.13,393.75,393.75,28.13,969,37),(2143,1,9.00,117.00,117.00,9.00,969,38),(2144,1,225.00,225.00,225.00,225.00,969,39),(2145,1,0.28,2250.00,2250.00,0.28,970,40),(2146,1,0.00,0.00,0.00,0.00,971,6),(2147,1,0.06,450.00,450.00,0.06,972,41),(2148,1,0.00,0.00,0.00,0.00,979,48),(2149,1,0.00,0.00,0.00,0.00,979,49),(2150,1,0.00,0.00,0.00,0.00,979,50),(2151,1,0.00,0.00,0.00,0.00,979,51),(2152,1,0.00,0.00,0.00,0.00,979,52),(2153,1,0.00,0.00,0.00,0.00,979,53),(2154,1,0.00,0.00,0.00,0.00,979,54),(2155,1,0.00,0.00,0.00,0.00,979,55),(2156,1,0.00,0.00,0.00,0.00,979,58),(2157,1,0.00,0.00,0.00,0.00,979,59),(2158,1,0.00,0.00,0.00,0.00,979,60),(2159,1,0.00,0.00,0.00,0.00,979,61),(2160,1,0.00,0.00,0.00,0.00,979,62),(2161,1,168.75,168.75,168.75,168.75,979,63),(2162,1,0.00,0.00,0.00,0.00,979,64),(2163,1,253.13,506.25,506.25,253.13,985,42),(2164,1,168.75,337.50,337.50,168.75,985,43),(2165,1,42.19,84.38,84.38,42.19,985,44),(2166,1,14.06,42.19,42.19,14.06,985,45),(2167,1,337.50,337.50,337.50,337.50,985,46),(2168,1,84.38,84.38,84.38,84.38,985,47),(2261,1,56.25,450.00,450.00,56.25,1023,1),(2262,1,56.25,337.50,337.50,56.25,1023,2),(2263,1,56.25,168.75,168.75,56.25,1023,7),(2264,1,56.25,450.00,450.00,56.25,1023,8),(2265,1,56.25,56.25,56.25,56.25,1024,3),(2266,1,2631.94,21055.50,21055.50,2631.94,1024,4),(2267,1,5.63,27478.13,27478.13,5.63,1024,16),(2268,1,11.25,540.00,540.00,11.25,1024,17),(2269,1,0.28,6595.59,6595.59,0.28,1025,11),(2270,1,56.25,900.00,900.00,56.25,1025,12),(2271,1,6.43,30079.29,30079.29,6.43,1026,13),(2272,1,11.25,540.00,540.00,11.25,1026,19),(2273,1,5.63,27478.13,27478.13,5.63,1026,20),(2274,1,28.13,393.75,393.75,28.13,1027,14),(2275,1,14.06,0.00,0.00,14.06,1027,15),(2276,1,0.00,0.00,0.00,0.00,1027,21),(2277,1,0.00,0.00,0.00,0.00,1027,22),(2278,1,0.00,0.00,0.00,0.00,1027,23),(2279,1,0.00,0.00,0.00,0.00,1027,24),(2280,1,0.00,0.00,0.00,0.00,1028,25),(2281,1,140.63,2109.38,2109.38,140.63,1028,26),(2282,1,0.28,1373.91,1373.91,0.28,1029,27),(2283,1,56.25,675.00,675.00,56.25,1029,28),(2284,1,56.25,450.00,450.00,56.25,1029,29),(2285,1,2.96,13852.30,13852.30,2.96,1029,30),(2286,1,22.50,337.50,337.50,22.50,1030,31),(2287,1,22.50,225.00,225.00,22.50,1030,32),(2288,1,56.25,562.50,562.50,56.25,1031,5),(2289,1,0.23,11.25,11.25,0.23,1032,33),(2290,1,0.35,81.90,81.90,0.35,1032,34),(2291,1,28.13,393.75,393.75,28.13,1032,35),(2292,1,225.00,225.00,225.00,225.00,1033,36),(2293,1,28.13,393.75,393.75,28.13,1033,37),(2294,1,9.00,117.00,117.00,9.00,1033,38),(2295,1,225.00,225.00,225.00,225.00,1033,39),(2296,1,0.28,6595.59,6595.59,0.28,1034,40),(2297,1,0.00,0.00,0.00,0.00,1035,6),(2298,1,0.06,1319.12,1319.12,0.06,1036,41),(2299,1,0.00,0.00,0.00,0.00,1043,48),(2300,1,0.00,0.00,0.00,0.00,1043,49),(2301,1,0.00,0.00,0.00,0.00,1043,50),(2302,1,0.00,0.00,0.00,0.00,1043,51),(2303,1,0.00,0.00,0.00,0.00,1043,52),(2304,1,0.00,0.00,0.00,0.00,1043,53),(2305,1,0.00,0.00,0.00,0.00,1043,54),(2306,1,0.00,0.00,0.00,0.00,1043,55),(2307,1,0.00,0.00,0.00,0.00,1043,58),(2308,1,0.00,0.00,0.00,0.00,1043,59),(2309,1,0.00,0.00,0.00,0.00,1043,60),(2310,1,0.00,0.00,0.00,0.00,1043,61),(2311,1,0.00,0.00,0.00,0.00,1043,62),(2312,1,168.75,168.75,168.75,168.75,1043,63),(2313,1,0.00,0.00,0.00,0.00,1043,64),(2314,1,253.13,0.00,0.00,253.13,1049,42),(2315,1,0.00,0.00,0.00,0.00,1049,43),(2316,1,0.00,0.00,0.00,0.00,1049,44),(2317,1,14.06,0.00,0.00,14.06,1049,45),(2318,1,337.50,337.50,337.50,337.50,1049,46),(2319,1,84.38,84.38,84.38,84.38,1049,47),(2320,1,56.25,450.00,450.00,56.25,1050,1),(2321,1,56.25,337.50,337.50,56.25,1050,2),(2322,1,56.25,168.75,168.75,56.25,1050,7),(2323,1,56.25,450.00,450.00,56.25,1050,8),(2324,1,56.25,56.25,56.25,56.25,1051,3),(2325,1,5062.50,40500.00,40500.00,5062.50,1051,4),(2326,1,6.19,6100.88,6100.88,6.19,1051,16),(2327,1,12.38,1373.63,1373.63,12.38,1051,17),(2328,1,0.28,2219.06,2219.06,0.28,1052,11),(2329,1,56.25,900.00,900.00,56.25,1052,12),(2330,1,6.43,57857.14,57857.14,6.43,1053,13),(2331,1,12.38,1373.63,1373.63,12.38,1053,19),(2332,1,6.19,6100.88,6100.88,6.19,1053,20),(2333,1,28.13,590.63,590.63,28.13,1054,14),(2334,1,14.06,0.00,0.00,14.06,1054,15),(2335,1,0.00,0.00,0.00,0.00,1054,21),(2336,1,0.00,0.00,0.00,0.00,1054,22),(2337,1,0.00,0.00,0.00,0.00,1054,23),(2338,1,0.00,0.00,0.00,0.00,1054,24),(2339,1,0.00,0.00,0.00,0.00,1055,25),(2340,1,140.63,4781.25,4781.25,140.63,1055,26),(2341,1,0.28,277.31,277.31,0.28,1056,27),(2342,1,56.25,675.00,675.00,56.25,1056,28),(2343,1,56.25,450.00,450.00,56.25,1056,29),(2344,1,2.96,26644.74,26644.74,2.96,1056,30),(2345,1,22.50,765.00,765.00,22.50,1057,31),(2346,1,22.50,225.00,225.00,22.50,1057,32),(2347,1,56.25,562.50,562.50,56.25,1058,5),(2348,1,0.23,26.02,26.02,0.23,1059,33),(2349,1,0.35,311.50,311.50,0.35,1059,34),(2350,1,28.13,590.63,590.63,28.13,1059,35),(2351,1,225.00,225.00,225.00,225.00,1060,36),(2352,1,28.13,590.63,590.63,28.13,1060,37),(2353,1,9.00,702.00,702.00,9.00,1060,38),(2354,1,225.00,225.00,225.00,225.00,1060,39),(2355,1,0.28,2219.06,2219.06,0.28,1061,40),(2356,1,0.00,0.00,0.00,0.00,1062,6),(2357,1,0.06,443.81,443.81,0.06,1063,41),(2358,1,0.00,0.00,0.00,0.00,1070,48),(2359,1,0.00,0.00,0.00,0.00,1070,49),(2360,1,0.00,0.00,0.00,0.00,1070,50),(2361,1,0.00,0.00,0.00,0.00,1070,51),(2362,1,0.00,0.00,0.00,0.00,1070,52),(2363,1,0.00,0.00,0.00,0.00,1070,53),(2364,1,0.00,0.00,0.00,0.00,1070,54),(2365,1,0.00,0.00,0.00,0.00,1070,55),(2366,1,0.00,0.00,0.00,0.00,1070,58),(2367,1,0.00,0.00,0.00,0.00,1070,59),(2368,1,0.00,0.00,0.00,0.00,1070,60),(2369,1,0.00,0.00,0.00,0.00,1070,61),(2370,1,0.00,0.00,0.00,0.00,1070,62),(2371,1,168.75,168.75,168.75,168.75,1070,63),(2372,1,0.00,0.00,0.00,0.00,1070,64),(2373,1,253.13,0.00,0.00,253.13,1076,42),(2374,1,0.00,0.00,0.00,0.00,1076,43),(2375,1,0.00,0.00,0.00,0.00,1076,44),(2376,1,14.06,0.00,0.00,14.06,1076,45),(2377,1,337.50,337.50,337.50,337.50,1076,46),(2378,1,84.38,84.38,84.38,84.38,1076,47),(2379,1,56.25,450.00,450.00,56.25,1077,1),(2380,1,56.25,337.50,337.50,56.25,1077,2),(2381,1,56.25,168.75,168.75,56.25,1077,7),(2382,1,56.25,450.00,450.00,56.25,1077,8),(2383,1,56.25,56.25,56.25,56.25,1078,3),(2384,1,1063.13,8505.00,8505.00,1063.13,1078,4),(2385,1,6.19,2202.75,2202.75,6.19,1078,16),(2386,1,12.38,433.13,433.13,12.38,1078,17),(2387,1,0.28,250.31,250.31,0.28,1079,11),(2388,1,56.25,900.00,900.00,56.25,1079,12),(2389,1,6.43,12150.00,12150.00,6.43,1080,13),(2390,1,12.38,433.13,433.13,12.38,1080,19),(2391,1,6.19,2202.75,2202.75,6.19,1080,20),(2392,1,28.13,759.38,759.38,28.13,1081,14),(2393,1,14.06,0.00,0.00,14.06,1081,15),(2394,1,4725.00,4205250.00,4205250.00,4725.00,1081,21),(2395,1,0.00,0.00,0.00,0.00,1081,22),(2396,1,1.00,0.00,0.00,1.00,1081,23),(2397,1,0.00,0.00,0.00,0.00,1081,24),(2398,1,0.00,0.00,0.00,0.00,1082,25),(2399,1,140.63,1265.63,1265.63,140.63,1082,26),(2400,1,0.28,100.13,100.13,0.28,1083,27),(2401,1,56.25,675.00,675.00,56.25,1083,28),(2402,1,56.25,450.00,450.00,56.25,1083,29),(2403,1,2.96,5595.39,5595.39,2.96,1083,30),(2404,1,22.50,202.50,202.50,22.50,1084,31),(2405,1,22.50,225.00,225.00,22.50,1084,32),(2406,1,56.25,450.00,450.00,56.25,1085,1),(2407,1,56.25,337.50,337.50,56.25,1085,2),(2408,1,56.25,168.75,168.75,56.25,1085,7),(2409,1,56.25,450.00,450.00,56.25,1085,8),(2410,1,56.25,56.25,56.25,56.25,1086,3),(2411,1,2131.31,17050.50,17050.50,2131.31,1086,4),(2412,1,5.63,4770.00,4770.00,5.63,1086,16),(2413,1,11.25,123.75,123.75,11.25,1086,17),(2414,1,0.28,1909.41,1909.41,0.28,1087,11),(2415,1,56.25,900.00,900.00,56.25,1087,12),(2416,1,6.43,24357.86,24357.86,6.43,1088,13),(2417,1,11.25,123.75,123.75,11.25,1088,19),(2418,1,5.63,4770.00,4770.00,5.63,1088,20),(2419,1,28.13,393.75,393.75,28.13,1089,14),(2420,1,14.06,0.00,0.00,14.06,1089,15),(2421,1,0.00,0.00,0.00,0.00,1089,21),(2422,1,0.00,0.00,0.00,0.00,1089,22),(2423,1,56.25,450.00,450.00,56.25,1090,1),(2424,1,56.25,337.50,337.50,56.25,1090,2),(2425,1,56.25,168.75,168.75,56.25,1090,7),(2426,1,56.25,450.00,450.00,56.25,1090,8),(2427,1,56.25,56.25,56.25,56.25,1091,3),(2428,1,1125.00,9000.00,9000.00,1125.00,1091,4),(2429,1,5.63,973.13,973.13,5.63,1091,16),(2430,1,11.25,168.75,168.75,11.25,1091,17),(2431,1,0.28,253.13,253.13,0.28,1092,11),(2432,1,56.25,900.00,900.00,56.25,1092,12),(2433,1,6.43,12857.14,12857.14,6.43,1093,13),(2434,1,11.25,168.75,168.75,11.25,1093,19),(2435,1,5.63,973.13,973.13,5.63,1093,20),(2436,1,28.13,393.75,393.75,28.13,1094,14),(2437,1,14.06,0.00,0.00,14.06,1094,15),(2438,1,0.00,0.00,0.00,0.00,1094,21),(2439,1,0.00,0.00,0.00,0.00,1094,22),(2440,1,56.25,450.00,450.00,56.25,1095,1),(2441,1,56.25,337.50,337.50,56.25,1095,2),(2442,1,56.25,168.75,168.75,56.25,1095,7),(2443,1,56.25,450.00,450.00,56.25,1095,8),(2444,1,56.25,56.25,56.25,56.25,1096,3),(2445,1,1687.50,13500.00,13500.00,1687.50,1096,4),(2446,1,6.19,538.31,538.31,6.19,1096,16),(2447,1,12.38,111.38,111.38,12.38,1096,17),(2448,1,0.28,196.88,196.88,0.28,1097,11),(2449,1,56.25,900.00,900.00,56.25,1097,12),(2450,1,6.43,19285.71,19285.71,6.43,1098,13),(2451,1,12.38,111.38,111.38,12.38,1098,19),(2452,1,6.19,538.31,538.31,6.19,1098,20),(2453,1,28.13,393.75,393.75,28.13,1099,14),(2454,1,14.06,0.00,0.00,14.06,1099,15),(2455,1,0.00,0.00,0.00,0.00,1099,21),(2456,1,0.00,0.00,0.00,0.00,1099,22),(2457,1,56.25,450.00,450.00,56.25,1100,1),(2458,1,56.25,337.50,337.50,56.25,1100,2),(2459,1,56.25,168.75,168.75,56.25,1100,7),(2460,1,56.25,450.00,450.00,56.25,1100,8),(2461,1,56.25,56.25,56.25,56.25,1101,3),(2462,1,1686.94,13495.50,13495.50,1686.94,1101,4),(2463,1,5.63,31601.25,31601.25,5.63,1101,16),(2464,1,11.25,618.75,618.75,11.25,1101,17),(2465,1,0.28,2528.44,2528.44,0.28,1102,11),(2466,1,56.25,900.00,900.00,56.25,1102,12),(2467,1,6.43,19279.29,19279.29,6.43,1103,13),(2468,1,11.25,618.75,618.75,11.25,1103,19),(2469,1,5.63,31601.25,31601.25,5.63,1103,20),(2470,1,28.13,112.50,112.50,28.13,1104,14),(2471,1,14.06,0.00,0.00,14.06,1104,15),(2472,1,0.00,0.00,0.00,0.00,1104,21),(2473,1,0.00,0.00,0.00,0.00,1104,22),(2491,1,56.25,450.00,450.00,56.25,1110,1),(2492,1,56.25,337.50,337.50,56.25,1110,2),(2493,1,56.25,168.75,168.75,56.25,1110,7),(2494,1,56.25,450.00,450.00,56.25,1110,8),(2495,1,56.25,56.25,56.25,56.25,1111,3),(2496,1,1686.94,13495.50,13495.50,1686.94,1111,4),(2497,1,5.63,31601.25,31601.25,5.63,1111,16),(2498,1,11.25,618.75,618.75,11.25,1111,17),(2499,1,0.28,2528.44,2528.44,0.28,1112,11),(2500,1,56.25,900.00,900.00,56.25,1112,12),(2501,1,6.43,19279.29,19279.29,6.43,1113,13),(2502,1,11.25,618.75,618.75,11.25,1113,19),(2503,1,5.63,31601.25,31601.25,5.63,1113,20),(2504,1,28.13,112.50,112.50,28.13,1114,14),(2505,1,14.06,0.00,0.00,14.06,1114,15),(2506,1,0.00,0.00,0.00,0.00,1114,21),(2507,1,0.00,0.00,0.00,0.00,1114,22),(2508,1,56.25,450.00,450.00,56.25,1115,1),(2509,1,56.25,337.50,337.50,56.25,1115,2),(2510,1,56.25,168.75,168.75,56.25,1115,7),(2511,1,56.25,450.00,450.00,56.25,1115,8),(2512,1,56.25,56.25,56.25,56.25,1116,3),(2513,1,1686.94,13495.50,13495.50,1686.94,1116,4),(2514,1,5.63,31601.25,31601.25,5.63,1116,16),(2515,1,11.25,618.75,618.75,11.25,1116,17),(2516,1,0.28,2528.44,2528.44,0.28,1117,11),(2517,1,56.25,900.00,900.00,56.25,1117,12),(2518,1,6.43,19279.29,19279.29,6.43,1118,13),(2519,1,11.25,618.75,618.75,11.25,1118,19),(2520,1,5.63,31601.25,31601.25,5.63,1118,20),(2521,1,28.13,112.50,112.50,28.13,1119,14),(2522,1,14.06,0.00,0.00,14.06,1119,15),(2523,1,0.00,0.00,0.00,0.00,1119,21),(2524,1,0.00,0.00,0.00,0.00,1119,22),(2559,1,56.25,450.00,450.00,56.25,1130,1),(2560,1,56.25,337.50,337.50,56.25,1130,2),(2561,1,56.25,168.75,168.75,56.25,1130,7),(2562,1,56.25,450.00,450.00,56.25,1130,8),(2563,1,56.25,56.25,56.25,56.25,1131,3),(2564,1,10635.75,85086.00,85086.00,10635.75,1131,4),(2565,1,6.19,292656.38,292656.38,6.19,1131,16),(2566,1,12.38,6100.88,6100.88,12.38,1131,17),(2567,1,0.28,21284.44,21284.44,0.28,1132,11),(2568,1,56.25,900.00,900.00,56.25,1132,12),(2569,1,6.43,121551.43,121551.43,6.43,1133,13),(2570,1,12.38,6100.88,6100.88,12.38,1133,19),(2571,1,6.19,292656.38,292656.38,6.19,1133,20),(2572,1,28.13,56.25,56.25,28.13,1134,14),(2573,1,14.06,0.00,0.00,14.06,1134,15),(2574,1,0.00,0.00,0.00,0.00,1134,21),(2575,1,0.00,0.00,0.00,0.00,1134,22),(2576,1,0.00,0.00,0.00,0.00,1134,23),(2577,1,0.00,0.00,0.00,0.00,1134,24),(2578,1,0.00,0.00,0.00,0.00,1135,25),(2579,1,140.63,1265.63,1265.63,140.63,1135,26),(2580,1,0.28,13302.56,13302.56,0.28,1136,27),(2581,1,56.25,675.00,675.00,56.25,1136,28),(2582,1,56.25,450.00,450.00,56.25,1136,29),(2583,1,2.96,55977.63,55977.63,2.96,1136,30),(2584,1,22.50,202.50,202.50,22.50,1137,31),(2585,1,22.50,225.00,225.00,22.50,1137,32),(2586,1,56.25,562.50,562.50,56.25,1138,5),(2587,1,0.23,115.55,115.55,0.23,1139,33),(2588,1,0.35,276.15,276.15,0.35,1139,34),(2589,1,28.13,56.25,56.25,28.13,1139,35),(2590,1,225.00,225.00,225.00,225.00,1140,36),(2591,1,28.13,56.25,56.25,28.13,1140,37),(2592,1,9.00,180.00,180.00,9.00,1140,38),(2593,1,225.00,225.00,225.00,225.00,1140,39),(2594,1,0.28,21284.44,21284.44,0.28,1141,40),(2595,1,0.00,0.00,0.00,0.00,1142,6),(2596,1,0.06,4256.89,4256.89,0.06,1143,41),(2597,1,0.00,0.00,0.00,0.00,1150,48),(2598,1,0.00,0.00,0.00,0.00,1150,49),(2599,1,0.00,0.00,0.00,0.00,1150,50),(2600,1,0.00,0.00,0.00,0.00,1150,51),(2601,1,0.00,0.00,0.00,0.00,1150,52),(2602,1,0.00,0.00,0.00,0.00,1150,53),(2603,1,0.00,0.00,0.00,0.00,1150,54),(2604,1,0.00,0.00,0.00,0.00,1150,55),(2605,1,0.00,0.00,0.00,0.00,1150,58),(2606,1,0.00,0.00,0.00,0.00,1150,59),(2607,1,0.00,0.00,0.00,0.00,1150,60),(2608,1,0.00,0.00,0.00,0.00,1150,61),(2609,1,0.00,0.00,0.00,0.00,1150,62),(2610,1,168.75,168.75,168.75,168.75,1150,63),(2611,1,0.00,0.00,0.00,0.00,1150,64),(2612,1,253.13,0.00,0.00,253.13,1156,42),(2613,1,0.00,0.00,0.00,0.00,1156,43),(2614,1,0.00,0.00,0.00,0.00,1156,44),(2615,1,14.06,0.00,0.00,14.06,1156,45),(2616,1,337.50,337.50,337.50,337.50,1156,46),(2617,1,84.38,84.38,84.38,84.38,1156,47),(2677,1,56.25,562.50,562.50,56.25,1184,5),(2678,1,0.23,7.50,7.50,0.23,1185,33),(2679,1,0.35,28.00,28.00,0.35,1185,34),(2680,1,28.13,196.88,196.88,28.13,1185,35),(2681,1,225.00,225.00,225.00,225.00,1186,36),(2682,1,28.13,196.88,196.88,28.13,1186,37),(2683,1,9.00,162.00,162.00,9.00,1186,38),(2684,1,225.00,225.00,225.00,225.00,1186,39),(2685,1,0.28,253.13,253.13,0.28,1187,40),(2686,1,0.00,0.00,0.00,0.00,1188,6),(2687,1,0.06,50.63,50.63,0.06,1189,41),(2688,1,56.25,450.00,450.00,56.25,1190,1),(2689,1,56.25,337.50,337.50,56.25,1190,2),(2690,1,56.25,168.75,168.75,56.25,1190,7),(2691,1,56.25,450.00,450.00,56.25,1190,8),(2692,1,56.25,56.25,56.25,56.25,1191,3),(2693,1,1068.75,8550.00,8550.00,1068.75,1191,4),(2694,1,6.19,4207.50,4207.50,6.19,1191,16),(2695,1,12.38,383.63,383.63,12.38,1191,17),(2696,1,0.28,478.13,478.13,0.28,1192,11),(2697,1,56.25,900.00,900.00,56.25,1192,12),(2698,1,6.43,12214.29,12214.29,6.43,1193,13),(2699,1,12.38,383.63,383.63,12.38,1193,19),(2700,1,6.19,4207.50,4207.50,6.19,1193,20),(2701,1,28.13,196.88,196.88,28.13,1194,14),(2702,1,14.06,0.00,0.00,14.06,1194,15),(2703,1,4725.00,8032500.00,8032500.00,4725.00,1194,21),(2704,1,0.00,0.00,0.00,0.00,1194,22),(2705,1,1.00,0.00,0.00,1.00,1194,23),(2706,1,0.00,0.00,0.00,0.00,1194,24),(2707,1,0.00,0.00,0.00,0.00,1195,25),(2708,1,140.63,1265.63,1265.63,140.63,1195,26),(2709,1,0.28,191.25,191.25,0.28,1196,27),(2710,1,56.25,675.00,675.00,56.25,1196,28),(2711,1,56.25,450.00,450.00,56.25,1196,29),(2712,1,2.96,5625.00,5625.00,2.96,1196,30),(2713,1,22.50,202.50,202.50,22.50,1197,31),(2714,1,22.50,225.00,225.00,22.50,1197,32),(2715,1,56.25,450.00,450.00,56.25,1198,1),(2716,1,56.25,337.50,337.50,56.25,1198,2),(2717,1,56.25,168.75,168.75,56.25,1198,7),(2718,1,56.25,450.00,450.00,56.25,1198,8),(2719,1,56.25,56.25,56.25,56.25,1199,3),(2720,1,578.25,4626.00,4626.00,578.25,1199,4),(2721,1,6.19,4702.50,4702.50,6.19,1199,16),(2722,1,12.38,4455.00,4455.00,12.38,1199,17),(2723,1,0.28,534.38,534.38,0.28,1200,11),(2724,1,56.25,900.00,900.00,56.25,1200,12),(2725,1,6.43,6608.57,6608.57,6.43,1201,13),(2726,1,12.38,4455.00,4455.00,12.38,1201,19),(2727,1,6.19,4702.50,4702.50,6.19,1201,20),(2728,1,28.13,393.75,393.75,28.13,1202,14),(2729,1,14.06,0.00,0.00,14.06,1202,15),(2730,1,4725.00,8977500.00,8977500.00,4725.00,1202,21),(2731,1,0.00,0.00,0.00,0.00,1202,22),(2732,1,1.00,0.00,0.00,1.00,1202,23),(2733,1,0.00,0.00,0.00,0.00,1202,24),(2734,1,0.00,0.00,0.00,0.00,1203,25),(2735,1,140.63,1265.63,1265.63,140.63,1203,26),(2736,1,0.28,213.75,213.75,0.28,1204,27),(2737,1,56.25,675.00,675.00,56.25,1204,28),(2738,1,56.25,450.00,450.00,56.25,1204,29),(2739,1,2.96,3043.42,3043.42,2.96,1204,30),(2740,1,22.50,202.50,202.50,22.50,1205,31),(2741,1,22.50,225.00,225.00,22.50,1205,32),(2742,1,56.25,562.50,562.50,56.25,1206,5),(2743,1,0.23,84.38,84.38,0.23,1207,33),(2744,1,0.35,315.00,315.00,0.35,1207,34),(2745,1,28.13,393.75,393.75,28.13,1207,35),(2746,1,225.00,225.00,225.00,225.00,1208,36),(2747,1,28.13,393.75,393.75,28.13,1208,37),(2748,1,9.00,144.00,144.00,9.00,1208,38),(2749,1,225.00,225.00,225.00,225.00,1208,39),(2750,1,0.28,534.38,534.38,0.28,1209,40),(2751,1,0.00,0.00,0.00,0.00,1210,6),(2752,1,0.06,106.88,106.88,0.06,1211,41),(2753,1,0.00,0.00,0.00,0.00,1218,48),(2754,1,0.00,0.00,0.00,0.00,1218,49),(2755,1,0.00,0.00,0.00,0.00,1218,50),(2756,1,0.00,0.00,0.00,0.00,1218,51),(2757,1,0.00,0.00,0.00,0.00,1218,52),(2758,1,0.00,0.00,0.00,0.00,1218,53),(2759,1,0.00,0.00,0.00,0.00,1218,54),(2760,1,0.00,0.00,0.00,0.00,1218,55),(2761,1,0.00,0.00,0.00,0.00,1218,58),(2762,1,0.00,0.00,0.00,0.00,1218,59),(2763,1,0.00,0.00,0.00,0.00,1218,60),(2764,1,0.00,0.00,0.00,0.00,1218,61),(2765,1,0.00,0.00,0.00,0.00,1218,62),(2766,1,168.75,168.75,168.75,168.75,1218,63),(2767,1,0.00,0.00,0.00,0.00,1218,64),(2768,1,253.13,0.00,0.00,253.13,1224,42),(2769,1,0.00,0.00,0.00,0.00,1224,43),(2770,1,0.00,0.00,0.00,0.00,1224,44),(2771,1,14.06,0.00,0.00,14.06,1224,45),(2772,1,337.50,337.50,337.50,337.50,1224,46),(2773,1,84.38,84.38,84.38,84.38,1224,47),(2890,1,56.25,450.00,450.00,56.25,1279,1),(2891,1,56.25,337.50,337.50,56.25,1279,2),(2892,1,56.25,168.75,168.75,56.25,1279,7),(2893,1,56.25,450.00,450.00,56.25,1279,8),(2894,1,56.25,56.25,56.25,56.25,1280,3),(2895,1,578.25,4626.00,4626.00,578.25,1280,4),(2896,1,6.19,3260.81,3260.81,6.19,1280,16),(2897,1,12.38,2747.25,2747.25,12.38,1280,17),(2898,1,0.28,534.38,534.38,0.28,1281,11),(2899,1,56.25,900.00,900.00,56.25,1281,12),(2900,1,6.43,6608.57,6608.57,6.43,1282,13),(2901,1,12.38,2747.25,2747.25,12.38,1282,19),(2902,1,6.19,3260.81,3260.81,6.19,1282,20),(2903,1,28.13,393.75,393.75,28.13,1283,14),(2904,1,14.06,0.00,0.00,14.06,1283,15),(2905,1,7486.88,14225062.50,14225062.50,7486.88,1283,21),(2906,1,0.00,0.00,0.00,0.00,1283,22),(2907,1,59.06,0.00,0.00,59.06,1283,23),(2908,1,0.00,0.00,0.00,0.00,1283,24),(2909,1,0.00,0.00,0.00,0.00,1284,25),(2910,1,140.63,1265.63,1265.63,140.63,1284,26),(2911,1,0.28,148.22,148.22,0.28,1285,27),(2912,1,56.25,675.00,675.00,56.25,1285,28),(2913,1,56.25,450.00,450.00,56.25,1285,29),(2914,1,2.96,3043.42,3043.42,2.96,1285,30),(2915,1,22.50,202.50,202.50,22.50,1286,31),(2916,1,22.50,225.00,225.00,22.50,1286,32),(2917,1,56.25,562.50,562.50,56.25,1287,5),(2918,1,0.23,52.03,52.03,0.23,1288,33),(2919,1,0.35,280.00,280.00,0.35,1288,34),(2920,1,28.13,393.75,393.75,28.13,1288,35),(2921,1,225.00,225.00,225.00,225.00,1289,36),(2922,1,28.13,393.75,393.75,28.13,1289,37),(2923,1,9.00,144.00,144.00,9.00,1289,38),(2924,1,225.00,225.00,225.00,225.00,1289,39),(2925,1,0.28,534.38,534.38,0.28,1290,40),(2926,1,0.00,0.00,0.00,0.00,1291,6),(2927,1,0.06,106.88,106.88,0.06,1292,41),(2928,1,0.00,0.00,0.00,0.00,1299,48),(2929,1,0.00,0.00,0.00,0.00,1299,49),(2930,1,0.00,0.00,0.00,0.00,1299,50),(2931,1,0.00,0.00,0.00,0.00,1299,51),(2932,1,0.00,0.00,0.00,0.00,1299,52),(2933,1,0.00,0.00,0.00,0.00,1299,53),(2934,1,0.00,0.00,0.00,0.00,1299,54),(2935,1,0.00,0.00,0.00,0.00,1299,55),(2936,1,0.00,0.00,0.00,0.00,1299,58),(2937,1,0.00,0.00,0.00,0.00,1299,59),(2938,1,0.00,0.00,0.00,0.00,1299,60),(2939,1,0.00,0.00,0.00,0.00,1299,61),(2940,1,0.00,0.00,0.00,0.00,1299,62),(2941,1,168.75,168.75,168.75,168.75,1299,63),(2942,1,0.00,0.00,0.00,0.00,1299,64),(2943,1,253.13,0.00,0.00,253.13,1305,42),(2944,1,0.00,0.00,0.00,0.00,1305,43),(2945,1,0.00,0.00,0.00,0.00,1305,44),(2946,1,14.06,0.00,0.00,14.06,1305,45),(2947,1,337.50,337.50,337.50,337.50,1305,46),(2948,1,84.38,84.38,84.38,84.38,1305,47),(2949,1,56.25,450.00,450.00,56.25,1306,1),(2950,1,56.25,337.50,337.50,56.25,1306,2),(2951,1,56.25,168.75,168.75,56.25,1306,7),(2952,1,56.25,450.00,450.00,56.25,1306,8),(2953,1,56.25,56.25,56.25,56.25,1307,3),(2954,1,578.25,4626.00,4626.00,578.25,1307,4),(2955,1,5.63,2964.38,2964.38,5.63,1307,16),(2956,1,11.25,2497.50,2497.50,11.25,1307,17),(2957,1,0.28,534.38,534.38,0.28,1308,11),(2958,1,56.25,900.00,900.00,56.25,1308,12),(2959,1,6.43,6608.57,6608.57,6.43,1309,13),(2960,1,11.25,2497.50,2497.50,11.25,1309,19),(2961,1,5.63,2964.38,2964.38,5.63,1309,20),(2962,1,28.13,393.75,393.75,28.13,1310,14),(2963,1,14.06,0.00,0.00,14.06,1310,15),(2964,1,0.00,0.00,0.00,0.00,1310,21),(2965,1,0.00,0.00,0.00,0.00,1310,22),(2966,1,56.25,450.00,450.00,56.25,1311,1),(2967,1,56.25,337.50,337.50,56.25,1311,2),(2968,1,56.25,168.75,168.75,56.25,1311,7),(2969,1,56.25,450.00,450.00,56.25,1311,8),(2970,1,56.25,56.25,56.25,56.25,1312,3),(2971,1,578.25,4626.00,4626.00,578.25,1312,4),(2972,1,5.63,2964.38,2964.38,5.63,1312,16),(2973,1,11.25,2497.50,2497.50,11.25,1312,17),(2974,1,0.28,534.38,534.38,0.28,1313,11),(2975,1,56.25,900.00,900.00,56.25,1313,12),(2976,1,6.43,6608.57,6608.57,6.43,1314,13),(2977,1,11.25,2497.50,2497.50,11.25,1314,19),(2978,1,5.63,2964.38,2964.38,5.63,1314,20),(2979,1,28.13,393.75,393.75,28.13,1315,14),(2980,1,14.06,0.00,0.00,14.06,1315,15),(2981,1,0.00,0.00,0.00,0.00,1315,21),(2982,1,0.00,0.00,0.00,0.00,1315,22),(2983,1,56.25,450.00,450.00,56.25,1316,1),(2984,1,56.25,337.50,337.50,56.25,1316,2),(2985,1,56.25,168.75,168.75,56.25,1316,7),(2986,1,56.25,450.00,450.00,56.25,1316,8),(2987,1,56.25,56.25,56.25,56.25,1317,3),(2988,1,578.25,4626.00,4626.00,578.25,1317,4),(2989,1,5.63,2964.38,2964.38,5.63,1317,16),(2990,1,11.25,2497.50,2497.50,11.25,1317,17),(2991,1,0.28,534.38,534.38,0.28,1318,11),(2992,1,56.25,900.00,900.00,56.25,1318,12),(2993,1,6.43,6608.57,6608.57,6.43,1319,13),(2994,1,11.25,2497.50,2497.50,11.25,1319,19),(2995,1,5.63,2964.38,2964.38,5.63,1319,20),(2996,1,28.13,393.75,393.75,28.13,1320,14),(2997,1,14.06,0.00,0.00,14.06,1320,15),(2998,1,0.00,0.00,0.00,0.00,1320,21),(2999,1,0.00,0.00,0.00,0.00,1320,22),(3000,1,56.25,450.00,450.00,56.25,1321,1),(3001,1,56.25,337.50,337.50,56.25,1321,2),(3002,1,56.25,168.75,168.75,56.25,1321,7),(3003,1,56.25,450.00,450.00,56.25,1321,8),(3004,1,56.25,56.25,56.25,56.25,1322,3),(3005,1,578.25,4626.00,4626.00,578.25,1322,4),(3006,1,5.63,2964.38,2964.38,5.63,1322,16),(3007,1,11.25,2497.50,2497.50,11.25,1322,17),(3008,1,0.28,534.38,534.38,0.28,1323,11),(3009,1,56.25,900.00,900.00,56.25,1323,12),(3010,1,6.43,6608.57,6608.57,6.43,1324,13),(3011,1,11.25,2497.50,2497.50,11.25,1324,19),(3012,1,5.63,2964.38,2964.38,5.63,1324,20),(3013,1,28.13,393.75,393.75,28.13,1325,14),(3014,1,14.06,0.00,0.00,14.06,1325,15),(3015,1,0.00,0.00,0.00,0.00,1325,21),(3016,1,0.00,0.00,0.00,0.00,1325,22),(3017,1,56.25,450.00,450.00,56.25,1326,1),(3018,1,56.25,337.50,337.50,56.25,1326,2),(3019,1,56.25,168.75,168.75,56.25,1326,7),(3020,1,56.25,450.00,450.00,56.25,1326,8),(3021,1,56.25,56.25,56.25,56.25,1327,3),(3022,1,578.25,4626.00,4626.00,578.25,1327,4),(3023,1,6.19,3260.81,3260.81,6.19,1327,16),(3024,1,12.38,2747.25,2747.25,12.38,1327,17),(3025,1,0.28,534.38,534.38,0.28,1328,11),(3026,1,56.25,900.00,900.00,56.25,1328,12),(3027,1,6.43,6608.57,6608.57,6.43,1329,13),(3028,1,12.38,2747.25,2747.25,12.38,1329,19),(3029,1,6.19,3260.81,3260.81,6.19,1329,20),(3030,1,28.13,393.75,393.75,28.13,1330,14),(3031,1,14.06,0.00,0.00,14.06,1330,15),(3032,1,7486.88,14225062.50,14225062.50,7486.88,1330,21),(3033,1,0.00,0.00,0.00,0.00,1330,22),(3034,1,5.91,0.00,0.00,5.91,1330,23),(3035,1,0.00,0.00,0.00,0.00,1330,24),(3036,1,0.00,0.00,0.00,0.00,1331,25),(3037,1,140.63,1265.63,1265.63,140.63,1331,26),(3038,1,0.28,148.22,148.22,0.28,1332,27),(3039,1,56.25,675.00,675.00,56.25,1332,28),(3040,1,56.25,450.00,450.00,56.25,1332,29),(3041,1,2.96,3043.42,3043.42,2.96,1332,30),(3042,1,22.50,202.50,202.50,22.50,1333,31),(3043,1,22.50,225.00,225.00,22.50,1333,32),(3044,1,56.25,562.50,562.50,56.25,1334,5),(3045,1,0.23,52.03,52.03,0.23,1335,33),(3046,1,0.35,280.00,280.00,0.35,1335,34),(3047,1,28.13,393.75,393.75,28.13,1335,35),(3048,1,225.00,225.00,225.00,225.00,1336,36),(3049,1,28.13,393.75,393.75,28.13,1336,37),(3050,1,9.00,144.00,144.00,9.00,1336,38),(3051,1,225.00,225.00,225.00,225.00,1336,39),(3052,1,0.28,534.38,534.38,0.28,1337,40),(3053,1,0.00,0.00,0.00,0.00,1338,6),(3054,1,0.06,106.88,106.88,0.06,1339,41),(3055,1,0.00,0.00,0.00,0.00,1346,48),(3056,1,0.00,0.00,0.00,0.00,1346,49),(3057,1,0.00,0.00,0.00,0.00,1346,50),(3058,1,0.00,0.00,0.00,0.00,1346,51),(3059,1,0.00,0.00,0.00,0.00,1346,52),(3060,1,0.00,0.00,0.00,0.00,1346,53),(3061,1,0.00,0.00,0.00,0.00,1346,54),(3062,1,0.00,0.00,0.00,0.00,1346,55),(3063,1,0.00,0.00,0.00,0.00,1346,58),(3064,1,0.00,0.00,0.00,0.00,1346,59),(3065,1,0.00,0.00,0.00,0.00,1346,60),(3066,1,0.00,0.00,0.00,0.00,1346,61),(3067,1,0.00,0.00,0.00,0.00,1346,62),(3068,1,168.75,168.75,168.75,168.75,1346,63),(3069,1,0.00,0.00,0.00,0.00,1346,64),(3070,1,253.13,0.00,0.00,253.13,1352,42),(3071,1,0.00,0.00,0.00,0.00,1352,43),(3072,1,0.00,0.00,0.00,0.00,1352,44),(3073,1,14.06,0.00,0.00,14.06,1352,45),(3074,1,337.50,337.50,337.50,337.50,1352,46),(3075,1,84.38,84.38,84.38,84.38,1352,47),(3229,1,56.25,450.00,450.00,56.25,1398,1),(3230,1,56.25,337.50,337.50,56.25,1398,2),(3231,1,56.25,168.75,168.75,56.25,1398,7),(3232,1,56.25,450.00,450.00,56.25,1398,8),(3233,1,56.25,56.25,56.25,56.25,1399,3),(3234,1,578.25,4626.00,4626.00,578.25,1399,4),(3235,1,5.63,4275.00,4275.00,5.63,1399,16),(3236,1,11.25,3600.00,3600.00,11.25,1399,17),(3237,1,0.28,534.38,534.38,0.28,1400,11),(3238,1,56.25,900.00,900.00,56.25,1400,12),(3239,1,6.43,6608.57,6608.57,6.43,1401,13),(3240,1,11.25,3600.00,3600.00,11.25,1401,19),(3241,1,5.63,4275.00,4275.00,5.63,1401,20),(3242,1,28.13,393.75,393.75,28.13,1402,14),(3243,1,14.06,0.00,0.00,14.06,1402,15),(3244,1,0.00,0.00,0.00,0.00,1402,21),(3245,1,0.00,0.00,0.00,0.00,1402,22),(3246,1,56.25,450.00,450.00,56.25,1403,1),(3247,1,56.25,337.50,337.50,56.25,1403,2),(3248,1,56.25,168.75,168.75,56.25,1403,7),(3249,1,56.25,450.00,450.00,56.25,1403,8),(3250,1,56.25,56.25,56.25,56.25,1404,3),(3251,1,578.25,4626.00,4626.00,578.25,1404,4),(3252,1,5.63,1333.13,1333.13,5.63,1404,16),(3253,1,11.25,1125.00,1125.00,11.25,1404,17),(3254,1,0.28,534.38,534.38,0.28,1405,11),(3255,1,56.25,900.00,900.00,56.25,1405,12),(3256,1,6.43,6608.57,6608.57,6.43,1406,13),(3257,1,11.25,1125.00,1125.00,11.25,1406,19),(3258,1,5.63,1333.13,1333.13,5.63,1406,20),(3259,1,28.13,393.75,393.75,28.13,1407,14),(3260,1,14.06,0.00,0.00,14.06,1407,15),(3261,1,0.00,0.00,0.00,0.00,1407,21),(3262,1,0.00,0.00,0.00,0.00,1407,22),(3263,1,56.25,450.00,450.00,56.25,1408,1),(3264,1,56.25,337.50,337.50,56.25,1408,2),(3265,1,56.25,168.75,168.75,56.25,1408,7),(3266,1,56.25,450.00,450.00,56.25,1408,8),(3267,1,56.25,56.25,56.25,56.25,1409,3),(3268,1,578.25,4626.00,4626.00,578.25,1409,4),(3269,1,5.63,2643.75,2643.75,5.63,1409,16),(3270,1,11.25,2227.50,2227.50,11.25,1409,17),(3271,1,0.28,534.38,534.38,0.28,1410,11),(3272,1,56.25,900.00,900.00,56.25,1410,12),(3273,1,6.43,6608.57,6608.57,6.43,1411,13),(3274,1,11.25,2227.50,2227.50,11.25,1411,19),(3275,1,5.63,2643.75,2643.75,5.63,1411,20),(3276,1,28.13,393.75,393.75,28.13,1412,14),(3277,1,14.06,0.00,0.00,14.06,1412,15),(3278,1,8326.24,15819851.25,15819851.25,8326.24,1412,21),(3279,1,0.00,0.00,0.00,0.00,1412,22),(3280,1,5.88,0.00,0.00,5.88,1412,23),(3281,1,0.00,0.00,0.00,0.00,1412,24),(3282,1,0.00,0.00,0.00,0.00,1413,25),(3283,1,140.63,1265.63,1265.63,140.63,1413,26),(3284,1,0.28,132.19,132.19,0.28,1414,27),(3285,1,56.25,675.00,675.00,56.25,1414,28),(3286,1,56.25,450.00,450.00,56.25,1414,29),(3287,1,2.96,3043.42,3043.42,2.96,1414,30),(3288,1,22.50,202.50,202.50,22.50,1415,31),(3289,1,22.50,225.00,225.00,22.50,1415,32),(3290,1,56.25,562.50,562.50,56.25,1416,5),(3291,1,0.23,46.41,46.41,0.23,1417,33),(3292,1,0.35,280.00,280.00,0.35,1417,34),(3293,1,28.13,393.75,393.75,28.13,1417,35),(3294,1,225.00,225.00,225.00,225.00,1418,36),(3295,1,28.13,393.75,393.75,28.13,1418,37),(3296,1,9.00,144.00,144.00,9.00,1418,38),(3297,1,225.00,225.00,225.00,225.00,1418,39),(3298,1,0.28,534.38,534.38,0.28,1419,40),(3299,1,0.00,0.00,0.00,0.00,1420,6),(3300,1,0.06,106.88,106.88,0.06,1421,41),(3301,1,0.00,0.00,0.00,0.00,1428,48),(3302,1,0.00,0.00,0.00,0.00,1428,49),(3303,1,0.00,0.00,0.00,0.00,1428,50),(3304,1,0.00,0.00,0.00,0.00,1428,51),(3305,1,0.00,0.00,0.00,0.00,1428,52),(3306,1,0.00,0.00,0.00,0.00,1428,53),(3307,1,0.00,0.00,0.00,0.00,1428,54),(3308,1,0.00,0.00,0.00,0.00,1428,55),(3309,1,0.00,0.00,0.00,0.00,1428,58),(3310,1,0.00,0.00,0.00,0.00,1428,59),(3311,1,0.00,0.00,0.00,0.00,1428,60),(3312,1,0.00,0.00,0.00,0.00,1428,61),(3313,1,0.00,0.00,0.00,0.00,1428,62),(3314,1,168.75,168.75,168.75,168.75,1428,63),(3315,1,0.00,0.00,0.00,0.00,1428,64),(3316,1,253.13,0.00,0.00,253.13,1434,42),(3317,1,0.00,0.00,0.00,0.00,1434,43),(3318,1,0.00,0.00,0.00,0.00,1434,44),(3319,1,14.06,0.00,0.00,14.06,1434,45),(3320,1,337.50,337.50,337.50,337.50,1434,46),(3321,1,84.38,84.38,84.38,84.38,1434,47),(3322,1,56.25,450.00,450.00,56.25,1435,1),(3323,1,56.25,337.50,337.50,56.25,1435,2),(3324,1,56.25,168.75,168.75,56.25,1435,7),(3325,1,56.25,450.00,450.00,56.25,1435,8),(3326,1,56.25,56.25,56.25,56.25,1436,3),(3327,1,578.25,4626.00,4626.00,578.25,1436,4),(3328,1,5.63,2964.38,2964.38,5.63,1436,16),(3329,1,11.25,2497.50,2497.50,11.25,1436,17),(3330,1,0.28,534.38,534.38,0.28,1437,11),(3331,1,56.25,900.00,900.00,56.25,1437,12),(3332,1,6.43,6608.57,6608.57,6.43,1438,13),(3333,1,11.25,2497.50,2497.50,11.25,1438,19),(3334,1,5.63,2964.38,2964.38,5.63,1438,20),(3335,1,28.13,393.75,393.75,28.13,1439,14),(3336,1,14.06,0.00,0.00,14.06,1439,15),(3337,1,7486.88,14225062.50,14225062.50,7486.88,1439,21),(3338,1,0.00,0.00,0.00,0.00,1439,22),(3339,1,5.91,11221.88,11221.88,5.91,1439,23),(3340,1,0.00,0.00,0.00,0.00,1439,24),(3341,1,0.00,0.00,0.00,0.00,1440,25),(3342,1,140.63,1265.63,1265.63,140.63,1440,26),(3343,1,0.28,148.22,148.22,0.28,1441,27),(3344,1,56.25,675.00,675.00,56.25,1441,28),(3345,1,56.25,450.00,450.00,56.25,1441,29),(3346,1,2.96,3043.42,3043.42,2.96,1441,30),(3347,1,22.50,202.50,202.50,22.50,1442,31),(3348,1,22.50,225.00,225.00,22.50,1442,32),(3349,1,56.25,562.50,562.50,56.25,1443,5),(3350,1,0.23,52.03,52.03,0.23,1444,33),(3351,1,0.35,280.00,280.00,0.35,1444,34),(3352,1,28.13,393.75,393.75,28.13,1444,35),(3353,1,225.00,225.00,225.00,225.00,1445,36),(3354,1,28.13,393.75,393.75,28.13,1445,37),(3355,1,9.00,144.00,144.00,9.00,1445,38),(3356,1,225.00,225.00,225.00,225.00,1445,39),(3357,1,0.28,534.38,534.38,0.28,1446,40),(3358,1,0.00,0.00,0.00,0.00,1447,6),(3359,1,0.06,106.88,106.88,0.06,1448,41),(3360,1,0.00,0.00,0.00,0.00,1455,48),(3361,1,0.00,0.00,0.00,0.00,1455,49),(3362,1,0.00,0.00,0.00,0.00,1455,50),(3363,1,0.00,0.00,0.00,0.00,1455,51),(3364,1,0.00,0.00,0.00,0.00,1455,52),(3365,1,0.00,0.00,0.00,0.00,1455,53),(3366,1,0.00,0.00,0.00,0.00,1455,54),(3367,1,0.00,0.00,0.00,0.00,1455,55),(3368,1,0.00,0.00,0.00,0.00,1455,58),(3369,1,0.00,0.00,0.00,0.00,1455,59),(3370,1,0.00,0.00,0.00,0.00,1455,60),(3371,1,0.00,0.00,0.00,0.00,1455,61),(3372,1,0.00,0.00,0.00,0.00,1455,62),(3373,1,168.75,168.75,168.75,168.75,1455,63),(3374,1,0.00,0.00,0.00,0.00,1455,64),(3375,1,253.13,0.00,0.00,253.13,1461,42),(3376,1,0.00,0.00,0.00,0.00,1461,43),(3377,1,0.00,0.00,0.00,0.00,1461,44),(3378,1,14.06,0.00,0.00,14.06,1461,45),(3379,1,337.50,337.50,337.50,337.50,1461,46),(3380,1,84.38,84.38,84.38,84.38,1461,47),(3439,1,56.25,450.00,450.00,56.25,1489,1),(3440,1,56.25,337.50,337.50,56.25,1489,2),(3441,1,56.25,168.75,168.75,56.25,1489,7),(3442,1,56.25,450.00,450.00,56.25,1489,8),(3443,1,56.25,56.25,56.25,56.25,1490,3),(3444,1,578.25,4626.00,4626.00,578.25,1490,4),(3445,1,5.63,2964.38,2964.38,5.63,1490,16),(3446,1,11.25,2497.50,2497.50,11.25,1490,17),(3447,1,0.28,534.38,534.38,0.28,1491,11),(3448,1,56.25,900.00,900.00,56.25,1491,12),(3449,1,6.43,6608.57,6608.57,6.43,1492,13),(3450,1,11.25,2497.50,2497.50,11.25,1492,19),(3451,1,5.63,2964.38,2964.38,5.63,1492,20),(3452,1,28.13,393.75,393.75,28.13,1493,14),(3453,1,14.06,0.00,0.00,14.06,1493,15),(3454,1,7486.88,14225062.50,14225062.50,7486.88,1493,21),(3455,1,0.00,0.00,0.00,0.00,1493,22),(3456,1,5.91,11221.88,11221.88,5.91,1493,23),(3457,1,0.00,0.00,0.00,0.00,1493,24),(3458,1,0.00,0.00,0.00,0.00,1494,25),(3459,1,140.63,1265.63,1265.63,140.63,1494,26),(3460,1,0.28,148.22,148.22,0.28,1495,27),(3461,1,56.25,675.00,675.00,56.25,1495,28),(3462,1,56.25,450.00,450.00,56.25,1495,29),(3463,1,2.96,3043.42,3043.42,2.96,1495,30),(3464,1,22.50,202.50,202.50,22.50,1496,31),(3465,1,22.50,225.00,225.00,22.50,1496,32),(3466,1,56.25,562.50,562.50,56.25,1497,5),(3467,1,0.23,52.03,52.03,0.23,1498,33),(3468,1,0.35,280.00,280.00,0.35,1498,34),(3469,1,28.13,393.75,393.75,28.13,1498,35),(3470,1,225.00,225.00,225.00,225.00,1499,36),(3471,1,28.13,393.75,393.75,28.13,1499,37),(3472,1,9.00,144.00,144.00,9.00,1499,38),(3473,1,225.00,225.00,225.00,225.00,1499,39),(3474,1,0.28,534.38,534.38,0.28,1500,40),(3475,1,0.00,0.00,0.00,0.00,1501,6),(3476,1,0.06,106.88,106.88,0.06,1502,41),(3477,1,0.00,0.00,0.00,0.00,1509,48),(3478,1,0.00,0.00,0.00,0.00,1509,49),(3479,1,0.00,0.00,0.00,0.00,1509,50),(3480,1,0.00,0.00,0.00,0.00,1509,51),(3481,1,0.00,0.00,0.00,0.00,1509,52),(3482,1,0.00,0.00,0.00,0.00,1509,53),(3483,1,0.00,0.00,0.00,0.00,1509,54),(3484,1,0.00,0.00,0.00,0.00,1509,55),(3485,1,0.00,0.00,0.00,0.00,1509,58),(3486,1,0.00,0.00,0.00,0.00,1509,59),(3487,1,0.00,0.00,0.00,0.00,1509,60),(3488,1,0.00,0.00,0.00,0.00,1509,61),(3489,1,0.00,0.00,0.00,0.00,1509,62),(3490,1,168.75,168.75,168.75,168.75,1509,63),(3491,1,0.00,0.00,0.00,0.00,1509,64),(3492,1,253.13,0.00,0.00,253.13,1515,42),(3493,1,0.00,0.00,0.00,0.00,1515,43),(3494,1,0.00,0.00,0.00,0.00,1515,44),(3495,1,14.06,0.00,0.00,14.06,1515,45),(3496,1,337.50,337.50,337.50,337.50,1515,46),(3497,1,84.38,84.38,84.38,84.38,1515,47),(3498,1,56.25,450.00,450.00,56.25,1516,1),(3499,1,56.25,337.50,337.50,56.25,1516,2),(3500,1,56.25,168.75,168.75,56.25,1516,7),(3501,1,56.25,450.00,450.00,56.25,1516,8),(3502,1,56.25,56.25,56.25,56.25,1517,3),(3503,1,578.25,4626.00,4626.00,578.25,1517,4),(3504,1,5.63,1710.00,1710.00,5.63,1517,16),(3505,1,11.25,1440.00,1440.00,11.25,1517,17),(3506,1,0.28,534.38,534.38,0.28,1518,11),(3507,1,56.25,900.00,900.00,56.25,1518,12),(3508,1,6.43,6608.57,6608.57,6.43,1519,13),(3509,1,11.25,1440.00,1440.00,11.25,1519,19),(3510,1,5.63,1710.00,1710.00,5.63,1519,20),(3511,1,28.13,393.75,393.75,28.13,1520,14),(3512,1,14.06,0.00,0.00,14.06,1520,15),(3513,1,12273.30,23319270.00,23319270.00,12273.30,1520,21),(3514,1,1.88,3562.50,3562.50,1.88,1520,22),(3515,1,5.74,10901.25,10901.25,5.74,1520,23),(3516,1,3.90,7410.00,7410.00,3.90,1520,24),(3517,1,0.00,0.00,0.00,0.00,1521,25),(3518,1,140.63,1265.63,1265.63,140.63,1521,26),(3519,1,0.28,85.50,85.50,0.28,1522,27),(3520,1,56.25,675.00,675.00,56.25,1522,28),(3521,1,56.25,450.00,450.00,56.25,1522,29),(3522,1,2.96,3043.42,3043.42,2.96,1522,30),(3523,1,22.50,202.50,202.50,22.50,1523,31),(3524,1,22.50,225.00,225.00,22.50,1523,32),(3525,1,56.25,562.50,562.50,56.25,1524,5),(3526,1,0.23,30.00,30.00,0.23,1525,33),(3527,1,0.35,280.00,280.00,0.35,1525,34),(3528,1,28.13,393.75,393.75,28.13,1525,35),(3529,1,225.00,225.00,225.00,225.00,1526,36),(3530,1,28.13,393.75,393.75,28.13,1526,37),(3531,1,9.00,144.00,144.00,9.00,1526,38),(3532,1,225.00,225.00,225.00,225.00,1526,39),(3533,1,0.28,534.38,534.38,0.28,1527,40),(3534,1,0.00,0.00,0.00,0.00,1528,6),(3535,1,0.06,106.88,106.88,0.06,1529,41),(3536,1,0.00,0.00,0.00,0.00,1536,48),(3537,1,0.00,0.00,0.00,0.00,1536,49),(3538,1,0.00,0.00,0.00,0.00,1536,50),(3539,1,0.00,0.00,0.00,0.00,1536,51),(3540,1,0.00,0.00,0.00,0.00,1536,52),(3541,1,0.00,0.00,0.00,0.00,1536,53),(3542,1,0.00,0.00,0.00,0.00,1536,54),(3543,1,0.00,0.00,0.00,0.00,1536,55),(3544,1,0.00,0.00,0.00,0.00,1536,58),(3545,1,0.00,0.00,0.00,0.00,1536,59),(3546,1,0.00,0.00,0.00,0.00,1536,60),(3547,1,0.00,0.00,0.00,0.00,1536,61),(3548,1,0.00,0.00,0.00,0.00,1536,62),(3549,1,168.75,168.75,168.75,168.75,1536,63),(3550,1,0.00,0.00,0.00,0.00,1536,64),(3551,1,253.13,0.00,0.00,253.13,1542,42),(3552,1,0.00,0.00,0.00,0.00,1542,43),(3553,1,0.00,0.00,0.00,0.00,1542,44),(3554,1,14.06,0.00,0.00,14.06,1542,45),(3555,1,337.50,337.50,337.50,337.50,1542,46),(3556,1,84.38,84.38,84.38,84.38,1542,47),(3557,1,56.25,450.00,450.00,56.25,1543,1),(3558,1,56.25,337.50,337.50,56.25,1543,2),(3559,1,56.25,168.75,168.75,56.25,1543,7),(3560,1,56.25,450.00,450.00,56.25,1543,8),(3561,1,56.25,56.25,56.25,56.25,1544,3),(3562,1,578.25,4626.00,4626.00,578.25,1544,4),(3563,1,6.19,7344.56,7344.56,6.19,1544,16),(3564,1,12.38,6187.50,6187.50,12.38,1544,17),(3565,1,0.28,534.38,534.38,0.28,1545,11),(3566,1,56.25,900.00,900.00,56.25,1545,12),(3567,1,6.43,6608.57,6608.57,6.43,1546,13),(3568,1,12.38,6187.50,6187.50,12.38,1546,19),(3569,1,6.19,7344.56,7344.56,6.19,1546,20),(3570,1,28.13,393.75,393.75,28.13,1547,14),(3571,0,14.06,0.00,0.00,0.00,1547,15),(3572,0,3480.19,6612356.25,0.00,0.00,1547,21),(3573,1,1.88,3562.50,3562.50,1.88,1547,22),(3574,1,6.08,11542.50,11542.50,6.08,1547,23),(3575,1,4.31,8193.75,8193.75,4.31,1547,24),(3576,1,1.88,3562.50,3562.50,1.88,1548,25),(3577,1,140.63,1265.63,1265.63,140.63,1548,26),(3578,1,0.28,333.84,333.84,0.28,1549,27),(3579,1,56.25,675.00,675.00,56.25,1549,28),(3580,1,56.25,450.00,450.00,56.25,1549,29),(3581,1,2.96,3043.42,3043.42,2.96,1549,30),(3582,1,22.50,202.50,202.50,22.50,1550,31),(3583,1,22.50,225.00,225.00,22.50,1550,32),(3584,1,56.25,562.50,562.50,56.25,1551,5),(3585,1,0.23,117.19,117.19,0.23,1552,33),(3586,1,0.35,280.00,280.00,0.35,1552,34),(3587,1,28.13,393.75,393.75,28.13,1552,35),(3588,1,225.00,225.00,225.00,225.00,1553,36),(3589,1,28.13,393.75,393.75,28.13,1553,37),(3590,1,9.00,144.00,144.00,9.00,1553,38),(3591,1,225.00,225.00,225.00,225.00,1553,39),(3592,1,0.28,534.38,534.38,0.28,1554,40),(3593,1,0.00,0.00,0.00,0.00,1555,6),(3594,1,0.06,106.88,106.88,0.06,1556,41),(3595,1,0.00,0.00,0.00,0.00,1563,48),(3596,1,0.00,0.00,0.00,0.00,1563,49),(3597,1,0.00,0.00,0.00,0.00,1563,50),(3598,1,0.00,0.00,0.00,0.00,1563,51),(3599,1,0.00,0.00,0.00,0.00,1563,52),(3600,1,0.00,0.00,0.00,0.00,1563,53),(3601,1,0.00,0.00,0.00,0.00,1563,54),(3602,1,0.00,0.00,0.00,0.00,1563,55),(3603,1,0.00,0.00,0.00,0.00,1563,58),(3604,1,0.00,0.00,0.00,0.00,1563,59),(3605,1,0.00,0.00,0.00,0.00,1563,60),(3606,1,0.00,0.00,0.00,0.00,1563,61),(3607,1,0.00,0.00,0.00,0.00,1563,62),(3608,1,168.75,168.75,168.75,168.75,1563,63),(3609,1,0.00,0.00,0.00,0.00,1563,64),(3610,1,253.13,0.00,0.00,253.13,1569,42),(3611,1,0.00,0.00,0.00,0.00,1569,43),(3612,1,0.00,0.00,0.00,0.00,1569,44),(3613,1,14.06,0.00,0.00,14.06,1569,45),(3614,1,337.50,337.50,337.50,337.50,1569,46),(3615,1,84.38,84.38,84.38,84.38,1569,47),(3616,1,56.25,450.00,450.00,56.25,1570,1),(3617,1,56.25,337.50,337.50,56.25,1570,2),(3618,1,56.25,168.75,168.75,56.25,1570,7),(3619,1,56.25,450.00,450.00,56.25,1570,8),(3620,1,56.25,56.25,56.25,56.25,1571,3),(3621,1,578.25,4626.00,4626.00,578.25,1571,4),(3622,1,5.63,1333.13,1333.13,5.63,1571,16),(3623,1,11.25,1125.00,1125.00,11.25,1571,17),(3624,1,0.28,534.38,534.38,0.28,1572,11),(3625,1,56.25,900.00,900.00,56.25,1572,12),(3626,1,6.43,6608.57,6608.57,6.43,1573,13),(3627,1,11.25,1125.00,1125.00,11.25,1573,19),(3628,1,5.63,1333.13,1333.13,5.63,1573,20),(3629,1,28.13,393.75,393.75,28.13,1574,14),(3630,1,14.06,0.00,0.00,14.06,1574,15),(3631,1,5.63,10687.50,10687.50,5.63,1574,21),(3632,1,1.88,3562.50,3562.50,1.88,1574,22),(3633,1,5.63,10687.50,10687.50,5.63,1574,23),(3634,1,3.75,7125.00,7125.00,3.75,1574,24),(3635,1,1.88,3562.50,3562.50,1.88,1575,25),(3636,1,140.63,1265.63,1265.63,140.63,1575,26),(3637,1,0.28,66.66,66.66,0.28,1576,27),(3638,1,56.25,675.00,675.00,56.25,1576,28),(3639,1,56.25,450.00,450.00,56.25,1576,29),(3640,1,2.96,3043.42,3043.42,2.96,1576,30),(3641,1,22.50,202.50,202.50,22.50,1577,31),(3642,1,22.50,225.00,225.00,22.50,1577,32),(3643,1,56.25,562.50,562.50,56.25,1578,5),(3644,1,0.23,23.44,23.44,0.23,1579,33),(3645,1,0.35,280.00,280.00,0.35,1579,34),(3646,1,28.13,393.75,393.75,28.13,1579,35),(3647,1,225.00,225.00,225.00,225.00,1580,36),(3648,1,28.13,393.75,393.75,28.13,1580,37),(3649,1,9.00,144.00,144.00,9.00,1580,38),(3650,1,225.00,225.00,225.00,225.00,1580,39),(3651,1,0.28,534.38,534.38,0.28,1581,40),(3652,1,0.00,0.00,0.00,0.00,1582,6),(3653,1,0.06,106.88,106.88,0.06,1583,41),(3654,1,0.00,0.00,0.00,0.00,1590,48),(3655,1,0.00,0.00,0.00,0.00,1590,49),(3656,1,0.00,0.00,0.00,0.00,1590,50),(3657,1,0.00,0.00,0.00,0.00,1590,51),(3658,1,0.00,0.00,0.00,0.00,1590,52),(3659,1,0.00,0.00,0.00,0.00,1590,53),(3660,1,0.00,0.00,0.00,0.00,1590,54),(3661,1,0.00,0.00,0.00,0.00,1590,55),(3662,1,0.00,0.00,0.00,0.00,1590,58),(3663,1,0.00,0.00,0.00,0.00,1590,59),(3664,1,0.00,0.00,0.00,0.00,1590,60),(3665,1,0.00,0.00,0.00,0.00,1590,61),(3666,1,0.00,0.00,0.00,0.00,1590,62),(3667,1,168.75,168.75,168.75,168.75,1590,63),(3668,1,0.00,0.00,0.00,0.00,1590,64),(3669,1,253.13,0.00,0.00,253.13,1596,42),(3670,1,0.00,0.00,0.00,0.00,1596,43),(3671,1,0.00,0.00,0.00,0.00,1596,44),(3672,1,14.06,0.00,0.00,14.06,1596,45),(3673,1,337.50,337.50,337.50,337.50,1596,46),(3674,1,84.38,84.38,84.38,84.38,1596,47),(3675,1,56.25,450.00,450.00,56.25,1597,1),(3676,1,56.25,337.50,337.50,56.25,1597,2),(3677,1,56.25,168.75,168.75,56.25,1597,7),(3678,1,56.25,450.00,450.00,56.25,1597,8),(3679,1,56.25,56.25,56.25,56.25,1598,3),(3680,1,578.25,4626.00,4626.00,578.25,1598,4),(3681,1,6.19,3260.81,3260.81,6.19,1598,16),(3682,1,12.38,2747.25,2747.25,12.38,1598,17),(3683,1,0.28,534.38,534.38,0.28,1599,11),(3684,1,56.25,900.00,900.00,56.25,1599,12),(3685,1,6.43,6608.57,6608.57,6.43,1600,13),(3686,1,12.38,2747.25,2747.25,12.38,1600,19),(3687,1,6.19,3260.81,3260.81,6.19,1600,20),(3688,1,28.13,393.75,393.75,28.13,1601,14),(3689,1,14.06,0.00,0.00,14.06,1601,15),(3690,1,0.00,0.00,0.00,0.00,1601,21),(3691,1,1.88,3562.50,3562.50,1.88,1601,22),(3692,1,0.00,0.00,0.00,0.00,1601,23),(3693,1,0.00,0.00,0.00,0.00,1601,24),(3694,1,1.88,3562.50,3562.50,1.88,1602,25),(3695,1,140.63,1265.63,1265.63,140.63,1602,26),(3696,1,0.28,148.22,148.22,0.28,1603,27),(3697,1,56.25,675.00,675.00,56.25,1603,28),(3698,1,56.25,450.00,450.00,56.25,1603,29),(3699,1,2.96,3043.42,3043.42,2.96,1603,30),(3700,1,22.50,202.50,202.50,22.50,1604,31),(3701,1,22.50,225.00,225.00,22.50,1604,32),(3702,1,56.25,562.50,562.50,56.25,1605,5),(3703,1,0.23,52.03,52.03,0.23,1606,33),(3704,1,0.28,225.00,225.00,0.28,1606,34),(3705,1,28.13,393.75,393.75,28.13,1606,35),(3706,1,56.25,450.00,450.00,56.25,1608,1),(3707,1,56.25,337.50,337.50,56.25,1608,2),(3708,1,56.25,168.75,168.75,56.25,1608,7),(3709,1,56.25,450.00,450.00,56.25,1608,8),(3710,1,56.25,56.25,56.25,56.25,1609,3),(3711,1,578.25,4626.00,4626.00,578.25,1609,4),(3712,1,5.63,2964.38,2964.38,5.63,1609,16),(3713,1,11.25,2497.50,2497.50,11.25,1609,17),(3714,1,0.28,534.38,534.38,0.28,1610,11),(3715,1,56.25,900.00,900.00,56.25,1610,12),(3716,1,6.43,6608.57,6608.57,6.43,1611,13),(3717,1,11.25,2497.50,2497.50,11.25,1611,19),(3718,1,5.63,2964.38,2964.38,5.63,1611,20),(3719,1,28.13,393.75,393.75,28.13,1612,14),(3720,1,14.06,0.00,0.00,14.06,1612,15),(3721,1,0.00,0.00,0.00,0.00,1612,21),(3722,1,1.88,3562.50,3562.50,1.88,1612,22),(3723,1,0.00,0.00,0.00,0.00,1612,23),(3724,1,0.00,0.00,0.00,0.00,1612,24),(3725,1,1.88,3562.50,3562.50,1.88,1613,25),(3726,1,140.63,1265.63,1265.63,140.63,1613,26),(3727,1,0.28,148.22,148.22,0.28,1614,27),(3728,1,56.25,675.00,675.00,56.25,1614,28),(3729,1,56.25,450.00,450.00,56.25,1614,29),(3730,1,2.96,3043.42,3043.42,2.96,1614,30),(3731,1,22.50,202.50,202.50,22.50,1615,31),(3732,1,22.50,225.00,225.00,22.50,1615,32),(3733,1,56.25,562.50,562.50,56.25,1616,5),(3734,1,0.23,52.03,52.03,0.23,1617,33),(3735,1,0.28,225.00,225.00,0.28,1617,34),(3736,1,28.13,393.75,393.75,28.13,1617,35),(3737,1,56.25,225.00,225.00,56.25,1618,36),(3738,1,28.13,393.75,393.75,28.13,1618,37),(3739,1,9.00,144.00,144.00,9.00,1618,38),(3740,1,56.25,225.00,225.00,56.25,1618,39),(3741,1,0.28,534.38,534.38,0.28,1619,40),(3742,1,56.25,450.00,450.00,56.25,1621,1),(3743,1,56.25,337.50,337.50,56.25,1621,2),(3744,1,56.25,168.75,168.75,56.25,1621,7),(3745,1,56.25,450.00,450.00,56.25,1621,8),(3746,1,56.25,56.25,56.25,56.25,1622,3),(3747,1,578.25,4626.00,4626.00,578.25,1622,4),(3748,1,5.63,0.00,0.00,5.63,1622,16),(3749,1,11.25,0.00,0.00,11.25,1622,17),(3750,1,0.28,534.38,534.38,0.28,1623,11),(3751,1,56.25,900.00,900.00,56.25,1623,12),(3752,1,6.43,6608.57,6608.57,6.43,1624,13),(3753,1,11.25,0.00,0.00,11.25,1624,19),(3754,1,5.63,0.00,0.00,5.63,1624,20),(3755,1,28.13,393.75,393.75,28.13,1625,14),(3756,1,14.06,0.00,0.00,14.06,1625,15),(3757,1,6.19,11756.25,11756.25,6.19,1625,21),(3758,1,1.88,3562.50,3562.50,1.88,1625,22),(3759,1,5.91,11221.88,11221.88,5.91,1625,23),(3760,1,4.13,7837.50,7837.50,4.13,1625,24),(3761,1,1.88,3562.50,3562.50,1.88,1626,25),(3762,1,140.63,1265.63,1265.63,140.63,1626,26),(3763,1,0.28,0.00,0.00,0.28,1627,27),(3764,1,56.25,675.00,675.00,56.25,1627,28),(3765,1,56.25,450.00,450.00,56.25,1627,29),(3766,1,2.96,3043.42,3043.42,2.96,1627,30),(3767,1,22.50,202.50,202.50,22.50,1628,31),(3768,1,22.50,225.00,225.00,22.50,1628,32),(3769,1,56.25,562.50,562.50,56.25,1629,5),(3770,1,0.23,0.00,0.00,0.23,1630,33),(3771,1,0.28,225.00,225.00,0.28,1630,34),(3772,1,28.13,393.75,393.75,28.13,1630,35),(3773,1,56.25,225.00,225.00,56.25,1631,36),(3774,1,28.13,393.75,393.75,28.13,1631,37),(3775,1,9.00,144.00,144.00,9.00,1631,38),(3776,1,56.25,225.00,225.00,56.25,1631,39),(3777,1,0.28,534.38,534.38,0.28,1632,40),(3778,1,6.60,5280.00,5280.00,6.60,1633,6),(3779,1,0.06,106.88,106.88,0.06,1634,41),(3780,1,0.00,0.00,0.00,0.00,1641,48),(3781,1,0.00,0.00,0.00,0.00,1641,49),(3782,1,0.00,0.00,0.00,0.00,1641,50),(3783,1,0.00,0.00,0.00,0.00,1641,51),(3784,1,0.00,0.00,0.00,0.00,1641,52),(3785,1,0.00,0.00,0.00,0.00,1641,53),(3786,1,0.00,0.00,0.00,0.00,1641,54),(3787,1,0.00,0.00,0.00,0.00,1641,55),(3788,1,0.00,0.00,0.00,0.00,1641,58),(3789,1,0.00,0.00,0.00,0.00,1641,59),(3790,1,0.00,0.00,0.00,0.00,1641,60),(3791,1,0.00,0.00,0.00,0.00,1641,61),(3792,1,0.00,0.00,0.00,0.00,1641,62),(3793,1,168.75,168.75,168.75,168.75,1641,63),(3794,1,0.00,0.00,0.00,0.00,1641,64),(3795,1,253.13,0.00,0.00,253.13,1647,42),(3796,1,0.00,0.00,0.00,0.00,1647,43),(3797,1,0.00,0.00,0.00,0.00,1647,44),(3798,1,14.06,0.00,0.00,14.06,1647,45),(3799,1,56.25,337.50,337.50,56.25,1647,46),(3800,1,56.25,84.38,84.38,56.25,1647,47),(3801,1,56.25,450.00,450.00,56.25,1648,1),(3802,1,56.25,337.50,337.50,56.25,1648,2),(3803,1,56.25,168.75,168.75,56.25,1648,7),(3804,1,56.25,450.00,450.00,56.25,1648,8),(3805,1,56.25,56.25,56.25,56.25,1649,3),(3806,1,112.50,900.00,900.00,112.50,1649,4),(3807,1,6.19,6527.81,6527.81,6.19,1649,16),(3808,1,12.38,5494.50,5494.50,12.38,1649,17),(3809,1,0.28,534.38,534.38,0.28,1650,11),(3810,1,56.25,900.00,900.00,56.25,1650,12),(3811,1,6.43,1285.71,1285.71,6.43,1651,13),(3812,1,12.38,5494.50,5494.50,12.38,1651,19),(3813,1,6.19,6527.81,6527.81,6.19,1651,20),(3814,1,28.13,393.75,393.75,28.13,1652,14),(3815,1,14.06,0.00,0.00,14.06,1652,15),(3816,1,5.63,10687.50,10687.50,5.63,1652,21),(3817,1,1.88,3562.50,3562.50,1.88,1652,22),(3818,1,5.63,10687.50,10687.50,5.63,1652,23),(3819,1,3.75,7125.00,7125.00,3.75,1652,24),(3820,1,1.88,3562.50,3562.50,1.88,1653,25),(3821,1,140.63,1265.63,1265.63,140.63,1653,26),(3822,1,0.28,296.72,296.72,0.28,1654,27),(3823,1,56.25,675.00,675.00,56.25,1654,28),(3824,1,56.25,450.00,450.00,56.25,1654,29),(3825,1,2.96,592.11,592.11,2.96,1654,30),(3826,1,22.50,202.50,202.50,22.50,1655,31),(3827,1,22.50,225.00,225.00,22.50,1655,32),(3828,1,56.25,562.50,562.50,56.25,1656,5),(3829,1,0.23,104.06,104.06,0.23,1657,33),(3830,1,0.28,225.00,225.00,0.28,1657,34),(3831,1,28.13,393.75,393.75,28.13,1657,35),(3832,1,56.25,225.00,225.00,56.25,1658,36),(3833,1,28.13,393.75,393.75,28.13,1658,37),(3834,1,9.00,144.00,144.00,9.00,1658,38),(3835,1,56.25,225.00,225.00,56.25,1658,39),(3836,1,0.28,534.38,534.38,0.28,1659,40),(3837,1,6.00,4800.00,4800.00,6.00,1660,6),(3838,1,18.00,14400.00,14400.00,18.00,1660,65),(3839,1,6.00,6600.00,6600.00,6.00,1660,66),(3840,1,0.06,106.88,106.88,0.06,1661,41),(3841,1,0.00,0.00,0.00,0.00,1668,48),(3842,1,0.00,0.00,0.00,0.00,1668,49),(3843,1,0.00,0.00,0.00,0.00,1668,50),(3844,1,0.00,0.00,0.00,0.00,1668,51),(3845,1,0.00,0.00,0.00,0.00,1668,52),(3846,1,0.00,0.00,0.00,0.00,1668,53),(3847,1,0.00,0.00,0.00,0.00,1668,54),(3848,1,0.00,0.00,0.00,0.00,1668,55),(3849,1,0.00,0.00,0.00,0.00,1668,58),(3850,1,0.00,0.00,0.00,0.00,1668,59),(3851,1,0.00,0.00,0.00,0.00,1668,60),(3852,1,0.00,0.00,0.00,0.00,1668,61),(3853,1,0.00,0.00,0.00,0.00,1668,62),(3854,1,168.75,168.75,168.75,168.75,1668,63),(3855,1,0.00,0.00,0.00,0.00,1668,64),(3856,1,253.13,0.00,0.00,253.13,1674,42),(3857,1,0.00,0.00,0.00,0.00,1674,43),(3858,1,0.00,0.00,0.00,0.00,1674,44),(3859,1,14.06,0.00,0.00,14.06,1674,45),(3860,1,56.25,337.50,337.50,56.25,1674,46),(3861,1,56.25,84.38,84.38,56.25,1674,47),(3862,1,56.25,450.00,450.00,56.25,1675,1),(3863,1,56.25,337.50,337.50,56.25,1675,2),(3864,1,56.25,168.75,168.75,56.25,1675,7),(3865,1,56.25,450.00,450.00,56.25,1675,8),(3866,1,56.25,56.25,56.25,56.25,1676,3),(3867,1,578.25,4626.00,4626.00,578.25,1676,4),(3868,1,6.19,6527.81,6527.81,6.19,1676,16),(3869,1,12.38,5494.50,5494.50,12.38,1676,17),(3870,1,0.28,534.38,534.38,0.28,1677,11),(3871,1,56.25,900.00,900.00,56.25,1677,12),(3872,1,6.43,6608.57,6608.57,6.43,1678,13),(3873,1,12.38,5494.50,5494.50,12.38,1678,19),(3874,1,6.19,6527.81,6527.81,6.19,1678,20),(3875,1,28.13,393.75,393.75,28.13,1679,14),(3876,1,14.06,0.00,0.00,14.06,1679,15),(3877,1,0.00,0.00,0.00,0.00,1679,21),(3878,1,1.88,3562.50,3562.50,1.88,1679,22),(3879,1,0.00,0.00,0.00,0.00,1679,23),(3880,1,0.00,0.00,0.00,0.00,1679,24),(3881,1,1.88,3562.50,3562.50,1.88,1680,25),(3882,1,140.63,1265.63,1265.63,140.63,1680,26),(3883,1,0.28,296.72,296.72,0.28,1681,27),(3884,1,56.25,675.00,675.00,56.25,1681,28),(3885,1,56.25,450.00,450.00,56.25,1681,29),(3886,1,2.96,3043.42,3043.42,2.96,1681,30),(3887,1,22.50,202.50,202.50,22.50,1682,31),(3888,1,22.50,225.00,225.00,22.50,1682,32),(3889,1,56.25,562.50,562.50,56.25,1683,5),(3890,1,0.23,104.06,104.06,0.23,1684,33),(3891,1,0.28,225.00,225.00,0.28,1684,34),(3892,1,28.13,393.75,393.75,28.13,1684,35),(3893,1,56.25,225.00,225.00,56.25,1685,36),(3894,1,28.13,393.75,393.75,28.13,1685,37),(3895,1,9.00,144.00,144.00,9.00,1685,38),(3896,1,56.25,225.00,225.00,56.25,1685,39),(3897,1,0.28,534.38,534.38,0.28,1686,40),(3898,1,0.00,0.00,0.00,0.00,1687,6),(3899,1,0.00,0.00,0.00,0.00,1687,65),(3900,1,6.00,6600.00,6600.00,6.00,1687,66),(3901,1,0.06,106.88,106.88,0.06,1688,41),(3902,1,0.00,0.00,0.00,0.00,1695,48),(3903,1,0.00,0.00,0.00,0.00,1695,49),(3904,1,0.00,0.00,0.00,0.00,1695,50),(3905,1,0.00,0.00,0.00,0.00,1695,51),(3906,1,0.00,0.00,0.00,0.00,1695,52),(3907,1,0.00,0.00,0.00,0.00,1695,53),(3908,1,0.00,0.00,0.00,0.00,1695,54),(3909,1,0.00,0.00,0.00,0.00,1695,55),(3910,1,0.00,0.00,0.00,0.00,1695,58),(3911,1,0.00,0.00,0.00,0.00,1695,59),(3912,1,0.00,0.00,0.00,0.00,1695,60),(3913,1,0.00,0.00,0.00,0.00,1695,61),(3914,1,0.00,0.00,0.00,0.00,1695,62),(3915,1,168.75,168.75,168.75,168.75,1695,63),(3916,1,0.00,0.00,0.00,0.00,1695,64),(3917,1,253.13,0.00,0.00,253.13,1701,42),(3978,1,56.25,450.00,450.00,56.25,1729,1),(3979,1,56.25,337.50,337.50,56.25,1729,2),(3980,1,56.25,168.75,168.75,56.25,1729,7),(3981,1,56.25,450.00,450.00,56.25,1729,8),(3982,1,56.25,56.25,56.25,56.25,1730,3),(3983,1,578.25,4626.00,4626.00,578.25,1730,4),(3984,1,6.19,6527.81,6527.81,6.19,1730,16),(3985,1,12.38,5494.50,5494.50,12.38,1730,17),(3986,1,0.28,534.38,534.38,0.28,1731,11),(3987,1,56.25,900.00,900.00,56.25,1731,12),(3988,1,6.43,6608.57,6608.57,6.43,1732,13),(3989,1,12.38,5494.50,5494.50,12.38,1732,19),(3990,1,6.19,6527.81,6527.81,6.19,1732,20),(3991,1,28.13,393.75,393.75,28.13,1733,14),(3992,1,14.06,0.00,0.00,14.06,1733,15),(3993,1,5.63,10687.50,10687.50,5.63,1733,21),(3994,1,1.88,3562.50,3562.50,1.88,1733,22),(3995,1,5.63,10687.50,10687.50,5.63,1733,23),(3996,1,3.75,7125.00,7125.00,3.75,1733,24),(3997,1,1.88,3562.50,3562.50,1.88,1734,25),(3998,1,140.63,1265.63,1265.63,140.63,1734,26),(3999,1,0.28,296.72,296.72,0.28,1735,27),(4000,1,56.25,675.00,675.00,56.25,1735,28),(4001,1,56.25,450.00,450.00,56.25,1735,29),(4002,1,2.96,3043.42,3043.42,2.96,1735,30),(4003,1,22.50,202.50,202.50,22.50,1736,31),(4004,1,22.50,225.00,225.00,22.50,1736,32),(4005,1,56.25,562.50,562.50,56.25,1737,5),(4006,1,0.23,104.06,104.06,0.23,1738,33),(4007,1,0.28,225.00,225.00,0.28,1738,34),(4008,1,28.13,393.75,393.75,28.13,1738,35),(4009,1,56.25,225.00,225.00,56.25,1739,36),(4010,1,28.13,393.75,393.75,28.13,1739,37),(4011,1,9.00,144.00,144.00,9.00,1739,38),(4012,1,56.25,225.00,225.00,56.25,1739,39),(4013,1,0.28,534.38,534.38,0.28,1740,40),(4014,1,6.00,4800.00,4800.00,6.00,1741,6),(4015,1,18.00,14400.00,14400.00,18.00,1741,65),(4016,1,6.00,6600.00,6600.00,6.00,1741,66),(4017,1,0.06,106.88,106.88,0.06,1742,41),(4018,1,0.00,0.00,0.00,0.00,1749,48),(4019,1,0.00,0.00,0.00,0.00,1749,49),(4020,1,0.00,0.00,0.00,0.00,1749,50),(4021,1,0.00,0.00,0.00,0.00,1749,51),(4022,1,0.00,0.00,0.00,0.00,1749,52),(4023,1,0.00,0.00,0.00,0.00,1749,53),(4024,1,0.00,0.00,0.00,0.00,1749,54),(4025,1,0.00,0.00,0.00,0.00,1749,55),(4026,1,0.00,0.00,0.00,0.00,1749,58),(4027,1,0.00,0.00,0.00,0.00,1749,59),(4028,1,0.00,0.00,0.00,0.00,1749,60),(4029,1,0.00,0.00,0.00,0.00,1749,61),(4030,1,0.00,0.00,0.00,0.00,1749,62),(4031,1,168.75,168.75,168.75,168.75,1749,63),(4032,1,0.00,0.00,0.00,0.00,1749,64),(4033,1,253.13,0.00,0.00,253.13,1755,42),(4034,1,0.00,0.00,0.00,0.00,1755,43),(4035,1,0.00,0.00,0.00,0.00,1755,44),(4036,1,14.06,0.00,0.00,14.06,1755,45),(4037,1,56.25,337.50,337.50,56.25,1755,46),(4038,1,56.25,84.38,84.38,56.25,1755,47),(4039,1,56.25,450.00,450.00,56.25,1756,1),(4040,1,56.25,337.50,337.50,56.25,1756,2),(4041,1,56.25,168.75,168.75,56.25,1756,7),(4042,1,56.25,450.00,450.00,56.25,1756,8),(4043,1,56.25,56.25,56.25,56.25,1757,3),(4044,1,112.50,900.00,900.00,112.50,1757,4),(4045,1,6.19,6527.81,6527.81,6.19,1757,16),(4046,1,12.38,5494.50,5494.50,12.38,1757,17),(4047,1,0.28,534.38,534.38,0.28,1758,11),(4048,1,56.25,900.00,900.00,56.25,1758,12),(4049,1,6.43,1285.71,1285.71,6.43,1759,13),(4050,1,12.38,5494.50,5494.50,12.38,1759,19),(4051,1,6.19,6527.81,6527.81,6.19,1759,20),(4052,1,28.13,393.75,393.75,28.13,1760,14),(4053,1,14.06,0.00,0.00,14.06,1760,15),(4054,1,5.63,10687.50,10687.50,5.63,1760,21),(4055,1,1.88,3562.50,3562.50,1.88,1760,22),(4056,1,5.63,10687.50,10687.50,5.63,1760,23),(4057,1,3.75,7125.00,7125.00,3.75,1760,24),(4058,1,1.88,3562.50,3562.50,1.88,1761,25),(4059,1,140.63,1265.63,1265.63,140.63,1761,26),(4060,1,0.28,296.72,296.72,0.28,1762,27),(4061,1,56.25,675.00,675.00,56.25,1762,28),(4062,1,56.25,450.00,450.00,56.25,1762,29),(4063,1,2.96,592.11,592.11,2.96,1762,30),(4064,1,22.50,202.50,202.50,22.50,1763,31),(4065,1,22.50,225.00,225.00,22.50,1763,32),(4066,1,56.25,562.50,562.50,56.25,1764,5),(4067,1,0.23,104.06,104.06,0.23,1765,33),(4068,1,0.28,225.00,225.00,0.28,1765,34),(4069,1,28.13,393.75,393.75,28.13,1765,35),(4070,1,56.25,225.00,225.00,56.25,1766,36),(4071,1,28.13,393.75,393.75,28.13,1766,37),(4072,1,9.00,144.00,144.00,9.00,1766,38),(4073,1,56.25,225.00,225.00,56.25,1766,39),(4074,1,0.28,534.38,534.38,0.28,1767,40),(4075,1,6.00,4800.00,4800.00,6.00,1768,6),(4076,1,18.00,14400.00,14400.00,18.00,1768,65),(4077,1,6.00,6600.00,6600.00,6.00,1768,66),(4078,1,0.06,106.88,106.88,0.06,1769,41),(4079,1,0.00,0.00,0.00,0.00,1776,48),(4080,1,0.00,0.00,0.00,0.00,1776,49),(4081,1,0.00,0.00,0.00,0.00,1776,50),(4082,1,0.00,0.00,0.00,0.00,1776,51),(4083,1,0.00,0.00,0.00,0.00,1776,52),(4084,1,0.00,0.00,0.00,0.00,1776,53),(4085,1,0.00,0.00,0.00,0.00,1776,54),(4086,1,0.00,0.00,0.00,0.00,1776,55),(4087,1,0.00,0.00,0.00,0.00,1776,58),(4088,1,0.00,0.00,0.00,0.00,1776,59),(4089,1,0.00,0.00,0.00,0.00,1776,60),(4090,1,0.00,0.00,0.00,0.00,1776,61),(4091,1,0.00,0.00,0.00,0.00,1776,62),(4092,1,168.75,168.75,168.75,168.75,1776,63),(4093,1,0.00,0.00,0.00,0.00,1776,64),(4094,1,253.13,0.00,0.00,253.13,1782,42),(4095,1,0.00,0.00,0.00,0.00,1782,43),(4096,1,0.00,0.00,0.00,0.00,1782,44),(4097,1,14.06,0.00,0.00,14.06,1782,45),(4098,1,56.25,337.50,337.50,56.25,1782,46),(4099,1,56.25,84.38,84.38,56.25,1782,47),(4280,1,56.25,450.00,450.00,56.25,1873,1),(4281,1,56.25,337.50,337.50,56.25,1873,2),(4282,1,56.25,168.75,168.75,56.25,1873,7),(4283,1,56.25,450.00,450.00,56.25,1873,8),(4284,1,56.25,56.25,56.25,56.25,1874,3),(4285,1,112.50,900.00,900.00,112.50,1874,4),(4286,1,6.19,6527.81,6527.81,6.19,1874,16),(4287,1,12.38,5494.50,5494.50,12.38,1874,17),(4288,1,0.28,534.38,534.38,0.28,1875,11),(4289,1,56.25,900.00,900.00,56.25,1875,12),(4290,1,6.43,1285.71,1285.71,6.43,1876,13),(4291,1,12.38,5494.50,5494.50,12.38,1876,19),(4292,1,6.19,6527.81,6527.81,6.19,1876,20),(4293,1,28.13,393.75,393.75,28.13,1877,14),(4294,1,14.06,0.00,0.00,14.06,1877,15),(4295,1,0.00,0.00,0.00,0.00,1877,21),(4296,1,1.88,3562.50,3562.50,1.88,1877,22),(4297,1,0.00,0.00,0.00,0.00,1877,23),(4298,1,0.00,0.00,0.00,0.00,1877,24),(4299,1,1.88,3562.50,3562.50,1.88,1878,25),(4300,1,140.63,1265.63,1265.63,140.63,1878,26),(4301,1,0.28,296.72,296.72,0.28,1879,27),(4302,1,56.25,675.00,675.00,56.25,1879,28),(4303,1,56.25,450.00,450.00,56.25,1879,29),(4304,1,2.96,592.11,592.11,2.96,1879,30),(4305,1,22.50,202.50,202.50,22.50,1880,31),(4306,1,22.50,225.00,225.00,22.50,1880,32),(4307,1,56.25,562.50,562.50,56.25,1881,5),(4308,1,0.23,104.06,104.06,0.23,1882,33),(4309,1,0.28,225.00,225.00,0.28,1882,34),(4310,1,28.13,393.75,393.75,28.13,1882,35),(4311,1,56.25,225.00,225.00,56.25,1883,36),(4312,1,28.13,393.75,393.75,28.13,1883,37),(4313,1,9.00,144.00,144.00,9.00,1883,38),(4314,1,56.25,225.00,225.00,56.25,1883,39),(4315,1,0.28,534.38,534.38,0.28,1884,40),(4316,1,0.00,0.00,0.00,0.00,1885,6),(4317,1,0.00,0.00,0.00,0.00,1885,65),(4318,1,6.00,6600.00,6600.00,6.00,1885,66),(4319,1,0.06,106.88,106.88,0.06,1886,41),(4320,1,0.00,0.00,0.00,0.00,1893,48),(4321,1,0.50,0.00,0.00,0.50,1893,49),(4322,1,1.20,0.00,0.00,1.20,1893,50),(4323,1,0.00,0.00,0.00,0.00,1894,48),(4324,1,0.50,0.00,0.00,0.50,1894,49),(4325,1,0.00,0.00,0.00,0.00,1895,48),(4326,1,0.50,0.00,0.00,0.50,1895,49),(4327,1,1.10,0.00,0.00,1.10,1896,48),(4328,1,0.50,0.00,0.00,0.50,1896,49),(4329,1,1.10,0.00,0.00,1.10,1897,48),(4330,1,0.50,0.00,0.00,0.50,1897,49),(4331,1,1.10,0.00,0.00,1.10,1898,48),(4332,1,0.50,0.00,0.00,0.50,1898,49),(4333,1,1.10,0.00,0.00,1.10,1899,48),(4334,1,0.50,0.00,0.00,0.50,1899,49),(4335,1,1.10,0.00,0.00,1.10,1900,48),(4336,1,0.50,0.00,0.00,0.50,1900,49),(4337,1,1.10,0.00,0.00,1.10,1901,48),(4338,1,0.50,0.00,0.00,0.50,1901,49),(4339,1,56.25,450.00,450.00,56.25,1902,1),(4340,1,56.25,337.50,337.50,56.25,1902,2),(4341,1,56.25,168.75,168.75,56.25,1902,7),(4342,1,56.25,450.00,450.00,56.25,1902,8),(4343,1,56.25,56.25,56.25,56.25,1903,3),(4344,1,112.50,900.00,900.00,112.50,1903,4),(4345,1,6.19,4702.50,4702.50,6.19,1903,16),(4346,1,12.38,3960.00,3960.00,12.38,1903,17),(4347,1,0.28,534.38,534.38,0.28,1904,11),(4348,1,56.25,900.00,900.00,56.25,1904,12),(4349,1,6.43,1285.71,1285.71,6.43,1905,13),(4350,1,12.38,3960.00,3960.00,12.38,1905,19),(4351,1,6.19,4702.50,4702.50,6.19,1905,20),(4352,1,28.13,393.75,393.75,28.13,1906,14),(4353,1,14.06,0.00,0.00,14.06,1906,15),(4354,1,0.00,0.00,0.00,0.00,1906,21),(4355,1,1.88,3562.50,3562.50,1.88,1906,22),(4356,1,0.00,0.00,0.00,0.00,1906,23),(4357,1,0.00,0.00,0.00,0.00,1906,24),(4358,1,1.88,3562.50,3562.50,1.88,1907,25),(4359,1,140.63,1265.63,1265.63,140.63,1907,26),(4360,1,0.28,213.75,213.75,0.28,1908,27),(4361,1,56.25,675.00,675.00,56.25,1908,28),(4362,1,56.25,450.00,450.00,56.25,1908,29),(4363,1,2.96,592.11,592.11,2.96,1908,30),(4364,1,22.50,202.50,202.50,22.50,1909,31),(4365,1,22.50,225.00,225.00,22.50,1909,32),(4366,1,56.25,562.50,562.50,56.25,1910,5),(4367,1,0.23,75.00,75.00,0.23,1911,33),(4368,1,0.28,225.00,225.00,0.28,1911,34),(4369,1,28.13,393.75,393.75,28.13,1911,35),(4370,1,56.25,225.00,225.00,56.25,1912,36),(4371,1,28.13,393.75,393.75,28.13,1912,37),(4372,1,9.00,144.00,144.00,9.00,1912,38),(4373,1,56.25,225.00,225.00,56.25,1912,39),(4374,1,0.28,534.38,534.38,0.28,1913,40),(4375,1,0.00,0.00,0.00,0.00,1914,6),(4376,1,0.00,0.00,0.00,0.00,1914,65),(4377,1,6.00,6600.00,6600.00,6.00,1914,66),(4378,1,0.06,106.88,106.88,0.06,1915,41),(4379,1,1.10,0.00,0.00,1.10,1922,48),(4380,1,0.50,0.00,0.00,0.50,1922,49),(4425,1,1.10,0.00,0.00,1.10,1944,48),(4426,1,0.50,0.00,0.00,0.50,1944,49),(4427,1,1.10,0.00,0.00,1.10,1945,48),(4428,1,0.50,0.00,0.00,0.50,1945,49),(4605,1,56.25,450.00,450.00,56.25,2030,1),(4606,1,56.25,337.50,337.50,56.25,2030,2),(4607,1,56.25,168.75,168.75,56.25,2030,7),(4608,1,56.25,450.00,450.00,56.25,2030,8),(4609,1,56.25,56.25,56.25,56.25,2031,3),(4610,1,112.50,900.00,900.00,112.50,2031,4),(4611,1,6.19,6527.81,6527.81,6.19,2031,16),(4612,1,12.38,5494.50,5494.50,12.38,2031,17),(4613,1,0.28,534.38,534.38,0.28,2032,11),(4614,1,56.25,900.00,900.00,56.25,2032,12),(4615,1,6.43,1285.71,1285.71,6.43,2033,13),(4616,1,12.38,5494.50,5494.50,12.38,2033,19),(4617,1,6.19,6527.81,6527.81,6.19,2033,20),(4618,1,28.13,393.75,393.75,28.13,2034,14),(4619,1,14.06,0.00,0.00,14.06,2034,15),(4620,1,0.00,0.00,0.00,0.00,2034,21),(4621,1,1.88,3562.50,3562.50,1.88,2034,22),(4622,1,0.00,0.00,0.00,0.00,2034,23),(4623,1,0.00,0.00,0.00,0.00,2034,24),(4624,1,1.88,3562.50,3562.50,1.88,2035,25),(4625,1,140.63,1265.63,1265.63,140.63,2035,26),(4626,1,0.28,296.72,296.72,0.28,2036,27),(4627,1,56.25,675.00,675.00,56.25,2036,28),(4628,1,56.25,450.00,450.00,56.25,2036,29),(4629,1,2.96,592.11,592.11,2.96,2036,30),(4630,1,22.50,202.50,202.50,22.50,2037,31),(4631,1,22.50,225.00,225.00,22.50,2037,32),(4632,1,56.25,562.50,562.50,56.25,2038,5),(4633,1,0.23,104.06,104.06,0.23,2039,33),(4634,1,0.28,225.00,225.00,0.28,2039,34),(4635,1,28.13,393.75,393.75,28.13,2039,35),(4636,1,56.25,225.00,225.00,56.25,2040,36),(4637,1,28.13,393.75,393.75,28.13,2040,37),(4638,1,9.00,144.00,144.00,9.00,2040,38),(4639,1,56.25,225.00,225.00,56.25,2040,39),(4640,1,0.28,534.38,534.38,0.28,2041,40),(4641,1,0.00,0.00,0.00,0.00,2042,6),(4642,1,0.00,0.00,0.00,0.00,2042,65),(4643,1,6.00,6600.00,6600.00,6.00,2042,66),(4644,1,0.06,106.88,106.88,0.06,2043,41),(4645,1,1.10,0.00,0.00,1.10,2050,48),(4646,1,0.50,0.00,0.00,0.50,2050,49),(4647,1,1.20,0.00,0.00,1.20,2050,50),(4648,1,0.00,0.00,0.00,0.00,2050,51),(4649,1,0.00,0.00,0.00,0.00,2050,52),(4650,1,35.00,0.00,0.00,35.00,2050,53),(4651,1,56.25,450.00,450.00,56.25,2051,1),(4652,1,56.25,337.50,337.50,56.25,2051,2),(4653,1,56.25,168.75,168.75,56.25,2051,7),(4654,1,56.25,450.00,450.00,56.25,2051,8),(4655,1,56.25,56.25,56.25,56.25,2052,3),(4656,1,578.25,4626.00,4626.00,578.25,2052,4),(4657,1,6.19,2444.06,2444.06,6.19,2052,16),(4658,1,12.38,2054.25,2054.25,12.38,2052,17),(4659,1,0.28,534.38,534.38,0.28,2053,11),(4660,1,56.25,900.00,900.00,56.25,2053,12),(4661,1,6.43,6608.57,6608.57,6.43,2054,13),(4662,1,12.38,2054.25,2054.25,12.38,2054,19),(4663,1,6.19,2444.06,2444.06,6.19,2054,20),(4664,1,28.13,393.75,393.75,28.13,2055,14),(4665,1,14.06,0.00,0.00,14.06,2055,15),(4666,1,0.00,0.00,0.00,0.00,2055,21),(4667,1,1.88,3562.50,3562.50,1.88,2055,22),(4668,1,0.00,0.00,0.00,0.00,2055,23),(4669,1,0.00,0.00,0.00,0.00,2055,24),(4670,1,1.88,3562.50,3562.50,1.88,2056,25),(4671,1,140.63,1265.63,1265.63,140.63,2056,26),(4672,1,0.28,111.09,111.09,0.28,2057,27),(4673,1,56.25,675.00,675.00,56.25,2057,28),(4674,1,56.25,450.00,450.00,56.25,2057,29),(4675,1,2.96,3043.42,3043.42,2.96,2057,30),(4676,1,22.50,202.50,202.50,22.50,2058,31),(4677,1,22.50,225.00,225.00,22.50,2058,32),(4678,1,56.25,562.50,562.50,56.25,2059,5),(4679,1,0.23,38.91,38.91,0.23,2060,33),(4680,1,0.28,225.00,225.00,0.28,2060,34),(4681,1,28.13,393.75,393.75,28.13,2060,35),(4682,1,56.25,225.00,225.00,56.25,2061,36),(4683,1,28.13,393.75,393.75,28.13,2061,37),(4684,1,9.00,144.00,144.00,9.00,2061,38),(4685,1,56.25,225.00,225.00,56.25,2061,39),(4686,1,0.28,534.38,534.38,0.28,2062,40),(4687,1,0.00,0.00,0.00,0.00,2063,6),(4688,1,0.00,0.00,0.00,0.00,2063,65),(4689,1,6.00,6600.00,6600.00,6.00,2063,66),(4690,1,0.06,106.88,106.88,0.06,2064,41),(4691,1,1.10,0.00,0.00,1.10,2071,48),(4692,1,0.50,0.00,0.00,0.50,2071,49),(4693,1,1.20,0.00,0.00,1.20,2071,50),(4694,1,0.00,0.00,0.00,0.00,2071,51),(4695,1,0.00,0.00,0.00,0.00,2071,52),(4696,1,35.00,0.00,0.00,35.00,2071,53),(4697,1,56.25,450.00,450.00,56.25,2072,1),(4698,1,56.25,337.50,337.50,56.25,2072,2),(4699,1,56.25,168.75,168.75,56.25,2072,7),(4700,1,56.25,450.00,450.00,56.25,2072,8),(4701,1,56.25,56.25,56.25,56.25,2073,3),(4702,1,578.25,4626.00,4626.00,578.25,2073,4),(4703,1,6.19,3260.81,3260.81,6.19,2073,16),(4704,1,12.38,2747.25,2747.25,12.38,2073,17),(4705,1,0.28,534.38,534.38,0.28,2074,11),(4706,1,56.25,900.00,900.00,56.25,2074,12),(4707,1,6.43,6608.57,6608.57,6.43,2075,13),(4708,1,12.38,2747.25,2747.25,12.38,2075,19),(4709,1,6.19,3260.81,3260.81,6.19,2075,20),(4710,1,28.13,393.75,393.75,28.13,2076,14),(4711,1,14.06,0.00,0.00,14.06,2076,15),(4712,1,0.00,0.00,0.00,0.00,2076,21),(4713,1,1.88,3562.50,3562.50,1.88,2076,22),(4714,1,0.00,0.00,0.00,0.00,2076,23),(4715,1,0.00,0.00,0.00,0.00,2076,24),(4716,1,1.88,3562.50,3562.50,1.88,2077,25),(4717,1,140.63,1265.63,1265.63,140.63,2077,26),(4718,1,0.28,148.22,148.22,0.28,2078,27),(4719,1,56.25,675.00,675.00,56.25,2078,28),(4720,1,56.25,450.00,450.00,56.25,2078,29),(4721,1,2.96,3043.42,3043.42,2.96,2078,30),(4722,1,22.50,202.50,202.50,22.50,2079,31),(4723,1,22.50,225.00,225.00,22.50,2079,32),(4724,1,56.25,562.50,562.50,56.25,2080,5),(4725,1,0.23,52.03,52.03,0.23,2081,33),(4726,1,0.28,225.00,225.00,0.28,2081,34),(4727,1,28.13,393.75,393.75,28.13,2081,35),(4728,1,56.25,225.00,225.00,56.25,2082,36),(4729,1,28.13,393.75,393.75,28.13,2082,37),(4730,0,9.00,144.00,0.00,0.00,2082,38),(4731,0,56.25,225.00,0.00,0.00,2082,39),(4732,1,0.28,534.38,534.38,0.28,2083,40),(4733,1,0.00,0.00,0.00,0.00,2084,6),(4734,0,0.00,0.00,0.00,0.00,2084,65),(4735,0,6.00,6600.00,0.00,0.00,2084,66),(4736,1,0.06,106.88,106.88,0.06,2085,41),(4737,1,1.10,0.00,0.00,1.10,2092,48),(4738,1,0.50,0.00,0.00,0.50,2092,49),(4739,1,1.20,0.00,0.00,1.20,2092,50),(4740,1,0.00,0.00,0.00,0.00,2092,51),(4741,1,0.00,0.00,0.00,0.00,2092,52),(4742,1,35.00,0.00,0.00,35.00,2092,53),(4743,1,0.00,0.00,0.00,0.00,2092,54),(4744,1,0.00,0.00,0.00,0.00,2092,55),(4745,1,0.00,0.00,0.00,0.00,2092,58),(4746,1,0.00,0.00,0.00,0.00,2092,59),(4747,1,0.00,0.00,0.00,0.00,2092,60),(4748,1,0.00,0.00,0.00,0.00,2092,61),(4749,1,0.00,0.00,0.00,0.00,2092,62),(4750,1,168.75,168.75,168.75,168.75,2092,63),(4751,1,0.00,0.00,0.00,0.00,2092,64),(4752,1,253.13,0.00,0.00,253.13,2098,42),(4753,1,0.00,0.00,0.00,0.00,2098,43),(4754,1,0.00,0.00,0.00,0.00,2098,44),(4755,1,14.06,0.00,0.00,14.06,2098,45),(4756,0,56.25,337.50,0.00,0.00,2098,46),(4757,1,56.25,84.38,84.38,56.25,2098,47);
/*!40000 ALTER TABLE `demandcategorycalculationitem` ENABLE KEYS */;
UNLOCK TABLES;

--
-- Table structure for table `demandcategorydepartementcalculation`
--

DROP TABLE IF EXISTS `demandcategorydepartementcalculation`;
/*!40101 SET @saved_cs_client     = @@character_set_client */;
/*!40101 SET character_set_client = utf8 */;
CREATE TABLE `demandcategorydepartementcalculation` (
  `ID` bigint(20) NOT NULL AUTO_INCREMENT,
  `SUMME` decimal(10,2) DEFAULT NULL,
  `SUMMEGLOBAL` decimal(10,2) DEFAULT NULL,
  `DEMANDCATEGORY_ID` bigint(20) DEFAULT NULL,
  `DEPARTEMENT_ID` bigint(20) DEFAULT NULL,
  PRIMARY KEY (`ID`),
  KEY `DMANDCATEGORYDEPARTEMENTCALCULATIONDMANDCATEGORYID` (`DEMANDCATEGORY_ID`),
  KEY `DEMANDCATEGORYDEPARTEMENTCALCULATIONDEPARTEMENT_ID` (`DEPARTEMENT_ID`),
  CONSTRAINT `DEMANDCATEGORYDEPARTEMENTCALCULATIONDEPARTEMENT_ID` FOREIGN KEY (`DEPARTEMENT_ID`) REFERENCES `departement` (`ID`),
  CONSTRAINT `DMANDCATEGORYDEPARTEMENTCALCULATIONDMANDCATEGORYID` FOREIGN KEY (`DEMANDCATEGORY_ID`) REFERENCES `demandcategory` (`ID`)
) ENGINE=InnoDB AUTO_INCREMENT=526 DEFAULT CHARSET=latin1;
/*!40101 SET character_set_client = @saved_cs_client */;

--
-- Dumping data for table `demandcategorydepartementcalculation`
--

LOCK TABLES `demandcategorydepartementcalculation` WRITE;
/*!40000 ALTER TABLE `demandcategorydepartementcalculation` DISABLE KEYS */;
INSERT INTO `demandcategorydepartementcalculation` VALUES (98,704.31,NULL,24,1),(99,569.88,NULL,24,2),(100,0.00,NULL,24,3),(101,168.00,NULL,24,4),(102,0.00,NULL,24,5),(103,0.00,NULL,24,6),(104,896.00,NULL,24,8),(105,704.31,NULL,25,1),(106,569.88,NULL,25,2),(107,0.00,NULL,25,3),(108,168.00,NULL,25,4),(109,0.00,NULL,25,5),(110,0.00,NULL,25,6),(111,686.00,NULL,25,8),(112,NULL,NULL,26,1),(113,NULL,NULL,27,1),(115,704.31,6559.56,29,1),(116,569.88,1913.18,29,2),(117,0.00,0.00,29,3),(118,168.00,168.00,29,4),(119,0.00,0.00,29,5),(120,0.00,0.00,29,6),(121,896.00,1386.00,29,8),(122,704.31,6559.56,30,1),(123,569.88,1913.18,30,2),(124,0.00,0.00,30,3),(125,168.00,168.00,30,4),(126,0.00,0.00,30,5),(127,0.00,0.00,30,6),(128,896.00,1386.00,30,8),(136,704.31,6559.56,32,1),(137,569.88,1913.18,32,2),(138,0.00,0.00,32,3),(139,168.00,168.00,32,4),(140,0.00,0.00,32,5),(141,0.00,0.00,32,6),(142,896.00,1386.00,32,8),(143,704.31,6559.56,33,1),(144,569.88,1913.18,33,2),(145,0.00,0.00,33,3),(146,168.00,168.00,33,4),(147,0.00,0.00,33,5),(148,0.00,0.00,33,6),(149,896.00,1386.00,33,8),(150,704.31,6559.56,34,1),(151,569.88,1913.18,34,2),(152,0.00,0.00,34,3),(153,168.00,168.00,34,4),(154,0.00,0.00,34,5),(155,0.00,0.00,34,6),(156,896.00,1386.00,34,8),(157,1320.31,21252.79,35,1),(158,569.88,1961.91,35,2),(159,0.00,0.00,35,3),(160,168.00,168.00,35,4),(161,0.00,0.00,35,5),(162,0.00,0.00,35,6),(163,686.00,420.00,35,8),(164,NULL,NULL,36,1),(165,NULL,NULL,37,1),(166,NULL,NULL,38,1),(167,1768.31,39924.80,39,1),(168,569.88,3290.28,39,2),(169,0.00,0.00,39,3),(170,168.00,168.00,39,4),(171,0.00,0.00,39,5),(172,0.00,0.00,39,6),(173,686.00,420.00,39,8),(181,1264.31,23422.41,41,1),(182,317.82,1608.18,41,2),(183,0.00,0.00,41,3),(184,168.00,168.00,41,4),(185,0.00,0.00,41,5),(186,0.00,0.00,41,6),(187,686.00,420.00,41,8),(188,1303.16,42310.20,42,1),(189,572.43,2959.01,42,2),(190,0.00,0.00,42,3),(191,168.75,168.75,42,4),(192,0.00,0.00,42,5),(193,0.00,0.00,42,6),(194,689.07,421.88,42,8),(195,1287.41,28985.19,43,1),(196,572.43,2297.72,43,2),(197,0.00,0.00,43,3),(198,168.75,168.75,43,4),(199,0.00,0.00,43,5),(200,0.00,0.00,43,6),(201,689.07,421.88,43,8),(202,1260.97,39214.19,44,1),(203,572.43,2706.06,44,2),(204,0.00,0.00,44,3),(205,168.75,168.75,44,4),(206,0.00,0.00,44,5),(207,0.00,0.00,44,6),(208,689.07,421.88,44,8),(209,6349.91,160063.48,45,1),(210,572.43,2653.88,45,2),(211,0.00,0.00,45,3),(212,168.75,168.75,45,4),(213,0.00,0.00,45,5),(214,0.00,0.00,45,6),(215,900.01,1856.26,45,8),(216,NULL,NULL,46,1),(217,NULL,NULL,47,1),(218,1799.04,63084.84,48,1),(219,572.43,3517.57,48,2),(220,0.00,0.00,48,3),(221,168.75,168.75,48,4),(222,0.00,0.00,48,5),(223,0.00,0.00,48,6),(224,689.07,421.88,48,8),(225,2115.53,36290.51,49,1),(226,572.43,3275.21,49,2),(227,0.00,0.00,49,3),(228,168.75,168.75,49,4),(229,0.00,0.00,49,5),(230,0.00,0.00,49,6),(231,689.07,421.88,49,8),(232,2115.53,40979.93,50,1),(233,572.43,3183.45,50,2),(234,0.00,0.00,50,3),(235,168.75,168.75,50,4),(236,0.00,0.00,50,5),(237,0.00,0.00,50,6),(238,689.07,421.88,50,8),(239,9333.41,36453.70,51,1),(240,572.43,1611.20,51,2),(241,0.00,0.00,51,3),(242,168.75,168.75,51,4),(243,0.00,0.00,51,5),(244,0.00,0.00,51,6),(245,689.07,421.88,51,8),(246,8949.75,57591129.99,52,1),(247,572.43,4980.60,52,2),(248,0.00,0.00,52,3),(249,168.75,168.75,52,4),(250,0.00,0.00,52,5),(251,0.00,0.00,52,6),(252,689.07,421.88,52,8),(253,6571.53,37880062.57,53,1),(254,572.43,4927.63,53,2),(255,0.00,0.00,53,3),(256,168.75,168.75,53,4),(257,0.00,0.00,53,5),(258,0.00,0.00,53,6),(259,900.01,1392.20,53,8),(269,3353.47,135545.98,57,1),(270,572.43,9924.86,57,2),(271,0.00,0.00,57,3),(272,168.75,168.75,57,4),(273,0.00,0.00,57,5),(274,0.00,0.00,57,6),(275,689.07,421.88,57,8),(276,5787.41,152296.65,58,1),(277,572.43,5896.15,58,2),(278,0.00,0.00,58,3),(279,168.75,168.75,58,4),(280,0.00,0.00,58,5),(281,0.00,0.00,58,6),(282,689.07,421.88,58,8),(283,6514.04,4243062.60,59,1),(284,NULL,NULL,60,1),(285,NULL,NULL,61,1),(286,NULL,NULL,62,1),(287,NULL,NULL,63,1),(289,NULL,NULL,65,1),(290,NULL,NULL,66,1),(293,11360.66,899953.46,69,1),(294,572.43,27238.03,69,2),(295,0.00,0.00,69,3),(296,168.75,168.75,69,4),(297,0.00,0.00,69,5),(298,0.00,0.00,69,6),(299,689.07,421.88,69,8),(307,572.43,1907.52,71,2),(308,6519.66,8074118.44,72,1),(309,6029.16,9016415.50,73,1),(310,572.43,2984.64,73,2),(311,0.00,0.00,73,3),(312,168.75,168.75,73,4),(313,0.00,0.00,73,5),(314,0.00,0.00,73,6),(315,689.07,421.88,73,8),(330,8849.10,14257613.59,76,1),(331,572.43,2917.29,76,2),(332,0.00,0.00,76,3),(333,168.75,168.75,76,4),(334,0.00,0.00,76,5),(335,0.00,0.00,76,6),(336,689.07,421.88,76,8),(337,NULL,NULL,77,1),(338,NULL,NULL,78,1),(339,NULL,NULL,79,1),(340,NULL,NULL,80,1),(341,8795.95,14257613.59,81,1),(342,572.43,2917.29,81,2),(343,0.00,0.00,81,3),(344,168.75,168.75,81,4),(345,0.00,0.00,81,5),(346,0.00,0.00,81,6),(347,689.07,421.88,81,8),(357,NULL,NULL,91,1),(358,NULL,NULL,92,1),(359,9631.90,15850112.69,93,1),(360,572.43,2911.67,93,2),(361,0.00,0.00,93,3),(362,168.75,168.75,93,4),(363,0.00,0.00,93,5),(364,0.00,0.00,93,6),(365,689.07,421.88,93,8),(366,8792.57,14267743.11,94,1),(367,572.43,2917.29,94,2),(368,0.00,0.00,94,3),(369,168.75,168.75,94,4),(370,0.00,0.00,94,5),(371,0.00,0.00,94,6),(372,689.07,421.88,94,8),(380,8792.57,14267743.11,96,1),(381,572.43,2917.29,96,2),(382,0.00,0.00,96,3),(383,168.75,168.75,96,4),(384,0.00,0.00,96,5),(385,0.00,0.00,96,6),(386,689.07,421.88,96,8),(387,13584.60,23367916.00,97,1),(388,572.43,2895.26,97,2),(389,0.00,0.00,97,3),(390,168.75,168.75,97,4),(391,0.00,0.00,97,5),(392,0.00,0.00,97,6),(393,689.07,421.88,97,8),(394,1303.25,74645.96,98,1),(395,572.43,2982.45,98,2),(396,0.00,0.00,98,3),(397,168.75,168.75,98,4),(398,0.00,0.00,98,5),(399,0.00,0.00,98,6),(400,689.07,421.88,98,8),(401,1318.55,60994.67,99,1),(402,572.43,2888.70,99,2),(403,0.00,0.00,99,3),(404,168.75,168.75,99,4),(405,0.00,0.00,99,5),(406,0.00,0.00,99,6),(407,689.07,421.88,99,8),(408,1306.92,39676.09,100,1),(409,NULL,NULL,100,2),(410,1303.54,38583.73,101,1),(411,NULL,NULL,101,2),(412,1319.77,58327.38,102,1),(413,241.46,8090.26,102,2),(414,0.00,0.00,102,3),(415,168.75,168.75,102,4),(416,0.00,0.00,102,5),(417,0.00,0.00,102,6),(418,379.69,421.88,102,8),(419,856.18,68852.92,103,1),(420,264.86,28714.32,103,2),(421,0.00,0.00,103,3),(422,168.75,168.75,103,4),(423,0.00,0.00,103,5),(424,0.00,0.00,103,6),(425,379.69,421.88,103,8),(426,1306.92,51853.09,104,1),(427,240.86,9514.32,104,2),(428,0.00,0.00,104,3),(429,168.75,168.75,104,4),(430,0.00,0.00,104,5),(431,0.00,0.00,104,6),(432,NULL,NULL,104,8),(440,1321.93,80353.09,106,1),(441,264.86,28714.32,106,2),(442,0.00,0.00,106,3),(443,168.75,168.75,106,4),(444,0.00,0.00,106,5),(445,0.00,0.00,106,6),(446,379.69,421.88,106,8),(447,856.18,68852.92,107,1),(448,264.86,28714.32,107,2),(449,0.00,0.00,107,3),(450,168.75,168.75,107,4),(451,0.00,0.00,107,5),(452,0.00,0.00,107,6),(453,379.69,421.88,107,8),(473,841.17,40352.92,112,1),(474,240.86,9514.32,112,2),(475,0.00,0.00,112,3),(476,NULL,NULL,112,4),(477,NULL,NULL,113,4),(478,NULL,NULL,114,4),(479,NULL,NULL,115,4),(480,NULL,NULL,116,4),(481,NULL,NULL,117,4),(482,NULL,NULL,118,4),(483,NULL,NULL,119,4),(484,NULL,NULL,120,4),(485,841.17,33550.33,121,1),(486,240.86,9485.26,121,2),(487,0.00,0.00,121,3),(488,NULL,NULL,121,4),(493,NULL,NULL,123,4),(494,NULL,NULL,124,4),(511,841.17,40352.92,129,1),(512,240.86,9514.32,129,2),(513,0.00,0.00,129,3),(514,NULL,NULL,129,4),(515,1306.92,36619.46,130,1),(516,240.86,9449.17,130,2),(517,0.00,0.00,130,3),(518,NULL,NULL,130,4),(519,1306.92,39676.09,131,1),(520,169.61,2493.29,131,2),(521,0.00,0.00,131,3),(522,206.55,168.75,131,4),(523,0.00,0.00,131,5),(524,0.00,0.00,131,6),(525,323.44,84.38,131,8);
/*!40000 ALTER TABLE `demandcategorydepartementcalculation` ENABLE KEYS */;
UNLOCK TABLES;

--
-- Table structure for table `demandcategoryvalidation`
--

DROP TABLE IF EXISTS `demandcategoryvalidation`;
/*!40101 SET @saved_cs_client     = @@character_set_client */;
/*!40101 SET character_set_client = utf8 */;
CREATE TABLE `demandcategoryvalidation` (
  `ID` int(11) NOT NULL AUTO_INCREMENT,
  `SYSDATE` time DEFAULT NULL,
  `DEMANDCATEGORY_ID` bigint(20) DEFAULT NULL,
  `DEPARTEMENT_ID` bigint(20) DEFAULT NULL,
  `USER_LOGIN` varchar(255) DEFAULT NULL,
  PRIMARY KEY (`ID`),
  KEY `FK_DEMANDCATEGORYVALIDATION_DEPARTEMENT_ID` (`DEPARTEMENT_ID`),
  KEY `FK_DEMANDCATEGORYVALIDATION_USER_LOGIN` (`USER_LOGIN`),
  KEY `FK_DEMANDCATEGORYVALIDATION_DEMANDCATEGORY_ID` (`DEMANDCATEGORY_ID`),
  CONSTRAINT `FK_DEMANDCATEGORYVALIDATION_DEMANDCATEGORY_ID` FOREIGN KEY (`DEMANDCATEGORY_ID`) REFERENCES `demandcategory` (`ID`),
  CONSTRAINT `FK_DEMANDCATEGORYVALIDATION_DEPARTEMENT_ID` FOREIGN KEY (`DEPARTEMENT_ID`) REFERENCES `departement` (`ID`),
  CONSTRAINT `FK_DEMANDCATEGORYVALIDATION_USER_LOGIN` FOREIGN KEY (`USER_LOGIN`) REFERENCES `user` (`LOGIN`)
) ENGINE=InnoDB AUTO_INCREMENT=39 DEFAULT CHARSET=latin1;
/*!40101 SET character_set_client = @saved_cs_client */;

--
-- Dumping data for table `demandcategoryvalidation`
--

LOCK TABLES `demandcategoryvalidation` WRITE;
/*!40000 ALTER TABLE `demandcategoryvalidation` DISABLE KEYS */;
INSERT INTO `demandcategoryvalidation` VALUES (1,'21:47:10',32,NULL,'walo'),(2,'21:48:49',33,NULL,'walo'),(3,'22:39:57',34,NULL,'walo'),(4,'11:27:38',35,NULL,'admin'),(5,'11:49:18',39,NULL,'admin'),(6,'11:53:34',41,NULL,'admin'),(7,'11:22:11',42,NULL,'admin'),(8,'11:31:53',43,NULL,'admin'),(9,'11:41:14',44,NULL,'admin'),(10,'11:51:47',45,NULL,'admin'),(11,'12:07:11',46,NULL,'admin'),(12,'12:12:51',48,NULL,'admin'),(13,'12:25:29',49,NULL,'admin'),(14,'12:29:29',50,NULL,'admin'),(15,'12:32:57',51,NULL,'admin'),(16,'12:36:40',52,NULL,'admin'),(17,'12:42:04',53,NULL,'admin'),(18,'13:17:50',57,NULL,'admin'),(19,'13:20:32',58,NULL,'admin'),(20,'13:24:55',59,1,'ana'),(21,'13:39:04',69,NULL,'admin'),(23,'13:50:49',71,2,'dmd'),(24,'13:52:01',72,1,'ana'),(25,'08:49:56',73,NULL,'admin'),(26,'08:55:36',76,NULL,'admin'),(27,'09:05:27',81,NULL,'admin'),(28,'09:25:20',93,NULL,'admin'),(29,'09:26:59',94,NULL,'admin'),(30,'09:30:10',96,NULL,'admin'),(31,'09:40:13',97,NULL,'admin'),(32,'09:49:07',98,NULL,'admin'),(33,'10:07:04',99,NULL,'admin'),(34,'10:48:18',102,NULL,'admin'),(35,'11:31:41',103,NULL,'admin'),(36,'12:08:24',106,NULL,'admin'),(37,'12:35:41',107,NULL,'admin'),(38,'19:22:36',131,NULL,'admin');
/*!40000 ALTER TABLE `demandcategoryvalidation` ENABLE KEYS */;
UNLOCK TABLES;

--
-- Table structure for table `departement`
--

DROP TABLE IF EXISTS `departement`;
/*!40101 SET @saved_cs_client     = @@character_set_client */;
/*!40101 SET character_set_client = utf8 */;
CREATE TABLE `departement` (
  `ID` bigint(20) NOT NULL AUTO_INCREMENT,
  `NAME` varchar(255) DEFAULT NULL,
  PRIMARY KEY (`ID`)
) ENGINE=InnoDB AUTO_INCREMENT=9 DEFAULT CHARSET=latin1;
/*!40101 SET character_set_client = @saved_cs_client */;

--
-- Dumping data for table `departement`
--

LOCK TABLES `departement` WRITE;
/*!40000 ALTER TABLE `departement` DISABLE KEYS */;
INSERT INTO `departement` VALUES (1,'contentManagement'),(2,'datenManagement'),(3,'databasePublishing'),(4,'projectManagement'),(5,'Assetmanagement'),(6,'Media IT'),(8,'InitialCosts');
/*!40000 ALTER TABLE `departement` ENABLE KEYS */;
UNLOCK TABLES;

--
-- Table structure for table `departementcriteria`
--

DROP TABLE IF EXISTS `departementcriteria`;
/*!40101 SET @saved_cs_client     = @@character_set_client */;
/*!40101 SET character_set_client = utf8 */;
CREATE TABLE `departementcriteria` (
  `ID` bigint(20) NOT NULL AUTO_INCREMENT,
  `NAME` varchar(255) DEFAULT NULL,
  `DEPARTEMENT_ID` bigint(20) DEFAULT NULL,
  PRIMARY KEY (`ID`),
  KEY `FK_DEPARTEMENTCRITERIA_DEPARTEMENT_ID` (`DEPARTEMENT_ID`),
  CONSTRAINT `FK_DEPARTEMENTCRITERIA_DEPARTEMENT_ID` FOREIGN KEY (`DEPARTEMENT_ID`) REFERENCES `departement` (`ID`)
) ENGINE=InnoDB AUTO_INCREMENT=29 DEFAULT CHARSET=latin1;
/*!40101 SET character_set_client = @saved_cs_client */;

--
-- Dumping data for table `departementcriteria`
--

LOCK TABLES `departementcriteria` WRITE;
/*!40000 ALTER TABLE `departementcriteria` DISABLE KEYS */;
INSERT INTO `departementcriteria` VALUES (1,'Allgemein',1),(2,'Reda',1),(3,'Reda Online',1),(4,'Informatica',1),(5,'LK MG Korrektur',1),(6,'Pruefungen',1),(7,'Sonstiges',1),(8,'Fremdsprachen',1),(9,'Masterlist',2),(10,'Datenbeschaffung',2),(11,'Preisbeschaffung',2),(12,'ASD',2),(13,'Informatica',2),(14,'Sprache',2),(15,'Fixkosten',3),(16,'1.Datenimport',3),(17,'2. Datenimport',3),(18,'Druckdatenerstellung',3),(19,'Sonstiges',3),(20,'ECC',3),(21,'Produktaufnahme einer Produktgruppe',5),(22,'Fotoshootings',5),(23,'Lizenz',5),(24,'Konzeption',6),(25,'Programmierung',6),(27,'Initial Kosten, diesen fallen unabhängig vom Endprodukt immer an',8),(28,'Projektmanagement Leistungen:',4);
/*!40000 ALTER TABLE `departementcriteria` ENABLE KEYS */;
UNLOCK TABLES;

--
-- Table structure for table `departementcriteriaitem`
--

DROP TABLE IF EXISTS `departementcriteriaitem`;
/*!40101 SET @saved_cs_client     = @@character_set_client */;
/*!40101 SET character_set_client = utf8 */;
CREATE TABLE `departementcriteriaitem` (
  `ID` bigint(20) NOT NULL AUTO_INCREMENT,
  `ARITHMITIQUEEXPRESIONFORGLOBALPRICE` varchar(255) DEFAULT NULL,
  `ARITHMITIQUEEXPRESIONFORUNITEPRICE` varchar(255) DEFAULT NULL,
  `DESCRIPTION` varchar(255) DEFAULT NULL,
  `DESCRIPTIONGLOBAL` varchar(255) DEFAULT NULL,
  `DEPARTEMENTCRITERIA_ID` bigint(20) DEFAULT NULL,
  PRIMARY KEY (`ID`),
  KEY `FK_DEPARTEMENTCRITERIAITEM_DEPARTEMENTCRITERIA_ID` (`DEPARTEMENTCRITERIA_ID`),
  CONSTRAINT `FK_DEPARTEMENTCRITERIAITEM_DEPARTEMENTCRITERIA_ID` FOREIGN KEY (`DEPARTEMENTCRITERIA_ID`) REFERENCES `departementcriteria` (`ID`)
) ENGINE=InnoDB AUTO_INCREMENT=67 DEFAULT CHARSET=latin1;
/*!40101 SET character_set_client = @saved_cs_client */;

--
-- Dumping data for table `departementcriteriaitem`
--

LOCK TABLES `departementcriteriaitem` WRITE;
/*!40000 ALTER TABLE `departementcriteriaitem` DISABLE KEYS */;
INSERT INTO `departementcriteriaitem` VALUES (1,'8*configurationItemFacade.findByName(\'std_stz\').getDefaultValue()','configurationItemFacade.findByName(\'std_stz\').getDefaultValue()','Erstellung Datenpflegeguide','8*Std_Satz',1),(2,'6*configurationItemFacade.findByName(\'std_stz\').getDefaultValue()','configurationItemFacade.findByName(\'std_stz\').getDefaultValue()','Erstellung Redaktionsguide','6*Std_Satz',1),(3,'1*configurationItemFacade.findByName(\'std_stz\').getDefaultValue()','1*configurationItemFacade.findByName(\'std_stz\').getDefaultValue()','Katalog Reda_Vorausgabe kopieren','1*Std_Satz',2),(4,'8*demandCategory.getUmfang()*configurationItemFacade.findByName(\'std_stz\').getDefaultValue()/100','demandCategory.getUmfang()*configurationItemFacade.findByName(\'std_stz\').getDefaultValue()/100','PDF-Generator Reda','8*AnzahlGesamtSeiten*Std_Satz/100 (100Seiten/Tag)',2),(5,'10*configurationItemFacade.findByName(\'std_stz\').getDefaultValue()','configurationItemFacade.findByName(\'std_stz\').getDefaultValue()','Pauschale 8std Prüfung, 2 Std Redaktion Abstimmung','10*Std_Satz',9),(6,'8*demandCategory.getAnzahlNeueArtikel()*demandCategory.getlKSchluesselFaktor()*demandCategory.getCorrectionSchluessel().getValue()*demandCategory.getProzess().getValuee()*configurationItemFacade.findByName(\'std_stz\').getDefaultValue()/90','8*demandCategory.getlKSchluesselFaktor()*demandCategory.getCorrectionSchluessel().getValue()*demandCategory.getProzess().getValuee()*configurationItemFacade.findByName(\'std_stz\').getDefaultValue()/90','Klassifizierung Neuheiten Information ','8*Anzahl_Artikel_Neu* LK_Schlüssel*Korrekturschlüssel*Prozessschlüssel*std_satz/90',13),(7,'3*configurationItemFacade.findByName(\'std_stz\').getDefaultValue()','configurationItemFacade.findByName(\'std_stz\').getDefaultValue()','Masterlisten Prüfung','3*Std_Satz',1),(8,'8*configurationItemFacade.findByName(\'std_stz\').getDefaultValue()','configurationItemFacade.findByName(\'std_stz\').getDefaultValue()','Testdaten bereitstellen','8*Std_Satz',1),(11,'demandCategory.getAnzahlGesamtArtikel()*0.3*configurationItemFacade.findByName(\'std_stz\').getDefaultValue()/60','0.3*configurationItemFacade.findByName(\'std_stz\').getDefaultValue()/60','Preis Artikel Reda-Online Pflege','0.3*AnzahlGesamtArtikel*Std_Satz/60 (0.3Min/Art)',3),(12,'16*configurationItemFacade.findByName(\'std_stz\').getDefaultValue()','configurationItemFacade.findByName(\'std_stz\').getDefaultValue()','Pauschale Online Pflege(2 Tage)','16*Std_Satz ',3),(13,'demandCategory.getUmfang()*8*configurationItemFacade.findByName(\'std_stz\').getDefaultValue()/70','8*configurationItemFacade.findByName(\'std_stz\').getDefaultValue()/70','PDF Generator Informatica ','8*AnzahlGesamtSeiten*Std_Satz/70 (70 Seiten/Tag)',4),(14,'0.5*demandCategory.getAnzahlLieferantNeu()*configurationItemFacade.findByName(\'std_stz\').getDefaultValue()','0.5*configurationItemFacade.findByName(\'std_stz\').getDefaultValue()','Lieferantenkorrektur Versand','0.5*AnzahlNeueLieferante*Std_Satz',5),(15,'0.25*(demandCategory.getAnzahlMitglieder())*(configurationItemFacade.findByName(\'std_stz\').getDefaultValue())','0.25*configurationItemFacade.findByName(\'std_stz\').getDefaultValue()','Mitgliederkorrektur Versand','0.25*AnzahlMitglieder*Std_Satz',5),(16,'(demandCategory.getAnzahlGesamtProdukt())*(demandCategory.getKatalogart().getValuee())*(demandCategory.getCorrectionSchluessel().getValue())*(configurationItemFacade.findByName(\'std_stz\').getDefaultValue()/10)','(demandCategory.getKatalogart().getValuee())*(demandCategory.getCorrectionSchluessel().getValue())*(configurationItemFacade.findByName(\'std_stz\').getDefaultValue()/10)','Redaktionelle Text Veredlung der Basis Text für Gesamt Produkte','AnzahlGesamtProdukt*KatalogartSchluessel*CorrectionSchluessel*Std_Satz/10',2),(17,'(demandCategory.getAnzahlNeueProdukt())*(demandCategory.getKatalogart().getValuee())*(demandCategory.getCorrectionSchluessel().getValue())*(configurationItemFacade.findByName(\'std_stz\').getDefaultValue()/5)','(demandCategory.getKatalogart().getValuee())*(demandCategory.getCorrectionSchluessel().getValue())*(configurationItemFacade.findByName(\'std_stz\').getDefaultValue()/5)','Redaktionelle Textveredlung der Basistext für neue Produkte ','AnzahlNeueProdukte*KatalogartSchluessel*CorrectionSchluessel*Std_Satz/10',2),(19,'(demandCategory.getAnzahlNeueProdukt())*(demandCategory.getKatalogart().getValuee())*(demandCategory.getCorrectionSchluessel().getValue())*(configurationItemFacade.findByName(\'std_stz\').getDefaultValue()/5)','(demandCategory.getKatalogart().getValuee())*(demandCategory.getCorrectionSchluessel().getValue())*(configurationItemFacade.findByName(\'std_stz\').getDefaultValue()/5)','Redaktionelle Textveredlung der Basistext neue Produkte','AnzahlNeueProdukte*KatalogartSchluessel*CorrectionSchluessel*Std_Satz/5',4),(20,'(demandCategory.getAnzahlGesamtProdukt())*(demandCategory.getKatalogart().getValuee())*(demandCategory.getCorrectionSchluessel().getValue())*(configurationItemFacade.findByName(\'std_stz\').getDefaultValue()/10)','(demandCategory.getKatalogart().getValuee())*(demandCategory.getCorrectionSchluessel().getValue())*(configurationItemFacade.findByName(\'std_stz\').getDefaultValue()/10)','Redaktionelle Textveredlung der Basistext Gesamtanzahl Produkte','AnzahlGesamtProdukt*KatalogartSchluessel*CorrectionSchluessel*Std_Satz/10',4),(21,'demandCategory.getAnzahlGesamtArtikel()*demandCategory.getlKSchluesselFaktor()*demandCategory.getCorrectionSchluessel().getValue()*configurationItemFacade.findByName(\'std_stz\').getDefaultValue()/10','demandCategory.getlKSchluesselFaktor()*demandCategory.getCorrectionSchluessel().getValue()*configurationItemFacade.findByName(\'std_stz\').getDefaultValue()/10','redaktionelle Korrektur inkl. Einarbeitung LK','(AnzahlGesamtArtikel*LK_Faktor*CorrectionSchluessel)/(10*AnzahlArtikelPerPageFaktor)',5),(22,'(demandCategory.getAnzahlGesamtArtikel()*configurationItemFacade.findByName(\'std_stz\').getDefaultValue())/30','(configurationItemFacade.findByName(\'std_stz\').getDefaultValue())/30','Korrekturlesen mit Kunden','AnzahlGesamtArtikel*Std_Satz/AnzahlArtikelPerPageFaktor*30',5),(23,'(demandCategory.getAnzahlGesamtArtikel()*demandCategory.getmKSchluesselFaktor()*demandCategory.getCorrectionSchluessel().getValue()*configurationItemFacade.findByName(\'std_stz\').getDefaultValue())/10','(demandCategory.getmKSchluesselFaktor()*demandCategory.getCorrectionSchluessel().getValue()*configurationItemFacade.findByName(\'std_stz\').getDefaultValue())/10','Redaktionelle Korrekturlesen inkl. MK','AnzahlGesamtArtikel*MK_Faktor*CorrectionSchluesse*Std_Satzl/(AnzahlArtikelPerPageFaktor*10)',5),(24,'(demandCategory.getAnzahlGesamtArtikel()*demandCategory.getlKSchluesselFaktor()*demandCategory.getCorrectionSchluessel().getValue()*configurationItemFacade.findByName(\'std_stz\').getDefaultValue())/15','(demandCategory.getlKSchluesselFaktor()*demandCategory.getCorrectionSchluessel().getValue()*configurationItemFacade.findByName(\'std_stz\').getDefaultValue())/15','Redaktionelle Korrekturlesen Digiphase','AnzahlGesamtArtikel*LK_Faktor*CorrectionSchluesse*Std_Satzl/(AnzahlArtikelPerPageFaktor*15)',5),(25,'(demandCategory.getAnzahlGesamtArtikel()*configurationItemFacade.findByName(\'std_stz\').getDefaultValue())/30','configurationItemFacade.findByName(\'std_stz\').getDefaultValue()/30','Großplott Prüfung','AnzahlGesamtArtikel*Std_Satz/(30*ArtikelperPageFaktor)',6),(26,'demandCategory.getAnzahlKapitetel ()*2.5*configurationItemFacade.findByName(\'std_stz\').getDefaultValue()','2.5*configurationItemFacade.findByName(\'std_stz\').getDefaultValue()','Preisprüfung aus Satz, KG-Nummer, etc','2.5*AnzahlKapitel*Std_Satz',6),(27,'demandCategory.getAnzahlGesamtProdukt ()*0.005*configurationItemFacade.findByName(\'std_stz\').getDefaultValue()','0.005*configurationItemFacade.findByName(\'std_stz\').getDefaultValue()','Erstellung IVZ/Synonympflege','0,005*AnzahlGesamtProdukt*Std_Satz',7),(28,'1.5*8*configurationItemFacade.findByName(\'std_stz\').getDefaultValue()','configurationItemFacade.findByName(\'std_stz\').getDefaultValue()','Pauschale ECC Publikationskonfigurator bei LL','1.5*8*Std_Satz',7),(29,'8*configurationItemFacade.findByName(\'std_stz\').getDefaultValue()','configurationItemFacade.findByName(\'std_stz\').getDefaultValue()','Pauschale Fotoshootings Teilnahme Redakteur (1 Tag)','8*Std_Satz',7),(30,'demandCategory.getUmfang()*configurationItemFacade.findByName(\'std_stz\').getDefaultValue()/19','configurationItemFacade.findByName(\'std_stz\').getDefaultValue()/19','Korrektorat (P. Mensch extern)','(AnzahlGesamtseiten*Std_Satz)/19',7),(31,'demandCategory.getAnzahlKapitetel()*configurationItemFacade.findByName(\'std_stz\').getDefaultValue()/2.5','configurationItemFacade.findByName(\'std_stz\').getDefaultValue()/2.5','Übersetzungsmanagement Marketingdaten','AnzahKapitel*STd_Satz/2,5',8),(32,'4*configurationItemFacade.findByName(\'std_stz\').getDefaultValue()','configurationItemFacade.findByName(\'std_stz\').getDefaultValue()/2.5','Pauschale Übersetzunsmanagement ','4*Std_Satz',8),(33,'0.25*demandCategory.getAnzahlNeueProdukt()*configurationItemFacade.findByName(\'std_stz\').getDefaultValue()/60','0.25*configurationItemFacade.findByName(\'std_stz\').getDefaultValue()/60','Datenbeschaffung pro Produkt Neuheit','0.25*AnzahlGesamtProdukte*Std_Satz/60',10),(34,'demandCategory.getAnzahlNeueArtikel()*configurationItemFacade.findByName(\'std_stz\').getDefaultValue()/200','configurationItemFacade.findByName(\'std_stz\').getDefaultValue()/200','Datenbeschaffung pro Artikel Neuheit','AnzahNeueArtikel*Std_Satz/200',10),(35,'0.5*demandCategory.getAnzahlLieferantNeu()*configurationItemFacade.findByName(\'std_stz\').getDefaultValue()','0.5*configurationItemFacade.findByName(\'std_stz\').getDefaultValue()','Datenbeschaffung pro Lieferanten Neuheit ','0.5*AnzahlNeueLieferanten*Std_Satz',10),(36,'4*configurationItemFacade.findByName(\'std_stz\').getDefaultValue()','configurationItemFacade.findByName(\'std_stz\').getDefaultValue()','Pauschale Preisbeschaffung (1/2 Tag)','4*std_Satz',11),(37,'0.5*demandCategory.getAnzahlLieferantNeu()*configurationItemFacade.findByName(\'std_stz\').getDefaultValue()','0.5*configurationItemFacade.findByName(\'std_stz\').getDefaultValue()','Preisbechaffung pro Lieferanten Neuheit ','0.5*AnzahlNeueLieferante*Std_Satz',11),(38,'demandCategory.getAnzahlLieferantGesamt()*configurationItemFacade.findByName(\'std_stz\').getDefaultValue()/6.25','configurationItemFacade.findByName(\'std_stz\').getDefaultValue()/6.25','Preisbeschaffung Lieferanten Gesamt (6,25 lf/std)','AnzahlLieferantGesamt*Std_Satz/6.25',11),(39,'4*configurationItemFacade.findByName(\'std_stz\').getDefaultValue()','configurationItemFacade.findByName(\'std_stz\').getDefaultValue()','Pauschale Preisprüfung (1/2 Tag)','4*STd_Satz',11),(40,'demandCategory.getAnzahlGesamtArtikel()*demandCategory.getCorrectionSchluessel().getValue()*configurationItemFacade.findByName(\'std_stz\').getDefaultValue()/200','demandCategory.getCorrectionSchluessel().getValue()*configurationItemFacade.findByName(\'std_stz\').getDefaultValue()/200','Stammdatenpflege (ASD, Modul)','AnzahlGesamtArtikel*KorrekturSchlüessel*Std_Satz/200',12),(41,'demandCategory.getAnzahlGesamtArtikel()*configurationItemFacade.findByName(\'std_stz\').getDefaultValue()/1000','configurationItemFacade.findByName(\'std_stz\').getDefaultValue()/1000','Übersetzungsmanagement Stammdaten (1000 Art/std)','AnzahlGesamtArtikel*std_Satz/1000',14),(42,'4.5*demandCategory.getAnzahlBeteiligten()*configurationItemFacade.findByName(\'std_stz\').getDefaultValue()','4.5*configurationItemFacade.findByName(\'std_stz\').getDefaultValue()','Abstimmungsgespräche','4.5*AnzahlBeteiligten*Std_Satz',27),(43,'demandCategory.getAnzahlBeteiligten()*demandCategory.getBearbeitungszeit()*configurationItemFacade.findByName(\'std_stz\').getDefaultValue()','demandCategory.getBearbeitungszeit()*configurationItemFacade.findByName(\'std_stz\').getDefaultValue()','Termin Überwachung: Festsatz/Laufzeit in Monaten / Stunde pro Monat (1h)  ','Bearbeitungszeit*Anzahl_Beteiligten*Szd_Satz',27),(44,'demandCategory.getAnzahlBeteiligten()*demandCategory.getBearbeitungszeit()*configurationItemFacade.findByName(\'std_stz\').getDefaultValue()/4','demandCategory.getBearbeitungszeit()*configurationItemFacade.findByName(\'std_stz\').getDefaultValue()/4','Budget Überwachung: Festsatz/Laufzeit in Monaten / Stunde pro Monat (15min)  ','AnzahlBeteiligten*Bearbeitungszeit*Std_Satz/4',27),(45,'0.25*demandCategory.getBearbeitungszeit()*configurationItemFacade.findByName(\'std_stz\').getDefaultValue()','0.25*configurationItemFacade.findByName(\'std_stz\').getDefaultValue()','Berichtswesen: Festsatz/Laufzeit in Monaten / Stunde pro Monat (0,25 h)  ','0.25*Bearbeitungszeit*Std_Satz',27),(46,'6*configurationItemFacade.findByName(\'std_stz\').getDefaultValue()','configurationItemFacade.findByName(\'std_stz\').getDefaultValue()','Pauschale Projektplanung = 6 std','6*Std_Satz',27),(47,'1.5*configurationItemFacade.findByName(\'std_stz\').getDefaultValue()','configurationItemFacade.findByName(\'std_stz\').getDefaultValue()','Pauschale Projektvorbereitung = 1,5 std','1.5*Std_Satz',27),(48,'','demandCategory.getKatalogart().getValuee()','Pauschale Kalkulation inkl. Prüfschleife und Abstimmung GF','12*std_Satz*KatalogartFakt*WechselfssungFaktor*AusgabeFaktor',28),(49,'','demandCategory.getAusgabe().getValuee()','Nachkalkulation zur Druckvergabe','',28),(50,'','demandCategory.getWechselfassungVariantFaktor().getValue()','Bestellformular inkl. Baukastenanhang erstellen und prüfen','',28),(51,'','','Planung inkl. Prüfschleifen und Freigaben','',28),(52,'','','Händlerabwicklung','',28),(53,'','demandCategory.getTeilnehmerZahl()','Präsentationserstellung','',28),(54,'','demandCategory.getTeilnehmerZahlPricing().getPrice()','Händlerabwicklung','',28),(55,'','','Dokumentation',NULL,28),(58,'','','Digitales Archiv',NULL,28),(59,'','','Druckformschreibung',NULL,28),(60,'','','Druckabnahme',NULL,28),(61,'','','Verarbeitungsüberwachung',NULL,28),(62,'','','Weiterberchnung (Vorbereitung und Durchführung)',NULL,28),(63,'(3*configurationItemFacade.findByName(\'std_stz\').getDefaultValue())','(3*configurationItemFacade.findByName(\'std_stz\').getDefaultValue())','Endabrechnung (Pauschal)',NULL,28),(64,'','','Erstellung und Auswertung von Befragungen (Pauschal)',NULL,28),(65,'8*demandCategory.getAnzahlNeueArtikel()*demandCategory.getlKSchluesselFaktor()*demandCategory.getCorrectionSchluessel().getValue()*demandCategory.getProzess().getValuee()*configurationItemFacade.findByName(\'std_stz\').getDefaultValue()/30','8*demandCategory.getlKSchluesselFaktor()*demandCategory.getCorrectionSchluessel().getValue()*demandCategory.getProzess().getValuee()*configurationItemFacade.findByName(\'std_stz\').getDefaultValue()/30','Basisdatenpflege Neuheiten Information','8*Anzahl_Artikel_Neu* LK_Schlüssel*Korrekturschlüssel*Prozessschlüssel*std_satz/30',13),(66,'8*demandCategory.getAnzahlBestandArtikel()*demandCategory.getCorrectionSchluessel().getValue()*demandCategory.getProzess().getValuee()*configurationItemFacade.findByName(\'std_stz\').getDefaultValue()/90','8*demandCategory.getCorrectionSchluessel().getValue()*demandCategory.getProzess().getValuee()*configurationItemFacade.findByName(\'std_stz\').getDefaultValue()/90','Basis Datenpflege Bestand Artikel','8*AzahlBestandArtikel*Korrektuschluessek*Prozessschluessel*Std_Satz/90',13);
/*!40000 ALTER TABLE `departementcriteriaitem` ENABLE KEYS */;
UNLOCK TABLES;

--
-- Table structure for table `farbigkeit`
--

DROP TABLE IF EXISTS `farbigkeit`;
/*!40101 SET @saved_cs_client     = @@character_set_client */;
/*!40101 SET character_set_client = utf8 */;
CREATE TABLE `farbigkeit` (
  `ID` varchar(255) NOT NULL,
  `DESCRIPTION` varchar(255) DEFAULT NULL,
  `PRICE` decimal(10,2) DEFAULT NULL,
  PRIMARY KEY (`ID`)
) ENGINE=InnoDB DEFAULT CHARSET=latin1;
/*!40101 SET character_set_client = @saved_cs_client */;

--
-- Dumping data for table `farbigkeit`
--

LOCK TABLES `farbigkeit` WRITE;
/*!40000 ALTER TABLE `farbigkeit` DISABLE KEYS */;
INSERT INTO `farbigkeit` VALUES ('1/1 -farbig',NULL,NULL),('2/2 -farbig',NULL,NULL),('3/3 -farbig',NULL,NULL),('4/4 c',NULL,NULL);
/*!40000 ALTER TABLE `farbigkeit` ENABLE KEYS */;
UNLOCK TABLES;

--
-- Table structure for table `formatauswaehlen`
--

DROP TABLE IF EXISTS `formatauswaehlen`;
/*!40101 SET @saved_cs_client     = @@character_set_client */;
/*!40101 SET character_set_client = utf8 */;
CREATE TABLE `formatauswaehlen` (
  `ID` varchar(255) NOT NULL,
  `DESCRIPTION` varchar(255) DEFAULT NULL,
  `PRICE` decimal(10,2) DEFAULT NULL,
  PRIMARY KEY (`ID`)
) ENGINE=InnoDB DEFAULT CHARSET=latin1;
/*!40101 SET character_set_client = @saved_cs_client */;

--
-- Dumping data for table `formatauswaehlen`
--

LOCK TABLES `formatauswaehlen` WRITE;
/*!40000 ALTER TABLE `formatauswaehlen` DISABLE KEYS */;
INSERT INTO `formatauswaehlen` VALUES ('A4',NULL,NULL),('A5',NULL,NULL),('A6',NULL,NULL),('E5PLUS',NULL,NULL),('F1926',NULL,NULL);
/*!40000 ALTER TABLE `formatauswaehlen` ENABLE KEYS */;
UNLOCK TABLES;

--
-- Table structure for table `katalogart`
--

DROP TABLE IF EXISTS `katalogart`;
/*!40101 SET @saved_cs_client     = @@character_set_client */;
/*!40101 SET character_set_client = utf8 */;
CREATE TABLE `katalogart` (
  `ID` bigint(20) NOT NULL,
  `NAME` varchar(255) DEFAULT NULL,
  `VALUEE` decimal(10,2) DEFAULT NULL,
  PRIMARY KEY (`ID`)
) ENGINE=InnoDB DEFAULT CHARSET=latin1;
/*!40101 SET character_set_client = @saved_cs_client */;

--
-- Dumping data for table `katalogart`
--

LOCK TABLES `katalogart` WRITE;
/*!40000 ALTER TABLE `katalogart` DISABLE KEYS */;
INSERT INTO `katalogart` VALUES (1,'Lagerliste',1.00),(2,'E/D/E Katalog',1.10),(3,'Individueller Katalog',1.15),(4,'Fremdsprachen Katalog',1.00),(51,'Preisliste',1.00);
/*!40000 ALTER TABLE `katalogart` ENABLE KEYS */;
UNLOCK TABLES;

--
-- Table structure for table `konzeptbearbeitungfaktor`
--

DROP TABLE IF EXISTS `konzeptbearbeitungfaktor`;
/*!40101 SET @saved_cs_client     = @@character_set_client */;
/*!40101 SET character_set_client = utf8 */;
CREATE TABLE `konzeptbearbeitungfaktor` (
  `ID` bigint(20) NOT NULL AUTO_INCREMENT,
  `EXPRESSION` varchar(255) DEFAULT '0',
  `WERT` decimal(10,2) DEFAULT NULL,
  PRIMARY KEY (`ID`)
) ENGINE=InnoDB AUTO_INCREMENT=3 DEFAULT CHARSET=latin1;
/*!40101 SET character_set_client = @saved_cs_client */;

--
-- Dumping data for table `konzeptbearbeitungfaktor`
--

LOCK TABLES `konzeptbearbeitungfaktor` WRITE;
/*!40000 ALTER TABLE `konzeptbearbeitungfaktor` DISABLE KEYS */;
INSERT INTO `konzeptbearbeitungfaktor` VALUES (1,'Ja',1.35),(2,'Nein',1.00);
/*!40000 ALTER TABLE `konzeptbearbeitungfaktor` ENABLE KEYS */;
UNLOCK TABLES;

--
-- Table structure for table `layout`
--

DROP TABLE IF EXISTS `layout`;
/*!40101 SET @saved_cs_client     = @@character_set_client */;
/*!40101 SET character_set_client = utf8 */;
CREATE TABLE `layout` (
  `ID` bigint(20) NOT NULL,
  `NAME` varchar(255) DEFAULT NULL,
  `VALUEE` decimal(10,2) DEFAULT NULL,
  PRIMARY KEY (`ID`)
) ENGINE=InnoDB DEFAULT CHARSET=latin1;
/*!40101 SET character_set_client = @saved_cs_client */;

--
-- Dumping data for table `layout`
--

LOCK TABLES `layout` WRITE;
/*!40000 ALTER TABLE `layout` DISABLE KEYS */;
INSERT INTO `layout` VALUES (1,'Einfach',1.00),(2,'Standard',1.10),(3,'Komplex',1.15),(52,'individuelles',1.70);
/*!40000 ALTER TABLE `layout` ENABLE KEYS */;
UNLOCK TABLES;

--
-- Table structure for table `layoutpricing`
--

DROP TABLE IF EXISTS `layoutpricing`;
/*!40101 SET @saved_cs_client     = @@character_set_client */;
/*!40101 SET character_set_client = utf8 */;
CREATE TABLE `layoutpricing` (
  `ID` bigint(20) NOT NULL,
  `PRICE` decimal(10,2) DEFAULT NULL,
  `DEPARTEMENTCRITERIAITEM_ID` bigint(20) DEFAULT NULL,
  `LAYOUT_ID` bigint(20) DEFAULT NULL,
  PRIMARY KEY (`ID`),
  KEY `FK_LAYOUTPRICING_DEPARTEMENTCRITERIAITEM_ID` (`DEPARTEMENTCRITERIAITEM_ID`),
  KEY `FK_LAYOUTPRICING_LAYOUT_ID` (`LAYOUT_ID`),
  CONSTRAINT `FK_LAYOUTPRICING_DEPARTEMENTCRITERIAITEM_ID` FOREIGN KEY (`DEPARTEMENTCRITERIAITEM_ID`) REFERENCES `departementcriteriaitem` (`ID`),
  CONSTRAINT `FK_LAYOUTPRICING_LAYOUT_ID` FOREIGN KEY (`LAYOUT_ID`) REFERENCES `layout` (`ID`)
) ENGINE=InnoDB DEFAULT CHARSET=latin1;
/*!40101 SET character_set_client = @saved_cs_client */;

--
-- Dumping data for table `layoutpricing`
--

LOCK TABLES `layoutpricing` WRITE;
/*!40000 ALTER TABLE `layoutpricing` DISABLE KEYS */;
/*!40000 ALTER TABLE `layoutpricing` ENABLE KEYS */;
UNLOCK TABLES;

--
-- Table structure for table `mitgliederkorrekturfaktor`
--

DROP TABLE IF EXISTS `mitgliederkorrekturfaktor`;
/*!40101 SET @saved_cs_client     = @@character_set_client */;
/*!40101 SET character_set_client = utf8 */;
CREATE TABLE `mitgliederkorrekturfaktor` (
  `ID` bigint(20) NOT NULL AUTO_INCREMENT,
  `EXPRESSION` varchar(255) DEFAULT '0',
  `WERT` decimal(10,2) DEFAULT NULL,
  PRIMARY KEY (`ID`)
) ENGINE=InnoDB AUTO_INCREMENT=4 DEFAULT CHARSET=latin1;
/*!40101 SET character_set_client = @saved_cs_client */;

--
-- Dumping data for table `mitgliederkorrekturfaktor`
--

LOCK TABLES `mitgliederkorrekturfaktor` WRITE;
/*!40000 ALTER TABLE `mitgliederkorrekturfaktor` DISABLE KEYS */;
INSERT INTO `mitgliederkorrekturfaktor` VALUES (2,'Ja',1.05),(3,'Nein',1.00);
/*!40000 ALTER TABLE `mitgliederkorrekturfaktor` ENABLE KEYS */;
UNLOCK TABLES;

--
-- Table structure for table `papiermaterialauswaehlen`
--

DROP TABLE IF EXISTS `papiermaterialauswaehlen`;
/*!40101 SET @saved_cs_client     = @@character_set_client */;
/*!40101 SET character_set_client = utf8 */;
CREATE TABLE `papiermaterialauswaehlen` (
  `ID` varchar(255) NOT NULL,
  `DESCRIPTION` varchar(255) DEFAULT NULL,
  `PRICE` decimal(10,2) DEFAULT NULL,
  PRIMARY KEY (`ID`)
) ENGINE=InnoDB DEFAULT CHARSET=latin1;
/*!40101 SET character_set_client = @saved_cs_client */;

--
-- Dumping data for table `papiermaterialauswaehlen`
--

LOCK TABLES `papiermaterialauswaehlen` WRITE;
/*!40000 ALTER TABLE `papiermaterialauswaehlen` DISABLE KEYS */;
INSERT INTO `papiermaterialauswaehlen` VALUES ('65 g/qm',NULL,NULL),('70 g/qm',NULL,NULL),('80 g/qm',NULL,NULL),('85 g/qm',NULL,NULL);
/*!40000 ALTER TABLE `papiermaterialauswaehlen` ENABLE KEYS */;
UNLOCK TABLES;

--
-- Table structure for table `participantfaktor`
--

DROP TABLE IF EXISTS `participantfaktor`;
/*!40101 SET @saved_cs_client     = @@character_set_client */;
/*!40101 SET character_set_client = utf8 */;
CREATE TABLE `participantfaktor` (
  `ID` bigint(20) NOT NULL AUTO_INCREMENT,
  `PERCENT` int(11) DEFAULT NULL,
  `WERT` decimal(10,2) DEFAULT NULL,
  PRIMARY KEY (`ID`)
) ENGINE=InnoDB AUTO_INCREMENT=4 DEFAULT CHARSET=latin1;
/*!40101 SET character_set_client = @saved_cs_client */;

--
-- Dumping data for table `participantfaktor`
--

LOCK TABLES `participantfaktor` WRITE;
/*!40000 ALTER TABLE `participantfaktor` DISABLE KEYS */;
INSERT INTO `participantfaktor` VALUES (1,20,1.00),(2,21,1.00),(3,36,1.00);
/*!40000 ALTER TABLE `participantfaktor` ENABLE KEYS */;
UNLOCK TABLES;

--
-- Table structure for table `product`
--

DROP TABLE IF EXISTS `product`;
/*!40101 SET @saved_cs_client     = @@character_set_client */;
/*!40101 SET character_set_client = utf8 */;
CREATE TABLE `product` (
  `ID` bigint(20) NOT NULL AUTO_INCREMENT,
  `DESCRIPTION` varchar(255) DEFAULT NULL,
  `LABEL` varchar(255) DEFAULT NULL,
  `CATEGORY_ID` bigint(20) DEFAULT NULL,
  PRIMARY KEY (`ID`),
  KEY `FK_PRODUCT_CATEGORY_ID` (`CATEGORY_ID`),
  CONSTRAINT `FK_PRODUCT_CATEGORY_ID` FOREIGN KEY (`CATEGORY_ID`) REFERENCES `category` (`ID`)
) ENGINE=InnoDB AUTO_INCREMENT=8 DEFAULT CHARSET=latin1;
/*!40101 SET character_set_client = @saved_cs_client */;

--
-- Dumping data for table `product`
--

LOCK TABLES `product` WRITE;
/*!40000 ALTER TABLE `product` DISABLE KEYS */;
INSERT INTO `product` VALUES (1,NULL,'Premium EWZ',1),(2,NULL,'Fortis WZ',1),(3,NULL,'Industrietechnik',1),(4,NULL,'Baugerät',1),(5,NULL,'LL Gartentechnik',1),(6,NULL,'Plus1 Nachdruck',1),(7,'','Haustechnik 2017',1);
/*!40000 ALTER TABLE `product` ENABLE KEYS */;
UNLOCK TABLES;

--
-- Table structure for table `prozess`
--

DROP TABLE IF EXISTS `prozess`;
/*!40101 SET @saved_cs_client     = @@character_set_client */;
/*!40101 SET character_set_client = utf8 */;
CREATE TABLE `prozess` (
  `ID` bigint(20) NOT NULL,
  `NAME` varchar(255) DEFAULT NULL,
  `VALUEE` decimal(10,2) DEFAULT NULL,
  PRIMARY KEY (`ID`)
) ENGINE=InnoDB DEFAULT CHARSET=latin1;
/*!40101 SET character_set_client = @saved_cs_client */;

--
-- Dumping data for table `prozess`
--

LOCK TABLES `prozess` WRITE;
/*!40000 ALTER TABLE `prozess` DISABLE KEYS */;
INSERT INTO `prozess` VALUES (5,'Proz.Neu / Tech.Alt',1.20),(6,'Prozess.Neu / Tech.Neu',1.00);
/*!40000 ALTER TABLE `prozess` ENABLE KEYS */;
UNLOCK TABLES;

--
-- Table structure for table `register`
--

DROP TABLE IF EXISTS `register`;
/*!40101 SET @saved_cs_client     = @@character_set_client */;
/*!40101 SET character_set_client = utf8 */;
CREATE TABLE `register` (
  `ID` bigint(20) NOT NULL,
  `EXPRESSION` varchar(255) DEFAULT '0',
  `PRICE` decimal(10,2) DEFAULT NULL,
  PRIMARY KEY (`ID`)
) ENGINE=InnoDB DEFAULT CHARSET=latin1;
/*!40101 SET character_set_client = @saved_cs_client */;

--
-- Dumping data for table `register`
--

LOCK TABLES `register` WRITE;
/*!40000 ALTER TABLE `register` DISABLE KEYS */;
INSERT INTO `register` VALUES (51,'Falls Register ausgewählt= 1 Euro*Auflage',1.00);
/*!40000 ALTER TABLE `register` ENABLE KEYS */;
UNLOCK TABLES;

--
-- Table structure for table `schluessel`
--

DROP TABLE IF EXISTS `schluessel`;
/*!40101 SET @saved_cs_client     = @@character_set_client */;
/*!40101 SET character_set_client = utf8 */;
CREATE TABLE `schluessel` (
  `ID` bigint(20) NOT NULL AUTO_INCREMENT,
  `DESCRIPTION` varchar(255) DEFAULT NULL,
  `LABEL` varchar(255) DEFAULT NULL,
  `WERT` decimal(10,2) DEFAULT NULL,
  `SCHLUESSELTYPE_ID` bigint(20) DEFAULT NULL,
  PRIMARY KEY (`ID`),
  KEY `FK_SCHLUESSEL_SCHLUESSELTYPE_ID` (`SCHLUESSELTYPE_ID`),
  CONSTRAINT `FK_SCHLUESSEL_SCHLUESSELTYPE_ID` FOREIGN KEY (`SCHLUESSELTYPE_ID`) REFERENCES `schluesseltype` (`ID`)
) ENGINE=InnoDB AUTO_INCREMENT=17 DEFAULT CHARSET=latin1;
/*!40101 SET character_set_client = @saved_cs_client */;

--
-- Dumping data for table `schluessel`
--

LOCK TABLES `schluessel` WRITE;
/*!40000 ALTER TABLE `schluessel` DISABLE KEYS */;
INSERT INTO `schluessel` VALUES (1,'Hier soll BIld oder Beschreibung','Einfach',1.00,2),(2,'Hier soll BIld oder Beschreibung','Standard',1.00,2),(3,'Hier soll BIld oder Beschreibung','Komplex',1.00,2),(4,'Hier soll BIld oder Beschreibung','Erstausgabe',1.00,1),(5,'Hier soll BIld oder Beschreibung','Folgeausgabe',0.00,1),(6,'Hier soll BIld oder Beschreibung','Lagerliste',1.00,3),(7,'Hier soll BIld oder Beschreibung','E/D/E Katalog',1.00,3),(8,'Hier soll BIld oder Beschreibung','Individueller Katalog',1.00,3),(9,'Hier soll BIld oder Beschreibung','Fremdsprachen-Katalog',1.00,3),(10,NULL,'Proz.neu / Tech. Alt',1.00,4),(11,NULL,'Proz.neu / Tech.Neu',1.00,4),(12,NULL,'Datenmanagemnt',56.00,5),(13,NULL,'Contentmanagement',56.00,5),(14,NULL,'Assetmanagement',56.00,5),(15,NULL,'Allgemein',56.00,5),(16,'rettest','',1.00,6);
/*!40000 ALTER TABLE `schluessel` ENABLE KEYS */;
UNLOCK TABLES;

--
-- Table structure for table `schluesseltype`
--

DROP TABLE IF EXISTS `schluesseltype`;
/*!40101 SET @saved_cs_client     = @@character_set_client */;
/*!40101 SET character_set_client = utf8 */;
CREATE TABLE `schluesseltype` (
  `ID` bigint(20) NOT NULL AUTO_INCREMENT,
  `NAME` varchar(255) DEFAULT NULL,
  PRIMARY KEY (`ID`)
) ENGINE=InnoDB AUTO_INCREMENT=7 DEFAULT CHARSET=latin1;
/*!40101 SET character_set_client = @saved_cs_client */;

--
-- Dumping data for table `schluesseltype`
--

LOCK TABLES `schluesseltype` WRITE;
/*!40000 ALTER TABLE `schluesseltype` DISABLE KEYS */;
INSERT INTO `schluesseltype` VALUES (1,'Ausgabe'),(2,'Layout'),(3,'Katalogart'),(4,'Prozess/Technik'),(5,'Kostenschlüssel'),(6,'taoufik_key');
/*!40000 ALTER TABLE `schluesseltype` ENABLE KEYS */;
UNLOCK TABLES;

--
-- Table structure for table `seiten`
--

DROP TABLE IF EXISTS `seiten`;
/*!40101 SET @saved_cs_client     = @@character_set_client */;
/*!40101 SET character_set_client = utf8 */;
CREATE TABLE `seiten` (
  `ID` bigint(20) NOT NULL AUTO_INCREMENT,
  `NBREPAGE` int(11) DEFAULT NULL,
  PRIMARY KEY (`ID`)
) ENGINE=InnoDB AUTO_INCREMENT=120 DEFAULT CHARSET=latin1;
/*!40101 SET character_set_client = @saved_cs_client */;

--
-- Dumping data for table `seiten`
--

LOCK TABLES `seiten` WRITE;
/*!40000 ALTER TABLE `seiten` DISABLE KEYS */;
INSERT INTO `seiten` VALUES (78,1),(79,2),(80,4),(81,8),(82,16),(83,24),(84,32),(85,64),(86,80),(87,100),(88,148),(89,200),(90,244),(91,300),(92,324),(93,400),(94,452),(95,500),(96,548),(97,600),(98,644),(99,700),(100,752),(101,800),(102,852),(103,900),(104,964),(105,1000),(106,1056),(107,1104),(108,1152),(109,1200),(110,1264),(111,1312),(112,1360),(113,1408),(114,1472),(115,1504),(116,1568),(117,1600),(118,1680),(119,1760);
/*!40000 ALTER TABLE `seiten` ENABLE KEYS */;
UNLOCK TABLES;

--
-- Table structure for table `sequence`
--

DROP TABLE IF EXISTS `sequence`;
/*!40101 SET @saved_cs_client     = @@character_set_client */;
/*!40101 SET character_set_client = utf8 */;
CREATE TABLE `sequence` (
  `SEQ_NAME` varchar(50) NOT NULL,
  `SEQ_COUNT` decimal(38,0) DEFAULT NULL,
  PRIMARY KEY (`SEQ_NAME`)
) ENGINE=InnoDB DEFAULT CHARSET=latin1;
/*!40101 SET character_set_client = @saved_cs_client */;

--
-- Dumping data for table `sequence`
--

LOCK TABLES `sequence` WRITE;
/*!40000 ALTER TABLE `sequence` DISABLE KEYS */;
INSERT INTO `sequence` VALUES ('SEQ_GEN',100);
/*!40000 ALTER TABLE `sequence` ENABLE KEYS */;
UNLOCK TABLES;

--
-- Table structure for table `sortiment`
--

DROP TABLE IF EXISTS `sortiment`;
/*!40101 SET @saved_cs_client     = @@character_set_client */;
/*!40101 SET character_set_client = utf8 */;
CREATE TABLE `sortiment` (
  `ID` bigint(20) NOT NULL AUTO_INCREMENT,
  `ARTIKELPERPAGE` decimal(10,2) DEFAULT NULL,
  `LKSCHLUESSEL` decimal(10,2) DEFAULT NULL,
  `MKSCHLUESSEL` decimal(10,2) DEFAULT NULL,
  `NAME` varchar(255) DEFAULT NULL,
  `PRODUCTSCHLUESSEL` decimal(10,2) DEFAULT NULL,
  PRIMARY KEY (`ID`)
) ENGINE=InnoDB AUTO_INCREMENT=18 DEFAULT CHARSET=latin1;
/*!40101 SET character_set_client = @saved_cs_client */;

--
-- Dumping data for table `sortiment`
--

LOCK TABLES `sortiment` WRITE;
/*!40000 ALTER TABLE `sortiment` DISABLE KEYS */;
INSERT INTO `sortiment` VALUES (1,15.80,1.10,1.05,'Arbeitsschutz',4.70),(2,16.10,1.00,1.00,'Baubeschläge',4.80),(3,8.40,1.00,1.00,'Baugeräte',2.50),(4,26.90,1.00,1.00,'Befestigungstechnik',8.00),(5,12.10,1.10,1.05,'Betriebseinrichtungen',3.60),(6,5.38,1.15,1.08,'Elektrowerkzeuge',1.60),(7,5.70,1.00,1.00,'Gartentechnik',2.00),(8,11.10,1.00,1.01,'Handwerkzeuge',3.30),(9,6.10,1.00,1.00,'Haustechnik/Innendeko/Elektroinstallation',1.80),(10,17.50,1.00,1.00,'Industrietechnik',5.20),(11,9.10,1.00,1.00,'Möbelbeschläge',2.70),(12,10.00,1.05,1.03,'Präzisionswerkzeuge',7.60),(13,9.10,1.08,1.04,'Schweißtechnik',2.70),(14,12.40,1.00,1.00,'Verpackungen',3.70),(15,5.70,1.05,1.05,'Werkstattmaterial',1.70),(16,11.10,1.03,1.01,'Werkzeuge Holzbearbeitung',3.30),(17,11.10,1.03,1.01,'Werkzeuge Metallbearbeitung',3.30);
/*!40000 ALTER TABLE `sortiment` ENABLE KEYS */;
UNLOCK TABLES;

--
-- Table structure for table `sotimentitem`
--

DROP TABLE IF EXISTS `sotimentitem`;
/*!40101 SET @saved_cs_client     = @@character_set_client */;
/*!40101 SET character_set_client = utf8 */;
CREATE TABLE `sotimentitem` (
  `ID` bigint(20) NOT NULL AUTO_INCREMENT,
  `WERT` decimal(10,2) DEFAULT NULL,
  `DEMANDCATEGORY_ID` bigint(20) DEFAULT NULL,
  `SORTIMENT_ID` bigint(20) DEFAULT NULL,
  PRIMARY KEY (`ID`),
  KEY `FK_SOTIMENTITEM_SORTIMENT_ID` (`SORTIMENT_ID`),
  KEY `FK_SOTIMENTITEM_DEMANDCATEGORY_ID` (`DEMANDCATEGORY_ID`),
  CONSTRAINT `FK_SOTIMENTITEM_DEMANDCATEGORY_ID` FOREIGN KEY (`DEMANDCATEGORY_ID`) REFERENCES `demandcategory` (`ID`),
  CONSTRAINT `FK_SOTIMENTITEM_SORTIMENT_ID` FOREIGN KEY (`SORTIMENT_ID`) REFERENCES `sortiment` (`ID`)
) ENGINE=InnoDB AUTO_INCREMENT=158 DEFAULT CHARSET=latin1;
/*!40101 SET character_set_client = @saved_cs_client */;

--
-- Dumping data for table `sotimentitem`
--

LOCK TABLES `sotimentitem` WRITE;
/*!40000 ALTER TABLE `sotimentitem` DISABLE KEYS */;
INSERT INTO `sotimentitem` VALUES (47,10.00,24,1),(48,90.00,24,3),(49,100.00,26,3),(50,100.00,27,2),(52,100.00,29,1),(53,100.00,30,1),(55,100.00,32,1),(56,100.00,33,1),(57,100.00,34,1),(58,100.00,35,1),(59,100.00,36,3),(60,100.00,37,3),(61,100.00,38,3),(62,100.00,39,4),(64,100.00,41,2),(65,100.00,42,7),(66,100.00,43,9),(67,100.00,44,9),(68,100.00,45,3),(69,100.00,46,6),(70,100.00,47,6),(71,100.00,48,6),(72,100.00,49,4),(73,100.00,50,4),(74,100.00,51,5),(75,10.00,52,6),(76,90.00,52,5),(77,100.00,53,3),(81,100.00,57,2),(82,100.00,58,4),(83,100.00,59,3),(84,100.00,60,4),(85,100.00,61,10),(86,100.00,62,4),(87,100.00,63,6),(89,100.00,65,6),(90,100.00,66,6),(93,100.00,69,6),(95,100.00,71,3),(96,100.00,72,3),(97,100.00,73,3),(100,100.00,76,5),(101,100.00,77,5),(102,100.00,78,5),(103,100.00,79,5),(104,100.00,80,5),(105,100.00,81,5),(115,100.00,91,3),(116,100.00,92,4),(117,90.00,93,5),(118,10.00,93,4),(119,100.00,94,5),(121,100.00,96,5),(122,40.00,97,5),(123,60.00,97,4),(124,100.00,98,6),(125,100.00,99,4),(126,100.00,100,5),(127,100.00,101,5),(128,100.00,102,5),(129,100.00,103,9),(130,100.00,104,9),(132,100.00,106,9),(133,100.00,107,9),(138,100.00,112,9),(139,100.00,113,1),(140,100.00,114,1),(141,100.00,115,2),(142,100.00,116,4),(143,100.00,117,4),(144,100.00,118,4),(145,100.00,119,4),(146,100.00,120,4),(147,100.00,121,3),(149,100.00,123,5),(150,100.00,124,5),(155,100.00,129,9),(156,100.00,130,2),(157,100.00,131,5);
/*!40000 ALTER TABLE `sotimentitem` ENABLE KEYS */;
UNLOCK TABLES;

--
-- Table structure for table `teilnehmerzahlpricing`
--

DROP TABLE IF EXISTS `teilnehmerzahlpricing`;
/*!40101 SET @saved_cs_client     = @@character_set_client */;
/*!40101 SET character_set_client = utf8 */;
CREATE TABLE `teilnehmerzahlpricing` (
  `ID` bigint(20) NOT NULL AUTO_INCREMENT,
  `PRICE` decimal(10,2) DEFAULT NULL,
  `TEILNEHMERZAHLMIN` varchar(255) DEFAULT NULL,
  `TEILNEHMERZAHLMINOPERATOR` varchar(255) DEFAULT NULL,
  `TEILNEHMERZAHLMAX` varchar(255) DEFAULT NULL,
  `TEILNEHMERZAHLMAXOPERATOR` varchar(255) DEFAULT NULL,
  PRIMARY KEY (`ID`)
) ENGINE=InnoDB AUTO_INCREMENT=4 DEFAULT CHARSET=utf8;
/*!40101 SET character_set_client = @saved_cs_client */;

--
-- Dumping data for table `teilnehmerzahlpricing`
--

LOCK TABLES `teilnehmerzahlpricing` WRITE;
/*!40000 ALTER TABLE `teilnehmerzahlpricing` DISABLE KEYS */;
INSERT INTO `teilnehmerzahlpricing` VALUES (1,1.00,'0','>=','20','<='),(2,1.20,'20','>','35','<='),(3,1.35,'35','>','100000','<=');
/*!40000 ALTER TABLE `teilnehmerzahlpricing` ENABLE KEYS */;
UNLOCK TABLES;

--
-- Table structure for table `umschlagfarbigkeit`
--

DROP TABLE IF EXISTS `umschlagfarbigkeit`;
/*!40101 SET @saved_cs_client     = @@character_set_client */;
/*!40101 SET character_set_client = utf8 */;
CREATE TABLE `umschlagfarbigkeit` (
  `ID` bigint(20) NOT NULL AUTO_INCREMENT,
  `DESCRIPTION` varchar(255) DEFAULT NULL,
  `LABEL` varchar(255) DEFAULT NULL,
  `PRICE` decimal(10,2) DEFAULT NULL,
  PRIMARY KEY (`ID`)
) ENGINE=InnoDB AUTO_INCREMENT=12 DEFAULT CHARSET=latin1;
/*!40101 SET character_set_client = @saved_cs_client */;

--
-- Dumping data for table `umschlagfarbigkeit`
--

LOCK TABLES `umschlagfarbigkeit` WRITE;
/*!40000 ALTER TABLE `umschlagfarbigkeit` DISABLE KEYS */;
INSERT INTO `umschlagfarbigkeit` VALUES (1,NULL,'1/0-fbg. Skala',92.03),(2,NULL,'1/0-Sonderfarbe',92.03),(3,NULL,'2/0-fbg. Skala',168.72),(4,NULL,'2/0-fbg. Skala+1 Sonderfarbe',168.72),(5,NULL,'3/0-fbg. Skala',245.41),(6,NULL,'3/0-fbg. Skala+1 Sonderfarbe',245.41),(7,NULL,'4/0-fbg. Skala',322.10),(8,NULL,'4/1-fbg. Skala',414.13),(9,NULL,'4/2-fbg. Skala',490.82),(10,NULL,'5/0-fbg. Skala+1 Sonderfarbe',398.79),(11,NULL,'6/0-fbg. Skala+2 Sonderfarbe',475.48);
/*!40000 ALTER TABLE `umschlagfarbigkeit` ENABLE KEYS */;
UNLOCK TABLES;

--
-- Table structure for table `umschlagpapierauswaehlen`
--

DROP TABLE IF EXISTS `umschlagpapierauswaehlen`;
/*!40101 SET @saved_cs_client     = @@character_set_client */;
/*!40101 SET character_set_client = utf8 */;
CREATE TABLE `umschlagpapierauswaehlen` (
  `ID` varchar(255) NOT NULL,
  `DESCRIPTION` varchar(255) DEFAULT NULL,
  `PRICE` decimal(10,2) DEFAULT NULL,
  PRIMARY KEY (`ID`)
) ENGINE=InnoDB DEFAULT CHARSET=latin1;
/*!40101 SET character_set_client = @saved_cs_client */;

--
-- Dumping data for table `umschlagpapierauswaehlen`
--

LOCK TABLES `umschlagpapierauswaehlen` WRITE;
/*!40000 ALTER TABLE `umschlagpapierauswaehlen` DISABLE KEYS */;
/*!40000 ALTER TABLE `umschlagpapierauswaehlen` ENABLE KEYS */;
UNLOCK TABLES;

--
-- Table structure for table `user`
--

DROP TABLE IF EXISTS `user`;
/*!40101 SET @saved_cs_client     = @@character_set_client */;
/*!40101 SET character_set_client = utf8 */;
CREATE TABLE `user` (
  `LOGIN` varchar(255) NOT NULL,
  `ADMIN` int(11) DEFAULT NULL,
  `BLOCKED` int(11) DEFAULT NULL,
  `EMAIL` varchar(255) DEFAULT NULL,
  `MDPCHANGED` tinyint(1) DEFAULT '0',
  `NBRCNX` int(11) DEFAULT NULL,
  `NOM` varchar(255) DEFAULT NULL,
  `PASSWORD` varchar(255) DEFAULT NULL,
  `PRENOM` varchar(255) DEFAULT NULL,
  `TEL` varchar(255) DEFAULT NULL,
  `DEPARTEMENT_ID` bigint(20) DEFAULT NULL,
  PRIMARY KEY (`LOGIN`),
  KEY `FK_USER_DEPARTEMENT_ID` (`DEPARTEMENT_ID`),
  CONSTRAINT `FK_USER_DEPARTEMENT_ID` FOREIGN KEY (`DEPARTEMENT_ID`) REFERENCES `departement` (`ID`)
) ENGINE=InnoDB DEFAULT CHARSET=latin1;
/*!40101 SET character_set_client = @saved_cs_client */;

--
-- Dumping data for table `user`
--

LOCK TABLES `user` WRITE;
/*!40000 ALTER TABLE `user` DISABLE KEYS */;
INSERT INTO `user` VALUES ('admin',1,0,'admin@ede.de',1,0,'Admin','8c6976e5b5410415bde908bd4dee15dfb167a9c873fc4bb8a81f6f2ab448a918','Admin','012345',NULL),('ana',0,0,'ana',1,0,'ana','b6d4a89ccde3fb8fc69865ac105801287867cf735adf0b8bbca86ee9186f7b64','ana','00000',1),('anas',0,0,'user@gmail.com',1,0,'anas','c157889e0fd5d7fc0d9a8d951fd64604ebeeb441de6519433dd8f931493dd5da','anas','06',1),('assetmanagement',0,0,'',1,0,'assetmanagement','5994471abb01112afcc18159f6cc74b4f511b99806da59b3caf5a9c173cacfc5','','',5),('CM_user',0,0,'CM_user@ede.de',1,0,'CM_user','5994471abb01112afcc18159f6cc74b4f511b99806da59b3caf5a9c173cacfc5','CM_user','01234567',1),('contentmanagement_user',0,0,'xy@ede.de',1,0,'x','5994471abb01112afcc18159f6cc74b4f511b99806da59b3caf5a9c173cacfc5','y','012356',1),('datamanagement',0,0,'',1,0,'user','03ac674216f3e15c761ee1a5e255f067953623c8b388b4459e13f978d7c846f4','','',2),('dmd',0,0,'',1,2,'dm','03ac674216f3e15c761ee1a5e255f067953623c8b388b4459e13f978d7c846f4','','',2),('DTP_user',0,0,'DTP_user@ede.de',1,0,'DTP_user','5994471abb01112afcc18159f6cc74b4f511b99806da59b3caf5a9c173cacfc5','','01234567',3),('kiki',1,0,'kiki',1,0,'kiki','888da5db853449fff82b07cbdbf7c755ece0783aa670bb36cc5c4cc9a68fb864','kiki','kiki',NULL),('mediIT',0,0,'mediIT@ede.de',1,0,'','5994471abb01112afcc18159f6cc74b4f511b99806da59b3caf5a9c173cacfc5','','',6),('pm',0,0,'pm@ede.de',1,0,'pm','5994471abb01112afcc18159f6cc74b4f511b99806da59b3caf5a9c173cacfc5','pm','123456',4),('walo',1,0,'walo',1,0,'walo','41d119f6079d09b46a5c950a03b455c99ec6c9b6f1726401a52c85d0b17d4b54','walo','00000',NULL),('younes',1,0,'younes@gmail.com',1,0,'zouani','a665a45920422f9d417e4867efdc4fb8a04a1f3fff1fa07e998e86f7f7a27ae3','younes','06',1);
/*!40000 ALTER TABLE `user` ENABLE KEYS */;
UNLOCK TABLES;

--
-- Table structure for table `veredlung`
--

DROP TABLE IF EXISTS `veredlung`;
/*!40101 SET @saved_cs_client     = @@character_set_client */;
/*!40101 SET character_set_client = utf8 */;
CREATE TABLE `veredlung` (
  `ID` varchar(255) NOT NULL,
  `DESCRIPTION` varchar(255) DEFAULT NULL,
  `PRICE` decimal(10,2) DEFAULT NULL,
  PRIMARY KEY (`ID`)
) ENGINE=InnoDB DEFAULT CHARSET=latin1;
/*!40101 SET character_set_client = @saved_cs_client */;

--
-- Dumping data for table `veredlung`
--

LOCK TABLES `veredlung` WRITE;
/*!40000 ALTER TABLE `veredlung` DISABLE KEYS */;
/*!40000 ALTER TABLE `veredlung` ENABLE KEYS */;
UNLOCK TABLES;

--
-- Table structure for table `wechselfassungvariantfaktor`
--

DROP TABLE IF EXISTS `wechselfassungvariantfaktor`;
/*!40101 SET @saved_cs_client     = @@character_set_client */;
/*!40101 SET character_set_client = utf8 */;
CREATE TABLE `wechselfassungvariantfaktor` (
  `ID` bigint(20) NOT NULL AUTO_INCREMENT,
  `EXPRESSION` varchar(255) DEFAULT '0',
  `VALUE` decimal(10,2) DEFAULT NULL,
  PRIMARY KEY (`ID`)
) ENGINE=InnoDB AUTO_INCREMENT=3 DEFAULT CHARSET=latin1;
/*!40101 SET character_set_client = @saved_cs_client */;

--
-- Dumping data for table `wechselfassungvariantfaktor`
--

LOCK TABLES `wechselfassungvariantfaktor` WRITE;
/*!40000 ALTER TABLE `wechselfassungvariantfaktor` DISABLE KEYS */;
INSERT INTO `wechselfassungvariantfaktor` VALUES (1,'Ja',1.20),(2,'Nein',1.00);
/*!40000 ALTER TABLE `wechselfassungvariantfaktor` ENABLE KEYS */;
UNLOCK TABLES;
/*!40103 SET TIME_ZONE=@OLD_TIME_ZONE */;

/*!40101 SET SQL_MODE=@OLD_SQL_MODE */;
/*!40014 SET FOREIGN_KEY_CHECKS=@OLD_FOREIGN_KEY_CHECKS */;
/*!40014 SET UNIQUE_CHECKS=@OLD_UNIQUE_CHECKS */;
/*!40101 SET CHARACTER_SET_CLIENT=@OLD_CHARACTER_SET_CLIENT */;
/*!40101 SET CHARACTER_SET_RESULTS=@OLD_CHARACTER_SET_RESULTS */;
/*!40101 SET COLLATION_CONNECTION=@OLD_COLLATION_CONNECTION */;
/*!40111 SET SQL_NOTES=@OLD_SQL_NOTES */;

-- Dump completed on 2017-07-30 20:26:34
